date,startup,vertical,subvertical,investors,round,amount,startup_clean,investor_clean,round_clean,city_clean,is_cross_border
2020-01-09,byjus,E-Tech,E-learning,Tiger Global Management,Private Equity Round,1913.4,byjus,['tiger global management'],private equity round,bengaluru,False
2020-01-13,shuttl,Transportation,App based shuttle service,Susquehanna Growth Equity,Series C,77.0,shuttl,['susquehanna growth equity'],series c,gurgaon,False
2020-01-09,mamaearth,E-commerce,Retailer of baby and toddler products,Sequoia Capital India,Series B,175.64,mamaearth,['sequoia capital india'],series b,bengaluru,False
2020-01-02,wealthbucket,FinTech,Online Investment,Vinod Khatumal,Pre-series A,28.7,wealthbucket,['vinod khatumal'],pre-series a,new delhi,False
2020-01-02,fashor,Fashion and Apparel,Embroiled Clothes For Women,Sprout Venture Partners,Seed Round,17.22,fashor,['sprout venture partners'],seed round,mumbai,False
2020-01-13,pando,Logistics,"Open-market, freight management platform",Chiratae Ventures,Series A,86.1,pando,['chiratae ventures'],series a,chennai,False
2020-01-10,zomato,Hospitality,Online Food Delivery Platform,Ant Financial,Private Equity Round,1435.05,zomato,['ant financial'],private equity round,gurgaon,False
2019-12-12,ecozen,Technology,Agritech,Sathguru Catalyzer Advisors,Series A,57.4,ecozen,['sathguru catalyzer advisors'],series a,pune,False
2019-12-06,cardekho,E-Commerce,Automobile,Ping An Global Voyager Fund,Series D,669.69,cardekho,['ping an global voyager fund'],series d,gurgaon,False
2019-12-03,dhruva space,Aerospace,Satellite Communication,"Mumbai Angels, Ravikanth Reddy",Seed,478.35,dhruva space,"['mumbai angels', 'ravikanth reddy']",seed,bengaluru,False
2019-12-13,rivigo,Technology,Logistics Services and Solutions,"SAIF Partners, Spring Canter Investment Ltd.",Series F,191.34,rivigo,"['saif partners', 'spring canter investment ltd.']",series f,gurgaon,False
2019-12-17,healthians,B2B-focused foodtech startup,Food Solutions For Corporate,"Paytm, NPTK, Sabre Partners and Neoplux",Series C,114.8,healthians,"['paytm', 'nptk', 'sabre partners', 'neoplux']",series c,bengaluru,False
2019-12-16,licious,E-Commerce,Online Meat And Seafood Ordering Startup,Vertex Growth Fund,Series E,287.01,licious,['vertex growth fund'],series e,bengaluru,False
2019-12-16,incred,Finance,Non-Banking Financial Company,Undisclosed,Debt Funding,56.45,incred,['undisclosed'],debt funding,mumbai,False
2019-12-14,trell,Video,Experience Discovery Platform,Ruizheng Investment,Seed Round,19.13,trell,['ruizheng investment'],seed round,bengaluru,False
2019-12-11,rein games,Gaming,Real money based gaming startup,Manipal Education and Medical Group (MEMG),Seed Round,478.35,rein games,"['manipal education', 'medical group (memg)']",seed round,noida,False
2019-12-20,lenskart,E-Commerce,Online Eyewear Shopping Portal,SoftBank Vision Fund,Series G,2209.98,lenskart,['softbank vision fund'],series g,faridabad,False
2019-11-13,freshworks,Software,Business and customer engagement tools,"Sequoia, CapitalG, Accel",Series H,1435.05,freshworks,"['sequoia', 'capitalg', 'accel']",series h,san francisco,False
2019-11-14,misters,Health and wellness,Men's Health and Wellness brand,"Sauce.vc, Rainforest Ventures",Series B,4.65,misters,"['sauce.vc', 'rainforest ventures']",series b,gurgaon,False
2019-11-13,sunstone eduversity,Education,Elearning,"Prime Venture Partners, LetsVenture, PS1 Venture and GlobalLogic co-founder Rajul Garg",Seed,14.35,sunstone eduversity,"['prime venture partners', 'letsventure', 'ps1 venture', 'globallogic co-founder rajul garg']",seed,gurgaon,False
2019-11-17,burger singh,Food and Beverage,Indian Burger Brand,RB Investments,Venture,0.0,burger singh,['rb investments'],venture,gurgaon,False
2019-11-18,healthians,Health and Wellness,Healthcare services,"DG Daiwa Ventures, DG Incubation",Series B,114.8,healthians,"['dg daiwa ventures', 'dg incubation']",series b,gurgaon,False
2019-11-15,ninjacart,B2B Marketing,Agritech,Trifecta Capital Advisors,Debt Funding,248.74,ninjacart,['trifecta capital advisors'],debt funding,bengaluru,False
2019-11-20,aye finance,FinTech,Financial Services To MSMEs,FinTech,Debt Funding,166.57,ayefinance,['fintech'],debt funding,gurgaon,False
2019-11-12,supergaming,Video Games,Social gaming platform,Dream Incubator,Seed Funding,12.44,supergaming,['dream incubator'],seed funding,pune,False
2019-11-20,clumio,SaaS,Recovery software,"Altimeter Capital, Sutter Hill Ventures",Series C,1291.54,clumio,"['altimeter capital', 'sutter hill ventures']",series c,san jose,False
2019-11-11,ebikego,Last Mile Transportation,Electric bike rental,Startup Buddy,Seed,2.87,ebikego,['startup buddy'],seed,amritsar,False
2019-11-19,digital mall asia,E-Commerce,Virtual e-commerce platform,Amour Infrastructure,Seed Funding,2104.74,digital mall asia,['amour infrastructure'],seed funding,delhi,False
2019-11-18,medikabazaar,Healthcare,B2B platform for medical supplies,"Ackermans & van Haaren, HealthQuad, Rebright Partners, Toppan Printing",Series B,151.16,medikabazaar,"['ackermans & van haaren', 'healthquad', 'rebright partners', 'toppan printing']",series b,mumbai,False
2019-11-15,vogo automotive,Last Mile Transportation,Scooter sharing app,"Matrix Partners, Stellaris Venture Partners, Kalaari Capital",Series B,2707.46,vogo automotive,"['matrix partners', 'stellaris venture partners', 'kalaari capital']",series b,kormangala,False
2019-11-19,furtados school of music,Education,Music Education,IAN Fund and DSG Consumer Partners,Funding Round / Venture Round,1913.4,furtados school of music,"['ian fund', 'dsg consumer partners']",funding round / venture round,tulangan,False
2019-11-25,paytm,FinTech,Mobile Wallet,Vijay Shekhar Sharma,Funding Round,9567.0,paytm,['vijay shekhar sharma'],funding round,noida,False
2019-10-04,dunzo,Customer Service,Delivery Service,Lightbox,Series D,430.52,dunzo,['lightbox'],series d,bengaluru,False
2019-10-02,udaan,B2B,Business development,"Altimeter Capital, DST Global",Series D,5596.7,udaan,"['altimeter capital', 'dst global']",series d,bengaluru,False
2019-10-21,the man company,Consumer Goods,Beauty and Grooming,Ayushmann Khurana,Corporate Round,0.0,the man company,['ayushmann khurana'],corporate round,gurgaon,False
2019-09-05,fpl technologies,FinTech,Financial Services,"Matrix Partners India, Sequoia India",Maiden Round,43.05,fpl technologies,"['matrix partners india', 'sequoia india']",maiden round,pune,False
2019-09-04,cashflo,FinTech,Invoice discounting platform and SME lending marketplace,SAIF Partners,Series A,31.57,cashflo,['saif partners'],series a,mumbai,False
2019-09-04,digital f5,"Advertising, Marketing",Digital marketing firm,TIW Private Equity,Private Equity Round,57.4,digital f5,['tiw private equity'],private equity round,mumbai,False
2019-09-04,3rdflix,SaaS,Education Technology,Exfinity Venture Partners,pre-series A,47.84,3rdflix,['exfinity venture partners'],pre-series a,hyderabad,False
2019-09-04,75f,IoT,Building automation system,Breakthrough Energy Ventures,Series A,172.21,75f,['breakthrough energy ventures'],series a,burnsville,False
2019-09-04,myelin foundry,Information Technology,Deep-technology,Endiya Partners,Seed,9.57,myelin foundry,['endiya partners'],seed,bengaluru,False
2019-09-04,atomberg technology,Consumer Technology,"Consumer Electronics, Home Appliances",A91 Partners,Series A,95.67,atomberg technology,['a91 partners'],series a,mumbai,False
2019-09-04,goqii,Health and Wellness,Wearable Fitness Bands,Bennett Coleman and Company Ltd (BCCL),Series C,4305.15,goqii,"['bennett coleman', 'company ltd (bccl)']",series c,menlo park,False
2019-09-03,vyapar app,Accounting,Mobile-based Accounting Software,"India Quotient, Axilor Ventures",Series A,47.84,vyapar app,"['india quotient', 'axilor ventures']",series a,bengaluru,False
2019-08-01,cardekho,E-Commerce,Automotive,SC GG India Mobility Holdings LLC,Series C,191.34,cardekho,['sc gg india mobility holdings llc'],series c,gurgaon,False
2019-08-01,progcap,Finance,Supply Chain Management,Sequoia India,Series A,47.84,progcap,['sequoia india'],series a,new delhi,False
2019-08-01,mypetrolpump,Retail,Fuel Delivery,Undisclosed,Seed Funding Round,15.31,mypetrolpump,['undisclosed'],seed funding round,bengaluru,False
2019-08-01,alteria capital,Finance,VC Funds,"Azim Premji, Binny Bansal",Single Venture,1339.38,alteria capital,"['azim premji', 'binny bansal']",single venture,mumbai,False
2019-08-01,pine labs,Information Technology,Last-mile retail transaction technology,Pine Labs Pte Ltd,Corporate Round,364.31,pinelabs,['pine labs pte ltd'],corporate round,noida,False
2019-08-12,meesho,E-Commerce,Social Commerce,Naspers,Series D,1195.88,meesho,['naspers'],series d,bengaluru,False
2019-08-13,cars24,E-Commerce,Car Retail,MS Dhoni,Series D,105.24,cars24,['ms dhoni'],series d,gurugram,False
2019-08-13,uniphore,Customer Service Platform,Conversational AI,March Capital Partners,Series C,487.92,uniphore,['march capital partners'],series c,palo alto,False
2019-08-23,zendrive,Automotive,Road Safety Analytics,XL Innovate,Series B,353.98,zendrive,['xl innovate'],series b,san francisco,False
2019-08-23,lo! foods,Consumer Goods,Low carb food for Diabetics,"Rashmi Daga (founder, FreshMenu), Raveen Sastry (co-founder, Myntra) and Mitesh Shah (finance chief, BookMyShow)",Seed Round,4.78,lo! foods,"['rashmi daga (founder', 'freshmenu)', 'raveen sastry (co-founder', 'myntra)', 'mitesh shah (finance chief', 'bookmyshow)']",seed round,bengaluru,False
2019-08-23,tala,FinTech,Digital Lending Platform,RPS Ventures,Series D,1052.37,tala,['rps ventures'],series d,santa monica,False
2019-08-22,indwealth,FinTech,Wealth Management,Tiger Global Management,Venture Round,143.5,indwealth,['tiger global management'],venture round,gurgaon,False
2019-08-21,hungerbox,Food and Beverage,B2B Foodtech,One97 Communications Ltd.,Series C,63.05,hungerbox,['one97 communications ltd.'],series c,bengaluru,False
2019-08-23,admitkard,EdTech,University Admissions,Growth DNA,Seed Round,9.57,admitkard,['growth dna'],seed round,noida,False
2019-08-19,mishry reviews,Services,Product Review,Vir Sanghvi,Series A,0.0,mishry reviews,['vir sanghvi'],series a,gurgaon,False
2019-08-19,grofers,E-Commerce,Grocery Delivery,Softbank Vision Fund,Series F,669.69,grofers,['softbank vision fund'],series f,gurgaon,False
2019-08-27,rapido bike taxi,Transportation,Bike Taxi,Westbridge Capital,Series B,37311.3,rapido bike taxi,['westbridge capital'],series b,bengaluru,False
2019-07-02,renewbuy,Finance,Auto Insurance,"Lok Capital, IIFL Wealth",Series B,181.77,renewbuy,"['lok capital', 'iifl wealth']",series b,gurgaon,False
2019-07-02,atlan,Information Technology,Big Data,WaterBridge Ventures,Pre-Series A,23.92,atlan,['waterbridge ventures'],pre-series a,singapore,False
2019-07-01,wizcounsel,Compliance,Consulting,Kapil Dev,Angel,1.39,wizcounsel,['kapil dev'],angel,new delhi,False
2019-07-03,ola cabs,Transport,Cabs,"DIG Investment Ab, Deshe Holdings, Samih Toukan and Hussam Khoury",Series J,9.57,olacabs,"['dig investment ab', 'deshe holdings', 'samih toukan', 'hussam khoury']",series j,kormangala,False
2019-07-01,uniphore,Artificial Intelligence,Speech Recognition,March Capital Partners,Series C,364.31,uniphore,['march capital partners'],series c,taramani,False
2019-07-04,daalchini technologies,Food and Beverage,Digital Vending Machine,Artha Venture,Seed Round,4.78,daalchini technologies,['artha venture'],seed round,new delhi,False
2019-07-10,byjus,EdTech,Education,Qatar Investment Authority,Private Equity Round,1435.05,byjus,['qatar investment authority'],private equity round,bengaluru,False
2019-07-11,moglix,E-Commerce,Industrial Tools and Equipments,"Composite Capital Management, Sequoia Capital India, Tiger Global Management",Series D,574.02,moglix,"['composite capital management', 'sequoia capital india', 'tiger global management']",series d,singapore,False
2019-07-10,ezyhaul,Tech,Logistics,Undisclosed,Series B,153.07,ezyhaul,['undisclosed'],series b,singapore,False
2019-07-10,indus os,Tech,Smartphone Operating System,Ventureast,Series B,55.01,indus os,['ventureast'],series b,andheri,False
2019-07-10,healthassure,Health Care,Primary care medical network,Blume Ventures,Series A,23.92,healthassure,['blume ventures'],series a,mumbai,False
2019-07-09,house of msasaba,Luxury Label,Clothes and Apparel,Binny Bansal,Series A,9.57,house of msasaba,['binny bansal'],series a,mumbai,False
2019-07-08,board infinity,EdTech,Full-stack career platform,Multiple Angel Investors,Angel Round,3.06,board infinity,['multiple angel investors'],angel round,chembur,False
2019-06-05,nobroker,E-Commerce,Real Estate,General Atlantic,Series C,487.92,nobroker,['general atlantic'],series c,bengaluru,False
2019-06-04,bira91,Food and Beverage,Brewery,Anicut Capital,Debt Funding,95.67,bira91,['anicut capital'],debt funding,new delhi,False
2019-06-03,fabhotels,E-Commerce,Hospitality,"Goldman Sachs, Accel Partners and Qualcomm",Private Equity,46.78,fabhotels,"['goldman sachs', 'accel partners', 'qualcomm']",private equity,gurgaon,False
2019-06-03,avail finance,Finance,FinTech,Matrix Partners,Series A,86.1,availfinance,['matrix partners'],series a,bengaluru,False
2019-06-04,bharatpe,Finance,FinTech,Insight Partners,Series B,717.52,bharatpe,['insight partners'],series b,new delhi,False
2019-06-04,recykal,Waste Management Service,Optimization,"Triton Investment Advisors, Pidilite Industries director Ajay Parekh",pre-Series A,248.74,recykal,"['triton investment advisors', 'pidilite industries director ajay parekh']",pre-series a,hyderabad,False
2019-06-03,agara labs,Deep-Tech,Artificial Intelligence,Blume Ventures and RTP Global,pre-Series A,23.92,agara labs,"['blume ventures', 'rtp global']",pre-series a,bengaluru,False
2019-06-06,sistema.bio,Agriculture,Hybrid Reactor Biodigestor,"Shell Foundation, DILA CAPITAL, Engie RDE Fund, EcoEnterprise Fund, EDFIMC (ElectriFI), Endeavor Catalyst Fund, CoCapital, Triodos, Alpha Mundi, and Lendahand",Series A,26.2,sistema.bio,"['shell foundation', 'dila capital', 'engie rde fund', 'ecoenterprise fund', 'edfimc (electrifi)', 'endeavor catalyst fund', 'cocapital', 'triodos', 'alpha mundi', 'and lendahand']",series a,nairobi,False
2019-06-06,chakr innovation,Energy,Renewable Energy,IAN Fund,Series A,248.74,chakr innovation,['ian fund'],series a,new delhi,False
2019-06-06,pratilipi,Digital Media,E-Books,Qiming Venture Partners,Series B,144.55,pratilipi,['qiming venture partners'],series b,bengaluru,False
2019-06-10,bolo app,Digital Media,Video Platform,Nexus Venture Partners,Seed Funding,4.12,bolo app,['nexus venture partners'],seed funding,bengaluru,False
2019-06-10,okcredit,FinTech,Financial Services,Tiger Global Management,Series A,148.29,okcredit,['tiger global management'],series a,haryana,False
2019-06-06,biz2credit,FinTech,Online Lending Platform,WestBridge Capital,Series B,497.48,biz2credit,['westbridge capital'],series b,new york,False
2019-06-08,vogo automotive,Transportation,Dockless Scooter Rental Company,Alteria Capital,Debt Funding,34.29,vogo automotive,['alteria capital'],debt funding,karnataka,False
2019-06-04,leegality,Services,Digital Documentation,Mumbai Angels,Series A,32.53,leegality,['mumbai angels'],series a,mumbai,False
2019-05-06,ola electric,Transport,Cabs,Tata Sons,Series A,0.0,ola electric,['tata sons'],series a,bengaluru,False
2019-05-06,saahas zero waste,Waste Management Service,Optimization,C4D Partners,Venture - Series Unknown,8.31,saahas zero waste,['c4d partners'],venture - series unknown,bengaluru,False
2019-05-05,styledotme,E-commerce,Fashion and Shopping,"Indian Angel Network and other angel investors, Innov8 founder Ritesh Malik, Josh Talks founders Supriya Paul and Shobha Banga, and former Hero Corporate president Rohit Chanana",Bridge Round,0.0,styledotme,"['indian angel network', 'other angel investors', 'innov8 founder ritesh malik', 'josh talks founders supriya paul', 'shobha banga', 'and former hero corporate president rohit chanana']",bridge round,delhi,False
2019-05-01,blackbuck,Transport,Logistics,"Goldman Sachs Investment Partners and Silicon Valley-based Accel, Wellington, Sequoia Capital, B Capital, LightStreet, Sands Capital and International Finance Corporation,",Series D,1435.05,blackbuck,"['goldman sachs investment partners', 'silicon valley-based accel', 'wellington', 'sequoia capital', 'b capital', 'lightstreet', 'sands capital', 'international finance corporation', '']",series d,bengaluru,False
2019-05-02,zenoti,Saas,Beauty and Wellness Industry,Tiger Global Management,Series C,478.35,zenoti,['tiger global management'],series c,hyderabad,False
2019-05-28,ather energy,Automobile,Electric Vehicle,Sachin Bansal,Series C,487.92,ather energy,['sachin bansal'],series c,bengaluru,False
2019-05-28,freshvnf,Agtech,Fresh Agriculture Produces,Equanimity Ventures,Seed Round,1339.38,freshvnf,['equanimity ventures'],seed round,mumbai,False
2019-05-30,glowroad,E-commerce,Retail,"Korea Investment Partners, Vertex Ventures",Series B,110.02,glowroad,"['korea investment partners', 'vertex ventures']",series b,bengaluru,False
2019-05-31,bira91,Food and Beverage,Brewery,Sixth Sense Ventures,Series B,53.58,bira91,['sixth sense ventures'],series b,new delhi,False
2019-04-16,kuvera,Finance,Wealth Management,Eight Roads,Series A,430.52,kuvera,['eight roads'],series a,bengaluru,False
2019-04-12,medlife,E-commerce,Online Medicine,Prasid Uno Family Trust,Private Equity,162.64,medlife,['prasid uno family trust'],private equity,bengaluru,False
2019-04-10,kabadiwala,E-commerce,Waste Management,"Unilever, Beehive Capital Advisor, ABCOM Investments, Parekh Marine Transport,",Private Equity,4.12,kabadiwala,"['unilever', 'beehive capital advisor', 'abcom investments', 'parekh marine transport', '']",private equity,bhopal,False
2019-04-13,tripoto,Social Media,Travel,"Orchid India, Hornbill Orchid India Fund, Chiratae Ventures (formerly IDG Ventures), 3one4 Capital, Lasmer NV",Series B,34.36,tripoto,"['orchid india', 'hornbill orchid india fund', 'chiratae ventures (formerly idg ventures)', '3one4 capital', 'lasmer nv']",series b,new delhi,False
2019-04-12,azah,Health and Wellness,Organic wellness,Unnamed angel investors,Seed Funding,1.91,azah,['unnamed angel investors'],seed funding,gurugram,False
2019-04-11,setu,Fintech,Banking,Lightspeed India Partners,Seed Funding,33.48,setu,['lightspeed india partners'],seed funding,bengaluru,False
2019-04-10,toppr,Edtech,E-learning,Milestone,Debt and Preference capital,60.47,toppr,['milestone'],debt and preference capital,mumbai,False
2019-04-10,craftsvilla,E-commerce,Fashion and Apparel,Supera Pte Ltd,Inhouse Funding,23.38,craftsvilla,['supera pte ltd'],inhouse funding,mumbai,False
2019-04-10,unacademy,Edtech,E-learning,Kalyan Krishnamurthy,Seed/ Angel Funding,2.94,unacademy,['kalyan krishnamurthy'],seed/ angel funding,bengaluru,False
2019-04-11,clevertap,SaaS,Mobile analytics and marketing,"Sequoia India, Tiger Global Management, Accel Partners",Series B,248.74,clevertap,"['sequoia india', 'tiger global management', 'accel partners']",series b,mumbai,False
2019-04-19,my healthcare,E-commerce,Software Solutions,Sixth Sense Ventures,Series A,28.7,my healthcare,['sixth sense ventures'],series a,bengaluru and gurugram,False
2019-04-19,krazybee,E-commerce,Lending Platform,"BAC Acquisitions, Unifi AIF, BRD Securities, Northern R Capital",Debt,137.21,krazybee,"['bac acquisitions', 'unifi aif', 'brd securities', 'northern r capital']",debt,bengaluru,False
2019-04-17,shuttl,Transportation,Bus Aggregation,New Atlantic Ventures,Venture Round,47.84,shuttl,['new atlantic ventures'],venture round,gurugram,False
2019-04-17,increff,Technology,Supply-chain technology solutions,"021 Capita, Binny Bansal",Series A,28.7,increff,"['021 capita', 'binny bansal']",series a,bengaluru,False
2019-02-01,fleetx,AI,Logistics,India Quotient and LetsVenture\\xe2\\x80\\x99s Angel Fund,Pre Series A,0.0,fleetx,"['india quotient', ""letsventure's angel fund""]",pre series a,gurgaon,False
2019-02-08,zilingo,Ecommerce,Fashion & Apparel,"Sequoia Capital and Temasek Holdings, EDBI, Burda Principal Investments, and Sofina",Series D,2162.14,zilingo,"['sequoia capital', 'temasek holdings', 'edbi', 'burda principal investments', 'and sofina']",series d,india/singapore,True
2019-02-13,nanoclean global,Nanotechnology,Anti-Pollution,"LetsVenture, PitchRight Venture, 91SpringBoard, AL Nour International Holdings and Mark V Investments",Series A,5.74,nanoclean global,"['letsventure', 'pitchright venture', '91springboard', 'al nour international holdings', 'mark v investments']",series a,new delhi,False
2018-02-14,oyorooms,Hospitality,Budget Rooms,DiDi Chuxing,Equity,956.7,oyorooms,['didi chuxing'],equity,gurgaon,False
2019-01-03,cardekho,Automobile,Online Marketplace,"Sequoia India, Hillhouse Capital, Alphabet\\xe2\\x80\\x99s growth investment arm Capital G and Axis Bank",Series C,1052.37,cardekho,"['sequoia india', 'hillhouse capital', ""alphabet's growth investment arm capital g"", 'axis bank']",series c,jaipur,False
2019-01-04,vyome therapeutics inc.,Health and Wellness,Specialty pharmaceutical,"Iron Pillar, Perceptive Advisors, Romulus Capital and Kalaari Capital",Series D,210.47,vyome therapeutics inc.,"['iron pillar', 'perceptive advisors', 'romulus capital', 'kalaari capital']",series d,india/us,True
2019-01-04,samunnati financial intermediation & services,Finance,Non-banking financial company,"MASSIF, a Dutch government fund",Debt-Funding,47.84,samunnati financial intermediation & services,"['massif', 'a dutch government fund']",debt-funding,chennai,False
2018-12-04,manch,Social Media,Hyperlocal Content,Stellaris Venture Partners,Seed Funding,6.7,manch,['stellaris venture partners'],seed funding,delhi,False
2018-12-01,urbanclap technologies,Services Platform,Home services marketplace,Steadview Capital and Vy Capital.,Series D,478.35,urbanclap technologies,"['steadview capital', 'vy capital.']",series d,new delhi,False
2018-12-02,guiddoo,Travel Tech,Platform for travel agents,Individual Investors,Pre-Series A,7.65,guidoo,['individual investors'],pre-series a,mumbai,False
2018-12-02,career anna,Online Education,"Video-based certification, trainings",Individual Investors,Pre-Series A,5.47,career anna,['individual investors'],pre-series a,gurugram,False
2018-12-04,nagpur wholesale,Online Marketplace,eCommerce,Omphalos Ventures India LLP,Seed Funding,1.37,nagpur wholesale,['omphalos ventures india llp'],seed funding,nagpur,False
2018-12-06,shopkirana,B2B,eCommerce,"Info Edge, AET Fund, Akatsuki and Incubate Fund from Japan and Better Capital AngelList syndicate.",Seed Funding,19.13,shopkirana,"['info edge', 'aet fund', 'akatsuki', 'incubate fund from japan', 'better capital angellist syndicate.']",seed funding,indore,False
2018-12-06,buildsupply,"SaaS, Ecommerce","Real Estate, ERP","Venture Highway, GREE Ventures, Space Matrix, Individual Investors",Series A,33.48,buildsupply,"['venture highway', 'gree ventures', 'space matrix', 'individual investors']",series a,gurugram,False
2018-11-01,godesi,Food and Beverage,Regional Flavours,Lead Angels Network,Seed/ Angel Funding,1.33,godesi,['lead angels network'],seed/ angel funding,bengaluru,False
2018-11-03,veritas finance,NBFC,MSME Finance,"Norwest Venture Partners, CDC Group, the UK\\xe2\\x80\\x99s Development Finance Institution and P Surendra Pai",Series D,265.95,veritas finance,"['norwest venture partners', 'cdc group', ""the uk's development finance institution"", 'p surendra pai']",series d,chennai,False
2018-11-06,meesho,Ecommerce,Social Commerce,"Shunwei Capital, DST Partners and RPS Ventures",Series C,478.35,meesho,"['shunwei capital', 'dst partners', 'rps ventures']",series c,bengaluru,False
2018-11-08,mobile premier league,Gaming,Mobile e-Sports,Undisclosed,Series A,4.78,mobile premier league,['undisclosed'],series a,bengaluru,False
2018-11-08,a&r bon vivants,Food,Meat Retail Chain,"RB Investments, Singapore",Equity,9.57,a&r bon vivants,"['rb investments', 'singapore']",equity,jaipur,False
2018-11-12,blackbuck,Food Tech,POS For Online Ordering,Tiger Global,Series A,9.57,blackbuck,['tiger global'],series a,"new york, bengaluru",True
2018-11-12,milkbasket,Food,Micro-delivery grocery service,Mayfield Fund,Series B,12.44,milkbasket,['mayfield fund'],series b,new delhi,False
2018-11-13,driveu,Transport,On-Demand Drivers,Stevens Creek Ventures,Mezzanine,9.57,driveu,['stevens creek ventures'],mezzanine,bengaluru,False
2018-11-14,cleansecar,Services,Car Wash,Venture Catalysts,Seed/ Angel Funding,4.78,cleansecar,['venture catalysts'],seed/ angel funding,bengaluru,False
2018-11-19,automation anywhere,Automation,Robotics,SoftBank Vision Fund,Series B,2870.1,automation anywhere,['softbank vision fund'],series b,california,False
2018-11-20,healthifyme,Health and Wellness,Wellness Coach,"Sistema Asia Fund, VC Samsung NEXT, Chiratae Ventures, Inventus Capital, Blume Ventures and Innoven Capital.",Series B (Extension),57.4,healthifyme,"['sistema asia fund', 'vc samsung next', 'chiratae ventures', 'inventus capital', 'blume ventures', 'innoven capital.']",series b (extension),bengaluru,False
2018-11-21,genius corner,Education,Personalized Learning,Individual investors,Seed Funding,2.66,genius corner,['individual investors'],seed funding,noida,False
2018-11-22,aavishkaar-intellecap group,Investment,SME Funding,Teachers Insurance and Annuity Association (TIAA),Equity Based Funding,296.58,aavishkaar-intellecap group,"['teachers insurance', 'annuity association (tiaa)']",equity based funding,mumbai,False
2018-11-22,skillbox,Social Network,Art,Individual investors,Seed Funding,0.0,skillbox,['individual investors'],seed funding,gurugram,False
2018-11-23,signzy,Financial Tech,Digital Onboarding Solution,"Stellaris Venture Partners and Kalaari Capital, Rajan Anandan from Google, Dilip Khandwelwal from SAP Labs India, and Amrish Rau from PayU India",Series A,32.53,signzy,"['stellaris venture partners', 'kalaari capital', 'rajan anandan from google', 'dilip khandwelwal from sap labs india', 'and amrish rau from payu india']",series a,mumbai,False
2018-11-24,engineer,Software,AI Platform,"Lakestar and Jungle Ventures, Softbank\\xe2\\x80\\x99s DeepCore.",Series A,282.23,engineer,"['lakestar', 'jungle ventures', ""softbank's deepcore.""]",series a,india/us,True
2018-11-25,incred finance,Finance,SME Lending,"Paragon Partners, Individual Investors",Private Equity,401.81,incred finance,"['paragon partners', 'individual investors']",private equity,india,False
2018-11-25,roposo,Social Media,Video Sharing,Bertelsmann India Investments,Series B,16.26,roposo,['bertelsmann india investments'],series b,delhi,False
2018-10-01,northmist,Fashion,Mens Wear,Prashant Jaiswal,Seed/ Angel Funding,0.0,northmist,['prashant jaiswal'],seed/ angel funding,delhi,False
2018-10-02,origo commodities india,Logistics,Supply Chain,"Cooperative Oikocredit, Caspian and Hivos-Triodos Fund",Seed/ Angel Funding,105.24,origo commodities india,"['cooperative oikocredit', 'caspian', 'hivos-triodos fund']",seed/ angel funding,hyderabad,False
2018-10-04,grover zampa,Food,Wine,Ravi Viswanathan,Private Equity,78.45,grover zampa,['ravi viswanathan'],private equity,mumbai,False
2018-10-05,droom,Automobile,New and Used Cars Platform,ZigExN,Series E,28.7,droom,['zigexn'],series e,gurgaon,False
2018-10-11,innov8,Real Estate,Co-Working,Credence Family Office,Pre-Series A,38.27,innov8,['credence family office'],pre-series a,new delhi,False
2018-10-12,blackbuck,Logistics Tech,Largest Trucking Platform,Sequoia Capital India,Private Funding,140.44,blackbuck,['sequoia capital india'],private funding,bengaluru,False
2018-10-12,letstransport,Logistics Tech,Book Trucks Online,Fosun International,Series C,114.8,letstransport,['fosun international'],series c,bengaluru,False
2018-09-01,netmeds,Consumer Internet,Online Pharmacy Chain,"Sistema Asia Fund, Sistema JSFC and Tanncam Investment",Private Equity,334.84,netmeds,"['sistema asia fund', 'sistema jsfc', 'tanncam investment']",private equity,chennai,False
2018-09-03,udaan,B2B Platform,Logistics and Shipping,DST Global and Lightspeed Venture Partners\\xe2\\x80\\x99 global fund.,Private Equity,2152.57,udaan,"['dst global', ""lightspeed venture partners' global fund.""]",private equity,bengaluru,False
2018-09-03,daily hunt,Consumer Internet,News and ebooks Mobile App\\xc2\\xa0,Falcon Edge,Private Equity,61.13,dailyhunt,['falcon edge'],private equity,bengaluru,False
2018-09-04,3hcare,Healthcare,Healthcare Service Provider,Undisclosed,Seed / Angel Funding,9.57,3hcare,['undisclosed'],seed / angel funding,delhi,False
2018-09-04,happygoeasy,Consumer Internet,Online Travel Agecy,"Korea Investment Partners (KIP), Samsung and China-based CITIC Capital and others",Private Equity,0.0,happygoeasy,"['korea investment partners (kip)', 'samsung', 'china-based citic capital', 'others']",private equity,gurugram,False
2018-09-05,nykaa,Consumer Internet,Online Marketplace For Multi-brand Beauty Cosmetic and Wellness Products,Lighthouse,Private Equity,1503.93,nykaa,['lighthouse'],private equity,mumbai,False
2018-09-05,mad street den,Technology,Computer Vision And Artificial Intelligence (Ai) Platform,KDDI\\xc2\\xa0,Private Equity,0.0,mad street den,['kddi '],private equity,chennai,False
2018-09-06,dream11,Consumer Internet,Online Gaming Platform,"Tencent, Kalaari Capital and Private equity firm Multiples Alternate Asset Management",Private Equity,956.7,dream11,"['tencent', 'kalaari capital', 'private equity firm multiples alternate asset management']",private equity,mumbai,False
2018-09-10,mamaearth,Healthcare,Online Marketplace For Mother and Babycare Products,Stellaris Ventures & Others,Private Equity,38.27,mamaearth,['stellaris ventures & others'],private equity,gurugram,False
2018-09-11,autogrid,Technology,AI-Based Energy Optimisation and Control Provider,"CLP Holdings Group, Innogy, \\xc3\\x98rstead, and Tenaska",Private Equity,306.14,autogrid,"['clp holdings group', 'innogy', 'Ørstead', 'and tenaska']",private equity,bengaluru,False
2018-09-11,pharmeasy,Consumer Internet,Online Marketplace For Pharmaceutical Products,InnoVen Capital,Debt Funding,52.62,pharmeasy,['innoven capital'],debt funding,mumbai,False
2018-09-11,upwards,Fin-Tech,Online Micro Lending Marketplace,"Shunwei Capital,Quotient, Mayfield & Others",Private Equity,47.84,upwards,"['shunwei capital', 'quotient', 'mayfield & others']",private equity,mumbai,False
2018-09-12,kissht,Fin-Tech,Online lending Platform,"Vertex Ventures Southeast Asia (SEA) and India and Sistema Asia Fund, Fosun RZ Capital, Ventureast, and Endiya Partners.\\n\\n",Private Equity,287.01,kissht,"['vertex ventures southeast asia (sea)', 'india', 'sistema asia fund', 'fosun rz capital', 'ventureast', 'and endiya partners.', '', '']",private equity,mumbai,False
2018-08-01,dishq,Food-Tech,Personalisation Technology Firm Focusing On The Food And Beverage Industry,"Farm To Fork, Arts Alliance, The Syndicate Fund, Sven Hensen, Zeroth and Artesian Venture Partners",Seed/ Angel Funding,3.83,dishq,"['farm to fork', 'arts alliance', 'the syndicate fund', 'sven hensen', 'zeroth', 'artesian venture partners']",seed/ angel funding,bengaluru,False
2018-08-01,healthfin,Finance,Patient Financing Platform,"Axilor, Sprout Venture Partners and others",Seed/ Angel Funding,0.0,healthfin,"['axilor', 'sprout venture partners', 'others']",seed/ angel funding,pune,False
2018-08-02,samosa labs,Consumer Internet,Social Media and Chat Entertainment Platform,Xiaomi and Sequoia Capital India,Private Equity,66.97,samosa labs,"['xiaomi', 'sequoia capital india']",private equity,hyderabad,False
2018-08-03,ziffyhomes,Consumer Internet,Online Home Rental Marketplace,Y Combinator,Private Equity,1.15,ziffyhomes,['y combinator'],private equity,gurugram,False
2018-08-07,my omnamo,Consumer Internet,Holy Platform Offering Customised Puja Packages To Individuals and Corporates,Undisclosed,Seed/ Angel Funding,9.57,my omnamo,['undisclosed'],seed/ angel funding,mumbai,False
2018-08-07,shopx,Consumer Internet,Assisted E-commerce Platform,Fung Strategic Holdings,Private Equity,334.84,shopx,['fung strategic holdings'],private equity,bengaluru,False
2018-08-07,makemytrip,Consumer Internet,Online Travel Aggregator,MakeMyTrip Limited,Private Equity,95.67,makemytrip,['makemytrip limited'],private equity,gurugram,False
2018-08-08,hansel io,Consumer Internet,Real-time Mobile App Management,Vertex Ventures,Seed/ Angel Funding,38.27,hansel io,['vertex ventures'],seed/ angel funding,bengaluru,False
2018-08-08,metro bikes,Consumer Internet,Online Bike Rental Marketplace,"Sequoia Capital India Advisors, Accel Partners and G Raghunandan",Private Equity,116.72,metro bikes,"['sequoia capital india advisors', 'accel partners', 'g raghunandan']",private equity,bengaluru,False
2018-08-08,phone pe,Consumer Internet,UPI Payments App,Flipkart,Private Equity,631.42,phonepe,['flipkart'],private equity,bengaluru,False
2018-08-09,quizizz,Ed-Tech,e-learning Platform,"Nexus Venture Partners, Prime Venture Partners and Others",Seed/ Angel Funding,28.7,quizizz,"['nexus venture partners', 'prime venture partners', 'others']",seed/ angel funding,bengaluru,False
2018-08-09,happy emi,Fin-Tech,Consumer Financing Platform,AJ Ventures and Jain International Trade Organisation (JITO),Seed/ Angel Funding,9.57,happy emi,"['aj ventures', 'jain international trade organisation (jito)']",seed/ angel funding,bengaluru,False
2018-08-13,inthree,Consumer Internet,Rural E-commerce Platform,"Ventureast, Orios Venture Partners and the IAN Fund",Seed/ Angel Funding,38.27,inthree,"['ventureast', 'orios venture partners', 'the ian fund']",seed/ angel funding,chennai,False
2018-08-13,observe ai,Technology,AI Based Solutions Platform,"Nexus Venture Partners, MGV, Liquid 2 Ventures, Hack VC, Emergent Ventures and Y Combinator",Private Equity,76.54,observe ai,"['nexus venture partners', 'mgv', 'liquid 2 ventures', 'hack vc', 'emergent ventures', 'y combinator']",private equity,bengaluru,False
2018-08-16,enakshi,Consumer Internet,AI Based Solutions Platform,Undisclosed,Seed/ Angel Funding,1.1,enakshi,['undisclosed'],seed/ angel funding,ahmedabad,False
2018-08-17,eazydiner,Consumer Internet,Online Restaurant Table Reservation Platform,Denlow Investment Trust and Beenext,Private Equity,55.97,eazydiner,"['denlow investment trust', 'beenext']",private equity,gurugram,False
2018-08-20,finzy,Finance,Online Loan Matchmaking Platform,Undisclosed,Seed / Angel Funding,9.57,finzy,['undisclosed'],seed / angel funding,bengaluru,False
2018-08-20,rawpressery,Consumer Internet,Online Organic Juice Delivery Service,Alteria Capital,Debt Funding,45.92,rawpressery,['alteria capital'],debt funding,mumbai,False
2018-08-22,pi ventures,Technology,Applied Artificial Intelligence and IoT focused\\xc2\\xa0Platform,CDC Group plc\\xc2\\xa0,Private Equity,57.4,pi ventures,['cdc group plc '],private equity,bengaluru,False
2018-08-22,revv,Consumer Internet,Online Indian Car Rental Platform,"Hyundai, Edelweiss and Beenext, Dream Incubator, Sunjay Kapoor and Telama Investment",Private Equity,136.52,revv,"['hyundai', 'edelweiss', 'beenext', 'dream incubator', 'sunjay kapoor', 'telama investment']",private equity,gurugram,False
2018-08-26,zestmoney,Consumer Internet,Online Lending Platform,"Xiaomi,PayU, Ribbit Capital and Omidyar Network",Private Equity,128.2,zestmoney,"['xiaomi', 'payu', 'ribbit capital', 'omidyar network']",private equity,bengaluru,False
2018-08-26,shubh loans,Fin-Tech,\\xc2\\xa0Customer Sourcing Platform\\xc2\\xa0,"Saama Capital, SRI Capital, Beenext, and Pravega Ventures",Private Equity,40.18,shubhloans,"['saama capital', 'sri capital', 'beenext', 'and pravega ventures']",private equity,bengaluru,False
2018-08-27,myupchar,Healthcare,Local Language Health Content App,"Nexus Venture Partners, Omidyar Network and Shunwei Capital",Private Equity,47.84,myupchar,"['nexus venture partners', 'omidyar network', 'shunwei capital']",private equity,delhi,False
2018-08-28,narvar,IT,Post-Purchase Customer Engagement Platform\\xc2\\xa0,Accel (formerly known as Accel Partners),Private Equity,28.7,narvar,['accel (formerly known as accel partners)'],private equity,bengaluru,False
2018-08-30,true north,Finance,Private Equity Firm,Undisclosed,Private Equity,5740.2,true north,['undisclosed'],private equity,mumbai,False
2018-07-01,leena ai,Technology,HR Virtual Agent For Employees,Y Combinator,Seed/ Angel Funding,0.0,leena ai,['y combinator'],seed/ angel funding,gurugram,False
2018-07-02,biryani by kilo,Consumer Internet,Online Food Delivery,Ajay Relan and Vinay Mittal,Seed/ Angel Funding,9.57,biryani by kilo,"['ajay relan', 'vinay mittal']",seed/ angel funding,gurugram,False
2018-07-04,anchanto,IT,E-commerce Fulfilment Platform,MDI Ventures & Telkom Indonesia,Private Equity,38.27,anchanto,['mdi ventures & telkom indonesia'],private equity,pune,False
2018-07-05,loan tap,Consumer Internet,Online Lending Platform For Salaried Professionals,"Shunwei Capital, Tuscan Ventures, Ashish Goenka, VC firms India Quotient and Kae Capital",Private Equity,59.79,loantap,"['shunwei capital', 'tuscan ventures', 'ashish goenka', 'vc firms india quotient', 'kae capital']",private equity,mumbai,False
2018-07-06,policybazaar,Consumer Internet,Online Insurance Selling Platform,Info Edge (India) Ltd and Temasek,Private Equity,265.01,policybazaar,"['info edge (india) ltd', 'temasek']",private equity,gurugram,False
2018-07-09,zippserv,Consumer Internet,Online Platform For Risk-Assessment Services For Real Estate Investments,Info Edge (India) Ltd,Seed/ Angel Funding,4.21,zippserv,['info edge (india) ltd'],seed/ angel funding,bengaluru,False
2018-07-09,groww,Consumer Internet,Online Platform That Sells Direct Plans Of Mutual Funds,"Insignia Ventures Partners, Lightbridge Partners & Kairos",Seed/ Angel Funding,10.52,groww,"['insignia ventures partners', 'lightbridge partners & kairos']",seed/ angel funding,bengaluru,False
2018-07-10,avenue growth,Consumer Internet,Online Platform That Connects Brands With Freelance Sales Professionals,"Avtar Monga, chief operating office at IDFC Bank, Aditya Malik & Others",Seed/ Angel Funding,4.18,avenue growth,"['avtar monga', 'chief operating office at idfc bank', 'aditya malik & others']",seed/ angel funding,gurugram,False
2018-07-10,inicu,Healthcare,Med-tech Platform Providing Care For Newborns,Venture Catalysts,Seed/ Angel Funding,0.0,inicu,['venture catalysts'],seed/ angel funding,delhi,False
2018-07-10,kinara capital,Finance,Lending Platform For Micro and Small Enterprises,ResponsAbility,Private Equity,47.84,kinara capital,['responsability'],private equity,bengaluru,False
2018-07-10,shop 101,Consumer Internet,Mobile Storefront And Commerce Platform For Sellers,"Stellaris Venture Partners, Vy Capital, Raghunandan G, and Ramakant Sharma",Private Equity,47.84,shop 101,"['stellaris venture partners', 'vy capital', 'raghunandan g', 'and ramakant sharma']",private equity,mumbai,False
2018-07-11,sambandh,Consumer Internet,Online Micro Lending Platform,Base of Pyramid Asia (BOPA) Pte Ltd,Private Equity,23.92,sambandh,['base of pyramid asia (bopa) pte ltd'],private equity,rourkela,False
2018-07-12,19th mile,IT,Artificial intelligence-based sales acceleration software platform,"Rishi Vasudev, Excelsior Investments, Ritesh Vohra, Praveer Kumar, Prashant Gupta and Others",Seed/ Angel Funding,1.72,19th mile,"['rishi vasudev', 'excelsior investments', 'ritesh vohra', 'praveer kumar', 'prashant gupta', 'others']",seed/ angel funding,gurugram,False
2018-07-12,5th vital,Healthcare,Home diagnostics services provider,Brand Capital and Others,Seed/ Angel Funding,4.78,5th vital,"['brand capital', 'others']",seed/ angel funding,bengaluru,False
2018-07-13,mengage,Healthcare,A Doctor-Patient Engagement Platform,"Siddharth Agarwal, Mahavir Sharma, Amit Singal, 100 Co-founders Lab and others.",Seed/ Angel Funding,1.67,mengage,"['siddharth agarwal', 'mahavir sharma', 'amit singal', '100 co-founders lab', 'others.']",seed/ angel funding,jaipur,False
2018-07-17,ofbusiness,Finance,Online Lending Platform For SME,"Creation Investments, Falcon Edge, Matrix Partners India and Zodius Capital",Private Equity,277.44,ofbusiness,"['creation investments', 'falcon edge', 'matrix partners india', 'zodius capital']",private equity,gurugram,False
2018-07-17,cars24,Consumer Internet,Online Used Car Marketplace,"Kingsway FCI Fund, KCK Global & Others",Private Equity,475.48,cars24,"['kingsway fci fund', 'kck global & others']",private equity,gurugram,False
2018-07-18,the ken,Consumer Internet,Subscription-Only News Website,Omidyar Network & Others,Seed/ Angel Funding,14.35,the ken,['omidyar network & others'],seed/ angel funding,bengaluru,False
2018-07-19,book my show,Consumer Internet,Online Ticketing Platform,"TPG Growth, The Rise Fund & Others",Private Equity,956.7,bookmyshow,"['tpg growth', 'the rise fund & others']",private equity,mumbai,False
2018-07-20,housingman,Consumer Internet,Property Discovery Platform,Undisclosed,Seed/ Angel Funding,14.35,housingman,['undisclosed'],seed/ angel funding,bengaluru,False
2018-07-21,paysense,Consumer Internet,Online Consumer Lending Platform,PayU & Others,Private Equity,172.21,paysense,['payu & others'],private equity,mumbai,False
2018-07-23,yulu bikes,Technology,Bicycle-Sharing Platform,Undisclosed,Seed/ Angel Funding,0.0,yulu bikes,['undisclosed'],seed/ angel funding,bengaluru,False
2018-07-23,vtion,Technology,Media Analytics,"AngelList, Rahul Khanna, Rajeev Arora and Ram Ramsundar.",Seed/ Angel Funding,2.68,vtion,"['angellist', 'rahul khanna', 'rajeev arora', 'ram ramsundar.']",seed/ angel funding,gurugram,False
2018-07-23,log9 materials,Technology,Nanotechnology Company Specializing In Graphene,"Metaform Ventures, Hemant Luthra, Micro venture capital firm GEMS Partners and Others",Seed/ Angel Funding,4.17,log9 materials,"['metaform ventures', 'hemant luthra', 'micro venture capital firm gems partners', 'others']",seed/ angel funding,bengaluru,False
2018-07-24,kidovators,Ed-Tech,Skill Learning Platform,Gray Matters,Seed/ Angel Funding,1.72,kidovators,['gray matters'],seed/ angel funding,bengaluru,False
2018-07-24,digit,Consumer Internet,Online Insurance Startup,Fairfax,Private Equity,430.52,digit,['fairfax'],private equity,pune,False
2018-07-25,black soil,Finance,Non-Banking Financial Company,"Allcargo Logistics, Navneet Education and Mahavir Agency",Private Equity,162.64,black soil,"['allcargo logistics', 'navneet education', 'mahavir agency']",private equity,mumbai,False
2018-07-25,trell,Consumer Internet,Mobile-First Video Blogging App,"BeeNext , WEH Ventures and Sprout Ventures",Seed/ Angel Funding,11.96,trell,"['beenext ', 'weh ventures', 'sprout ventures']",seed/ angel funding,bengaluru,False
2018-07-25,iqlect,Technology,Data Analytics Firm,Ventureast and Exfinity,Seed/ Angel Funding,23.92,iqlect,"['ventureast', 'exfinity']",seed/ angel funding,bengaluru,False
2018-07-26,entropik,IT,Software-As-A-Service Platform,"Bharat Innovation, IDFC-Parampara Capital, Arthavida Ventures, Jitendra Gupta & Others",Seed/ Angel Funding,10.52,entropik,"['bharat innovation', 'idfc-parampara capital', 'arthavida ventures', 'jitendra gupta & others']",seed/ angel funding,bengaluru,False
2018-07-26,bitla software,Technology,Travel-Focused Tech Startup,MakeMyTrip,Private Equity,0.0,bitla software,['makemytrip'],private equity,bengaluru,False
2018-07-26,thecapitalnet,Fin-Tech,Unified Global Investments Ecosystem,Lindwall Family Investments LLC (LFI),Private Equity,4.78,thecapitalnet,['lindwall family investments llc (lfi)'],private equity,hyderabad,False
2018-07-30,shuttl,Consumer Internet,Bus Aggregation Platform,Amazon Alexa Fund & Dentsu Ventures,Private Equity,105.24,shuttl,['amazon alexa fund & dentsu ventures'],private equity,gurugram,False
2018-07-30,cure fit,Consumer Internet,Health and fitness Platform,"IDG Ventures, Accel Partners, Kalaari Capital and Others",Private Equity,1148.04,curefit,"['idg ventures', 'accel partners', 'kalaari capital', 'others']",private equity,bengaluru,False
2018-07-31,five star group,Fin-Tech,Non-Bank Lending Platform For SME,"TPG, Norwest Venture Partners, Sequoia Capital & Matrix Partners",Private Equity,956.7,five star group,"['tpg', 'norwest venture partners', 'sequoia capital & matrix partners']",private equity,chennai,False
2018-07-31,healthsignz,Healthcare,Health and Well being Platform,Kantilal Patel,Seed/ Angel Funding,47.84,healthsignz,['kantilal patel'],seed/ angel funding,hyderabad,False
2018-06-01,cointribe,Finance,Credit-Based Lending Marketplace For Small And Medium Enterprises,"Sabre Partners, Puneet Dalmia & Others",Private Equity,95.67,cointribe,"['sabre partners', 'puneet dalmia & others']",private equity,gurugram,False
2018-06-04,digiconectt,Technology,Sales Analytics and Enablement Platform,Aspire Logistics LLC,Seed/ Angel Funding,1.2,digiconectt,['aspire logistics llc'],seed/ angel funding,bengaluru,False
2018-06-04,kashmir box,E-Commerce,"Online Marketplace For Handicrafts, Handlooms And Local Produce","Bhairavi Jani, Alok Divatia, Namrata Kaul, Sohail Hashemi, Aijaz Saleem",Seed/ Angel Funding,0.0,kashmir box,"['bhairavi jani', 'alok divatia', 'namrata kaul', 'sohail hashemi', 'aijaz saleem']",seed/ angel funding,srinagar,False
2018-06-05,crowdera,Finance,Online Crowdfunding Platform,"Anil Advani, Pramod Jain, Amrendra Reddy and Manish Satnaliwala.",Seed/ Angel Funding,0.0,crowdera,"['anil advani', 'pramod jain', 'amrendra reddy', 'manish satnaliwala.']",seed/ angel funding,nagpur,False
2018-06-05,zoctr,Healthcare,Online Healthcare Aggregator,NB Ventures and Others,Seed/ Angel Funding,0.0,zoctr,"['nb ventures', 'others']",seed/ angel funding,mumbai,False
2018-06-07,annapurna finance,Finance,Non-Banking Financial Company,Oman India Joint Investment Fund (OIJIF),Private Equity,220.04,annapurna finance,['oman india joint investment fund (oijif)'],private equity,bhubaneswar,False
2018-06-07,meesho,Consumer Internet,Online Marketplace For Resellers,"Sequoia Capital India, SAIF Partners, Y Combinator and Venture Highway",Private Equity,110.02,meesho,"['sequoia capital india', 'saif partners', 'y combinator', 'venture highway']",private equity,bengaluru,False
2018-06-10,ayefinance,Finance,Online Lending Platform,"CapitalG, SAIF Partners and LGT Impact Ventures",Private Equity,205.69,ayefinance,"['capitalg', 'saif partners', 'lgt impact ventures']",private equity,gurugram,False
2018-06-11,theranosis,Healthcare,Specialised diagnostics Platform,Mumbai Angels Network,Seed/ Angel Funding,0.0,theranosis,['mumbai angels network'],seed/ angel funding,hyderabad,False
2018-06-12,alpha capital,Finance,Supplychain Finance,Alpha Capital,Private Equity,141.59,alpha capital,['alpha capital'],private equity,mumbai,False
2018-06-12,eshakti,E-Commerce,Fashion e-tailer,Paragon Partners,Private Equity,96.63,eshakti,['paragon partners'],private equity,chennai,False
2018-06-12,daily ninja,Consumer Internet,Hyperlocal Delivery Platform,Saama Capital and Sequoia Capital,Seed/ Angel Funding,28.7,dailyninja,"['saama capital', 'sequoia capital']",seed/ angel funding,bengaluru,False
2018-06-13,nirogstreet,Healthcare,An Online Platform That Connects Ayurveda Doctors With Patients,"Spiral Ventures, Subho Ray and Samir Kumar",Seed/ Angel Funding,2.87,nirogstreet,"['spiral ventures', 'subho ray', 'samir kumar']",seed/ angel funding,gurugram,False
2018-06-13,nivesh,Finance,Mass Market Mutual Fund Investment Platform,"LetsVenture, Rajan Anandan, Basab Pradhan, Vivek Khare and Bijoy George",Seed/ Angel Funding,4.31,nivesh,"['letsventure', 'rajan anandan', 'basab pradhan', 'vivek khare', 'bijoy george']",seed/ angel funding,noida,False
2018-06-13,whats up life,Consumer Internet,"A Local Discovery App For Dining-Out, Party, Leisure and Events",Rannvijay Singha,Seed/ Angel Funding,0.0,whats up life,['rannvijay singha'],seed/ angel funding,gurugram,False
2018-06-14,homelane,Consumer Internet,Online Home Furnishing Solutions,Brand Capital,Seed/ Angel Funding,33.01,homelane,['brand capital'],seed/ angel funding,bengaluru,False
2018-06-14,network intelligence,Technology,Cybersecurity Specialist,Helix Investments,Private Equity,45.92,network intelligence,['helix investments'],private equity,mumbai,False
2018-06-18,tynor othontics,Healthcare,Prosthetics Manufacturers,Lighthouse Funds & Thuasne Participations,Private Equity,200.91,tynor othontics,['lighthouse funds & thuasne participations'],private equity,chandigarh,False
2018-06-18,elucidata,IT,Data Analytics (SaaS),Hyperplane Venture Capital and several angel investors,Seed/ Angel Funding,16.26,elucidata,"['hyperplane venture capital', 'several angel investors']",seed/ angel funding,delhi & cambridge,True
2018-06-19,chrysalis,Ed-Tech,Education Services Provider,Menterra Venture & Artha Initiatives,Seed/ Angel Funding,0.0,chrysalis,['menterra venture & artha initiatives'],seed/ angel funding,pune,False
2018-06-19,rentsher,Consumer Internet,Online Rental Marketplace,"Shorooq Investments, LetsVenture & Others",Seed/ Angel Funding,10.52,rentsher,"['shorooq investments', 'letsventure & others']",seed/ angel funding,bengaluru,False
2018-06-20,drip capital,Finance,Trade Finance Firm,"Accel Partners, Sequoia India, Y Combinator and others.",Private Equity,143.5,drip capital,"['accel partners', 'sequoia india', 'y combinator', 'others.']",private equity,mumbai,False
2018-06-22,wickedride,Consumer Internet,Online Motorbike And Scooter Rental Platforms,"Sequoia Capital, Accel Partners & Raghunandan Gangappa",Private Equity,87.06,wickedride,"['sequoia capital', 'accel partners & raghunandan gangappa']",private equity,bengaluru,False
2018-06-25,policybazaar,Consumer Internet,Online Insurance Selling Platform,SoftBank Vision Fund & Info Edge (India) Ltd,Private Equity,1913.4,policybazaar,['softbank vision fund & info edge (india) ltd'],private equity,gurugram,False
2018-06-25,hipbar,Consumer Internet,Digital Payment Platform For Beverage Delivery,Diageo India,Private Equity,38.27,hipbar,['diageo india'],private equity,bengaluru,False
2018-06-25,sqqrl,Finance,App-based investment platform,Equanimity Venture Fund,Seed/ Angel Funding,9.57,sqqrl,['equanimity venture fund'],seed/ angel funding,gurugram,False
2018-06-26,paytm,Technology,Digital Payment Platform,One 97 Communications,Private Equity,85.62,paytm,['one 97 communications'],private equity,noida,False
2018-06-26,sigtuple,Healthcare,Data Driven Intelligence Solutions Platform,"Accel Partners, IDG Venture, Endiya Partners, pi Ventures, VH Capital, Axilor Ventures and Binny Bansal",Private Equity,181.77,sigtuple,"['accel partners', 'idg venture', 'endiya partners', 'pi ventures', 'vh capital', 'axilor ventures', 'binny bansal']",private equity,bengaluru,False
2018-06-27,wow express,Technology,E-commerce Logistics Platform,Undisclosed Existing Investors As Well As The Tamarind Family Trust,Private Equity,43.05,wowexpress,['undisclosed existing investors as well as the tamarind family trust'],private equity,mumbai,False
2018-06-28,front desk ai,Technology,An AI Platform Offering Automated Customer Service Software,Speciale Invest & Others,Seed/ Angel Funding,10.52,front desk ai,['speciale invest & others'],seed/ angel funding,bengaluru,False
2018-06-28,edureka,Ed-Tech,Online Education Platform,Leo Capital,Seed/ Angel Funding,19.13,edureka,['leo capital'],seed/ angel funding,bengaluru,False
2018-06-29,numeroseven,Technology,An Artificial Intelligence-Based Recruitment Platform,Shiva Gunapu & Others,Seed/ Angel Funding,0.0,numeroseven,['shiva gunapu & others'],seed/ angel funding,kolkata,False
2018-05-02,opentap,Finance,Online Lending Platform,Unknown High Net-Worth Individuals,Seed / Angel Funding,4.31,opentap,['unknown high net-worth individuals'],seed / angel funding,chennai,False
2018-05-02,bizongo,Consumer Internet,Aggregator For Packaging Material,"B Capital, International Finance Corporation (IFC), Accel Partners and IDG Ventures",Private Equity,210.47,bizongo,"['b capital', 'international finance corporation (ifc)', 'accel partners', 'idg ventures']",private equity,mumbai,False
2018-05-03,disprz,IT,SaaS,"IL&FS Private Equity, Kae Capital & Others",Seed / Angel Funding,23.92,disprz,"['il&fs private equity', 'kae capital & others']",seed / angel funding,chennai,False
2018-05-07,paisadukan,Consumer Internet,P2P Lending Platform,Undisclosed,Seed / Angel Funding,2.15,paisadukan,['undisclosed'],seed / angel funding,mumbai,False
2018-05-09,i3sysytems,Technology,AI product company For Health and Life Insurane Companies,"Unitus Ventures, Behram Vakil and Jerxis Vandrevala",Seed / Angel Funding,9.57,i3sysytems,"['unitus ventures', 'behram vakil', 'jerxis vandrevala']",seed / angel funding,mumbai,False
2018-05-11,earth food,Consumer Internet,Agri-tech,Rairah Corporation,Seed / Angel Funding,9.08,earth food,['rairah corporation'],seed / angel funding,pune,False
2018-05-14,nykaa,Consumer Internet,Beauty e-tailer,"Sunil Munjal, Harsh Mariwala, Dalip Pathak and Others",Private Equity,229.61,nykaa,"['sunil munjal', 'harsh mariwala', 'dalip pathak', 'others']",private equity,mumbai,False
2018-05-16,mfine,Healthcare,Doctor-Consultation App,"Prime Venture Partners, Stellaris Venture Partners and Mayur Abhaya Srisrimal",Private Equity,40.18,mfine,"['prime venture partners', 'stellaris venture partners', 'mayur abhaya srisrimal']",private equity,bengaluru,False
2018-05-21,rocketium,Technology,Online Video Creation Platform,Blume ventures,Seed/ Angel Funding,2.87,rocketium,['blume ventures'],seed/ angel funding,bengaluru,False
2018-05-21,milkbasket,Technology,Micro-Delivery Grocery Startup,"Kalaari Capital, Unilever Ventures and Blume Ventures",Private Equity,66.97,milkbasket,"['kalaari capital', 'unilever ventures', 'blume ventures']",private equity,gurugram,False
2018-05-22,vola,Finance,Micro Lending Platform,Credika and unnamed angel investors,Seed/ Angel Funding,4.78,vola,"['credika', 'unnamed angel investors']",seed/ angel funding,bengaluru,False
2018-05-22,cashkumar,Consumer Internet,P2P Lending Platform,LetsVenture,Seed/ Angel Funding,7.03,cashkumar,['letsventure'],seed/ angel funding,bengaluru,False
2018-05-23,edyoo,E-Commerce,Products For Shoolgoing Children,RS Shanbag,Seed/ Angel Funding,7.03,edyoo,['rs shanbag'],seed/ angel funding,bengaluru,False
2018-05-23,aashiyaan,Finance,Housing Finance For Low-Income Families,"Insistor, Oikocredit",Seed/ Angel Funding,19.13,aashiyaan,"['insistor', 'oikocredit']",seed/ angel funding,kolkata,False
2018-05-24,smartivity,Ed-tech,Designer Of Toys and Learning Projects For Kids,"Ashish Kacholi, S Chand Group",Seed/ Angel Funding,19.13,smartivity,"['ashish kacholi', 's chand group']",seed/ angel funding,delhi,False
2018-05-24,bonphulapl,Clean-tech,Oxygen Optimiser Manufacturer,Atul Gupta and Saurabh Rastogi,Seed/ Angel Funding,2.8,bonphulapl,"['atul gupta', 'saurabh rastogi']",seed/ angel funding,delhi,False
2018-05-27,acko,Consumer Internet,Online Insurance Platform,"Amazon, Ashish Dhawan, Catamaran Ventures, NR Narayana Murthy.",Seed/ Angel Funding,114.8,acko,"['amazon', 'ashish dhawan', 'catamaran ventures', 'nr narayana murthy.']",seed/ angel funding,mumbai,False
2018-05-28,hwell24,Healthcare,Home Healthcare Aggregator,"Prashant Mehta, Mitali Pawar, Nikhil G and Bhavesh P, R Ranganathan, ONCOTRUST and Medintel Services Pvt. Ltd",Seed/ Angel Funding,1.91,hwell24,"['prashant mehta', 'mitali pawar', 'nikhil g', 'bhavesh p', 'r ranganathan', 'oncotrust', 'medintel services pvt. ltd']",seed/ angel funding,mumbai,False
2018-05-29,toffee,Consumer Internet,Online Insurance Platform,"Kalaari Capital, Omidyar Network and Accion Venture Labs",Seed/ Angel Funding,14.35,toffee,"['kalaari capital', 'omidyar network', 'accion venture labs']",seed/ angel funding,gurugram,False
2018-05-29,tonetag,Technology,Mobile Payments Technology Platform,Amazon Inc. and Mastercard,Private Equity,76.54,tonetag,"['amazon inc.', 'mastercard']",private equity,bengaluru,False
2018-05-30,events high,Consumer Internet,Events and Activities Discovery Platform,Treebo,Private Equity,0.0,events high,['treebo'],private equity,bengaluru,False
2018-05-30,stellaps,Technology,Iot Application Platform In Agriculture,"IndusAge Partners, Bill & Melinda Gates Foundation, Qualcomm Venture, ABB Technology Ventures, Omnivore, Blume Ventures, Venture Highway and BEENEXT",Private Equity,133.94,stellaps,"['indusage partners', 'bill & melinda gates foundation', 'qualcomm venture', 'abb technology ventures', 'omnivore', 'blume ventures', 'venture highway', 'beenext']",private equity,bengaluru,False
2018-05-31,credright,Consumer Internet,Lending Platform For SMEs,"Accion Venture Lab, YourNest Venture Capital And Other Angel Investors",Seed/ Angel Funding,12.44,credright,"['accion venture lab', 'yournest venture capital', 'other angel investors']",seed/ angel funding,hyderabad,False
2018-04-02,fitternity,Consumer Internet,Online Fitness Discovey Platform,"Exfinity Venture, Saha fund Partners, Arihant Patni of Patni Family Office, Anjali Bansal, Shardul Amarchand Mangaldas, Satish Khanna and Taparia family office.",Private Equity,19.13,fitternity,"['exfinity venture', 'saha fund partners', 'arihant patni of patni family office', 'anjali bansal', 'shardul amarchand mangaldas', 'satish khanna', 'taparia family office.']",private equity,mumbai,False
2018-04-02,synctag,Technology,Social Media Anlaytics Platform,Subhkam Ventures and Mohit Khadaria,Seed / Angel Funding,2.94,synctag,"['subhkam ventures', 'mohit khadaria']",seed / angel funding,coimbatore,False
2018-04-02,benepik,Technology,Enhanced Employee Engagement Platform,"Vishal Bali, Yogesh Misra, Thomas Assessments and others",Seed / Angel Funding,0.0,benepik,"['vishal bali', 'yogesh misra', 'thomas assessments', 'others']",seed / angel funding,gurugram,False
2018-04-02,finzy,Consumer Internet,Online Loan Matchmaking Platform,Undisclosed,Seed / Angel Funding,12.44,finzy,['undisclosed'],seed / angel funding,bengaluru,False
2018-04-04,varthana,Finance,Loans and Services To Affordable Private Schools in India,"ChrysCapital, Existing investors, Elevar Equity, LGT Impact, Omidyar Network and Kaizen Private Equity also participated in the round",Private Equity,526.18,varthana,"['chryscapital', 'existing investors', 'elevar equity', 'lgt impact', 'omidyar network', 'kaizen private equity also participated in the round']",private equity,bengaluru,False
2018-04-05,indigolearn,Ed-Tech,Online Education Platform,"Maheshwar Peri, founder and chairman of career information portal Careers360, and Jamshed Jeejeebhoy, director at Byramjee Jeejeebhoy Pvt. Ltd were among the angels",Seed / Angel Funding,1.44,indigolearn,"['maheshwar peri', 'founder', 'chairman of career information portal careers360', 'and jamshed jeejeebhoy', 'director at byramjee jeejeebhoy pvt. ltd were among the angels']",seed / angel funding,hyderabad,False
2018-04-05,vedantu,Ed-Tech,Interactive Online Tutoring Platform,"Accel Partners, Tiger Global And Others",Private Equity,95.67,vedantu,"['accel partners', 'tiger global', 'others']",private equity,bengaluru,False
2018-04-09,kaleidofin,Fiinance,Digital Financial Services Platform,Omidyar Network. Blume Ventures and Professor Shlomo Ben-Haim,Seed / Angel Funding,26.79,kaleidofin,"['omidyar network. blume ventures', 'professor shlomo ben-haim']",seed / angel funding,chennai,False
2018-04-09,pipabella,Consumer Internet,Fashion Accessories Etailer,Fireside Ventures,Seed / Angel Funding,9.57,pipabella,['fireside ventures'],seed / angel funding,mumbai,False
2018-04-09,elemential,Technology,Blockchain Platform,"Matrix Partner, Amrish Rau, Investopad, Digital Currency Group, Hinduja Group, Lightspeed India, Eight Innovate, Amit Ranjan, Prashant Malik and others",Seed / Angel Funding,0.0,elemential,"['matrix partner', 'amrish rau', 'investopad', 'digital currency group', 'hinduja group', 'lightspeed india', 'eight innovate', 'amit ranjan', 'prashant malik', 'others']",seed / angel funding,mumbai,False
2018-04-09,kriger campus,Ed-Tech,Mobile-Based Education Network,Undisclosed,Seed / Angel Funding,0.44,kriger campus,['undisclosed'],seed / angel funding,delhi,False
2018-04-10,loanzen,Finance,Digital Lending Platform In Logistics,Kae Capital Management,Seed / Angel Funding,0.0,loanzen,['kae capital management'],seed / angel funding,bengaluru,False
2018-04-10,traveltriangle,Consumer Internet,Online Travel Marketplace,"Fundamentum, SAIF Partners, Bessemer Venture Partners, RB investments & Others",Private Equity,114.8,traveltriangle,"['fundamentum', 'saif partners', 'bessemer venture partners', 'rb investments & others']",private equity,gurugram,False
2018-04-12,letsmd,Healthcare,Platform To Discover Healthcare Financing Options,"SRI Capital, Waterbridge Ventures and ThinKuvate",Seed / Angel Funding,9.57,letsmd,"['sri capital', 'waterbridge ventures', 'thinkuvate']",seed / angel funding,delhi,False
2018-04-12,ayefinance,Finance,Online Lending Platform,"BlueOrchard Finance Ltd, Hinduja Leyland Finance and IntelleGrow",Debt Funding,44.01,ayefinance,"['blueorchard finance ltd', 'hinduja leyland finance', 'intellegrow']",debt funding,gurugram,False
2018-04-13,mintifi,Finance,Online Lending Platform,Lok Capital,Seed / Angel Funding,19.13,mintifi,['lok capital'],seed / angel funding,mumbai,False
2018-04-16,icanstay,Consumer Internet,Online Platform For Luxury Hotel Stay For Business Travelers,Mr. Manoj Prasad,Seed / Angel Funding,4.78,icanstay,['mr. manoj prasad'],seed / angel funding,delhi,False
2018-04-16,pregbuddy,Healthcare,Connected Care App For Pregnant Women,"Rajan Anandan, Madhusudhan Kannan, Jayant Kadambi, Puneet Gupta and Pradeep K Jaisingh",Seed / Angel Funding,0.0,pregbuddy,"['rajan anandan', 'madhusudhan kannan', 'jayant kadambi', 'puneet gupta', 'pradeep k jaisingh']",seed / angel funding,bengaluru,False
2018-04-18,coverfox,Consumer Internet,Online Insurance Aggregator,"International Finance Corporation, Transamerica and others.",Private Equity,210.47,coverfox,"['international finance corporation', 'transamerica', 'others.']",private equity,mumbai,False
2018-04-19,lenskart,Consumer Internet,Online Eyewear Retailer,TR Capital,Private Equity,0.0,lenskart,['tr capital'],private equity,faridabad,False
2018-04-19,mamaearth,Healthcare,Online Baby care Products,Shilpa Shetty Kundra,Private Equity,0.0,mamaearth,['shilpa shetty kundra'],private equity,gurugram,False
2018-04-19,fyle technologies,Technology,AI Based Expense Management Platform,Pravega Ventures and Beenext,Seed / Angel Funding,10.52,fyle technologies,"['pravega ventures', 'beenext']",seed / angel funding,bengaluru,False
2018-04-19,true balance,Technology,Mobile Balance Checking App,"Line Ventures Corporation, Line Corp, Naver, Shinhan Bank and TS Investment",Private Equity,220.04,true balance,"['line ventures corporation', 'line corp', 'naver', 'shinhan bank', 'ts investment']",private equity,gurugram,False
2018-04-22,visit,Healthcare,AI Driven Health tech Platform,"Biz Stone, Kunal Bahl, Rohit Bansal, Alagu Periyannan and Karthee Madasamy",Private Equity,0.0,visit,"['biz stone', 'kunal bahl', 'rohit bansal', 'alagu periyannan', 'karthee madasamy']",private equity,delhi,False
2018-04-22,doxper,Healthcare,Digitized Health-Tech Solutions For Practitioners,Vidal Healthcare,Seed / Angel Funding,18.18,doxper,['vidal healthcare'],seed / angel funding,mumbai,False
2018-04-22,nykaa,Consumer Internet,Beauty e-tailer,"Sunil Munjal, Harsh Mariwala, Dalip Pathak and Others",Private Equity,105.24,nykaa,"['sunil munjal', 'harsh mariwala', 'dalip pathak', 'others']",private equity,mumbai,False
2018-04-23,mihuru,Finance,Online Platform Providing Micro Loans For Air Travel,Undisclosed,Seed / Angel Funding,1.44,mihuru,['undisclosed'],seed / angel funding,mumbai,False
2018-04-23,capital float,Finance,Online Lending Platform,Amazon,Private Equity,210.47,capital float,['amazon'],private equity,bengaluru,False
2018-04-25,trip shelf,Consumer Internet,Online Travel Marketplace,"GEMS Advisory, Alok Mittal and Sachin Bhatia",Seed / Angel Funding,2.35,tripshelf,"['gems advisory', 'alok mittal', 'sachin bhatia']",seed / angel funding,delhi,False
2018-04-26,popxo,Technology,Women Focussed Digital Media Platform,"Neoplux, OPPO, IDG Ventures India, Kalaari Capital, GREE Ventures and Summit Media",Private Equity,52.62,popxo,"['neoplux', 'oppo', 'idg ventures india', 'kalaari capital', 'gree ventures', 'summit media']",private equity,delhi,False
2018-04-26,railyatri,Consumer Internet,Online Travel Ticketing Platform,"Omidyar Network, Nandan Nilekani, Blume Ventures, Helion Venture Partners",Private Equity,0.0,railyatri,"['omidyar network', 'nandan nilekani', 'blume ventures', 'helion venture partners']",private equity,noida,False
2018-04-27,1mg,Consumer Internet,Online Pharmacy Store,"Sequoia Capital, Maverick Capital Ltd and HBM Healthcare Investments Ltd",Private Equity,95.67,1mg,"['sequoia capital', 'maverick capital ltd', 'hbm healthcare investments ltd']",private equity,gurugram,False
2018-04-29,rubique,Consumer Internet,Online Lending MarketPlace,"Emery Capital, Blacksoil and Kalaari Capital",Private Equity,0.0,rubique,"['emery capital', 'blacksoil', 'kalaari capital']",private equity,mumbai,False
2018-04-30,samco,Consumer Internet,Online Stock Broker,Bay Capital Investments and Others,Private Equity,71.75,samco,"['bay capital investments', 'others']",private equity,mumbai,False
2018-04-30,myloancare,Finance,B2C Online Loans Marketplace,SAR Group,Seed / Angel Funding,9.36,myloancare,['sar group'],seed / angel funding,gurgaon,False
2018-03-01,pharmeasy,Consumer Internet,Online Pharmacy Store,"Bessemer Venture Partners and Orios Venture Partners, JM Financials and MEMG",Private Equity,0.0,pharmeasy,"['bessemer venture partners', 'orios venture partners', 'jm financials', 'memg']",private equity,mumbai,False
2018-03-01,buddy4studdy,Consumer Internet,Online Scholarship Portal,CBA Capital and others,Private Equity,28.7,buddy4studdy,"['cba capital', 'others']",private equity,noida,False
2018-03-01,urban ladder,E-Commerce,Online Furniture Store,"Sequoia Capital, SAIF Partners and Kalaari capital",Private Equity,114.8,urbanladder,"['sequoia capital', 'saif partners', 'kalaari capital']",private equity,bengaluru,False
2018-03-03,kuvera,Consumer Internet,Online Financial Planning,"Baskar Subramanian, Saket Kumar, Gaurav Suri and Ankit Kesarwani",Seed / Angel Funding,2.39,kuvera,"['baskar subramanian', 'saket kumar', 'gaurav suri', 'ankit kesarwani']",seed / angel funding,bengaluru,False
2018-03-04,gramophone,Technology,Agri-tech,InfoEdge,Seed/Angel Funding,9.57,gramophone,['infoedge'],seed/angel funding,indore,False
2018-03-05,wellthy,Healthcare,Therapeutics,"Ranjan Pai, Apoorva Patni, Beenext Ventures,GrowX Ventures",Private Equity,20.09,wellthy,"['ranjan pai', 'apoorva patni', 'beenext ventures', 'growx ventures']",private equity,mumbai,False
2018-03-05,medgenome,Healthcare,"Genetic Screening, DNA Diagnostics Labs & Research Centers","HDFC Life, HDFC Asset Management",Private Equity,95.67,medgenome,"['hdfc life', 'hdfc asset management']",private equity,bengaluru,False
2018-03-05,finova capital,Consumer Internet,Online Lending,Sequoia Capital,Private Equity,57.4,finova capital,['sequoia capital'],private equity,jaipur,False
2018-03-05,hotelogix,Technology,Cloud based Online Hotel Management Software,"Vertex Ventures, Accel Partners and Saama Capital",Private Equity,47.84,hotelogix,"['vertex ventures', 'accel partners', 'saama capital']",private equity,noida,False
2018-03-04,livehealth,Consumer Internet,Health Service Aggregator Platform,Nexus Venture Partners,Seed / Angel Funding,10.52,livehealth,['nexus venture partners'],seed / angel funding,pune,False
2018-03-06,ad2pro,Technology,"Creative Design, Brand, Media and Technology Platform Solutions",Avendus Finance Pvt. Ltd,Debt Funding,92.8,ad2pro,['avendus finance pvt. ltd'],debt funding,chennai,False
2018-03-06,coverfox,Consumer Internet,Online Insurance Aggregator,Aegon NV,Private Equity,72.71,coverfox,['aegon nv'],private equity,mumbai,False
2018-03-08,pepperfry,Consumer Internet,Online Furniture Shopping Store,State Street Global Advisors,Private Equity,367.37,pepperfry,['state street global advisors'],private equity,mumbai,False
2018-03-08,magicpin,Consumer Internet,Hyperlocal Discovery,Trifecta Capital,Debt Funding,9.57,magicpin,['trifecta capital'],debt funding,gurugram,False
2018-03-12,healthcare,Consumer Internet,Healthcare Aggregator,HR Fund,Seed / Angel Funding,9.57,healthcare,['hr fund'],seed / angel funding,mumbai,False
2018-03-13,pinelabs,Technology,Digital Payment Platform,"Actis, Altimeter Capital",Private Equity,784.49,pinelabs,"['actis', 'altimeter capital']",private equity,mumbai,False
2018-03-14,stumagz,Consumer Internet,Online Communication and Collaboration Platform For Educational Institutions,"Venkat Subramanian, Sudhakar Pennam, and other tech investors from Silicon Valley",Seed / Angel Funding,0.0,stumagz,"['venkat subramanian', 'sudhakar pennam', 'and other tech investors from silicon valley']",seed / angel funding,hyderabad,False
2018-03-14,availfinance,Consumer Internet,Online Lending Platform,"Matrix Partners, Bhavish Aggarwal, Ankit Bhati, Binny Bansal, Kunal Shah and Manish Patel.",Private Equity,164.55,availfinance,"['matrix partners', 'bhavish aggarwal', 'ankit bhati', 'binny bansal', 'kunal shah', 'manish patel.']",private equity,bengaluru,False
2018-03-15,grofers,Consumer Internet,Online Grocery Shop,"SoftBank, Tiger Global and Apoletto Managers.",Private Equity,593.15,grofers,"['softbank', 'tiger global', 'apoletto managers.']",private equity,gurugram,False
2018-03-19,fingerlix,Consumer Internet,Ready To cook Food Solution,Alteria Capital,Debt Funding,12.53,fingerlix,['alteria capital'],debt funding,mumbai,False
2018-03-19,karma healthcare,Healthcare,Technology enabled equitable healthcare for India,"1Crowd, Ankur Capital",Seed / Angel Funding,4.78,karma healthcare,"['1crowd', 'ankur capital']",seed / angel funding,udaipur,False
2018-03-19,zappfresh,Food & Beverages,Online Raw Meat E-tailer,"Amit Burman, SIDBI Venture Capital",Seed / Angel Funding,28.7,zappfresh,"['amit burman', 'sidbi venture capital']",seed / angel funding,gurugram,False
2018-03-19,customersucessbox,Technology,Customer Success Software for B2B SaaS,"Pi Ventures, Axilor Ventures",Seed / Angel Funding,9.57,customersucessbox,"['pi ventures', 'axilor ventures']",seed / angel funding,gurugram,False
2018-03-20,one labs,Consumer Internet,Consumer Technology and Artificial Intelligence Based Aggregator App,Micromax Informatics Ltd,Private Equity,0.0,one labs,['micromax informatics ltd'],private equity,Unknown,False
2018-03-21,gigindia,Consumer Internet,Micro Jobs Provider For Students,"Jessica Wong, Hiro Mashita, Xue Manzi and Yiyun Zhang.",Seed / Angel Funding,0.0,gigindia,"['jessica wong', 'hiro mashita', 'xue manzi', 'yiyun zhang.']",seed / angel funding,pune,False
2018-03-22,chargebee,Technology,Subscription Billing & Recurring Payments Software,"Insight Venture Partners, Accel Partners and Tiger Global Management.",Private Equity,172.21,chargebee,"['insight venture partners', 'accel partners', 'tiger global management.']",private equity,chennai,False
2018-03-22,i2i funding,Consumer Internet,Online loan platform,SucSEED Venture Partners,Seed / Angel Funding,7.35,i2ifunding,['sucseed venture partners'],seed / angel funding,noida,False
2018-03-22,slang labs,Technology,Voice-based assistant platform,Endiya Partners,Seed / Angel Funding,11.86,slang labs,['endiya partners'],seed / angel funding,bengaluru,False
2018-03-22,urbanpiper,Technology,Online ordering solution for restaurants and food chains,"Kumar Vembu, Axilor Ventures",Seed / Angel Funding,0.0,urbanpiper,"['kumar vembu', 'axilor ventures']",seed / angel funding,bengaluru,False
2018-03-26,cash suvidha,Consumer Internet,Online loan platform,"Initia Holdings,Vipin Agarwal and others.",Seed / Angel Funding,9.57,cash suvidha,"['initia holdings', 'vipin agarwal', 'others.']",seed / angel funding,delhi,False
2018-03-28,roadcast,Technology,Fleet management and asset monitoring platform,Undisclosed,Private Equity,2.39,roadcast,['undisclosed'],private equity,delhi,False
2018-03-28,smartcoin,Finance,Micro lending company,"Accion Venture Lab, Unicorn India Ventures and ISME ACE.",Seed / Angel Funding,19.13,smartcoin,"['accion venture lab', 'unicorn india ventures', 'isme ace.']",seed / angel funding,bengaluru,False
2018-03-27,the print,Media,News portal,Ratan Tata,Seed / Angel Funding,5.12,the print,['ratan tata'],seed / angel funding,delhi,False
2018-03-27,driveu,Technology,Professional Car Drivers Hiring App,Amit Singhal and Unitus Seed Fund,Private Equity,28.7,driveu,"['amit singhal', 'unitus seed fund']",private equity,bengaluru,False
2018-03-29,fynd,Consumer Internet,O2O fashion ecommerce platform,"Google, Kae Capital, IIFL, Singularity Ventures, GrowX, Tracxn Labs, Venture Catalyst, Patni family office and Axis Capital.",Seed / Angel Funding,0.0,fynd,"['google', 'kae capital', 'iifl', 'singularity ventures', 'growx', 'tracxn labs', 'venture catalyst', 'patni family office', 'axis capital.']",seed / angel funding,mumbai,False
2018-02-01,bigbasket,Consumer Internet,Online Grocery & Food Store,"Alibaba, Helion Venture Partners, Bessemer Venture Partners, Ascent Capital",Private Equity,2870.1,bigbasket,"['alibaba', 'helion venture partners', 'bessemer venture partners', 'ascent capital']",private equity,bengaluru,False
2018-02-01,zomato,Food and Beverages,Food Ordering and Restaurant Discovery,Ant Financials,Private Equity,1913.4,zomato,['ant financials'],private equity,gurugram,False
2018-02-05,pratilipi,Publishing,E-Publishing,Omidyar Network,Private Equity,41.14,pratilipi,['omidyar network'],private equity,bengaluru,False
2018-02-05,asia institute of medical science,Healthcare,Super-specialty Hospital,CDC Group Plc,Private Equity,200.91,asia institute of medical science,['cdc group plc'],private equity,faridabad,False
2018-02-05,collegedekho,Consumer Internet,Online platform for Higher Education Services,"Man Capital LLP, Girnar Software, Others",Private Equity,19.13,collegedekho,"['man capital llp', 'girnar software', 'others']",private equity,gurugram,False
2018-02-06,foodmemories,Consumer Internet,Online Food Marketplace,"Bhavesh Manglani, Suraj Saharan, Darshan Upadhyay, Sanjay Notani & Others",Seed funding,0.0,foodmemories,"['bhavesh manglani', 'suraj saharan', 'darshan upadhyay', 'sanjay notani & others']",seed funding,ahmedabad,False
2018-02-06,healthi,Healthcare,Preventive Health Checkup,Montane Ventures,Private Equity,29.66,healthi,['montane ventures'],private equity,bengaluru,False
2018-02-07,swiggy,Food and Beverages,Online Food Delivery,Naspers,Private Equity,956.7,swiggy,['naspers'],private equity,bengaluru,False
2018-02-08,shape,Healthcare,"Online Portal for Diet,fitness and Beauty",Sandeep Mathur,Seed / Angle Funding,956.7,shape,['sandeep mathur'],seed / angle funding,pune,False
2018-02-08,icertis,Consumer Internet,Enterprise Contract Management Platform,Meritech Capital Partners,Private Equity,478.35,icertis,['meritech capital partners'],private equity,pune,False
2018-02-09,healthifyme,Healthcare,Mobile Weight Loss Coach,Sistema Asia Fund,Private Equity,114.8,healthifyme,['sistema asia fund'],private equity,bengaluru,False
2018-02-09,medtel,Healthcare,Virtual health clinics,British and Indian Governments,Private Equity,0.0,medtel,"['british', 'indian governments']",private equity,bhubaneswar,False
2018-02-09,rupeek,Consumer Internet,Online Gold Loan,"Accel Partners, Sequoia Capital",Private Equity,65.34,rupeek,"['accel partners', 'sequoia capital']",private equity,bengaluru,False
2018-02-09,webengage,Technology,Marketing Cloud for consumer businesses,Social Capital,Private Equity,0.0,webengage,['social capital'],private equity,mumbai,False
2018-02-12,lendingkart,Finance,Online Lending Platform,Fullerton Financial Holdings Pte Ltd & Others,Private Equity,832.33,lendingkart,['fullerton financial holdings pte ltd & others'],private equity,bengaluru,False
2018-02-12,wydr,Consumer Internet,B2B Marketplace,"Bessemer Venture Partners, Stellaris Venture Partners, Axis Capital, Singapore, Jungle Venture Partners",Private Equity,0.0,wydr,"['bessemer venture partners', 'stellaris venture partners', 'axis capital', 'singapore', 'jungle venture partners']",private equity,gurugram,False
2018-02-12,cashify,E-Commerce,Online Selling,Trifecta Capital,Debt Funding,8.95,cashify,['trifecta capital'],debt funding,gurugram,False
2018-02-13,holachef,Food and Beverages,Online Food Delivery,Ashok Kumar Gajera,Seed / Angle Funding,2.98,holachef,['ashok kumar gajera'],seed / angle funding,mumbai,False
2018-02-13,awaaz de,Technology,Mobile Solutions for Social Impact,Tribe Impact Capital LLP,Seed / Angle Funding,0.0,awaaz de,['tribe impact capital llp'],seed / angle funding,ahmedabad,False
2018-02-13,imax program,Ed-Tech,Individualised Progressive Learning Program,"Michael & Susan Dell Foundation, LGT Impact Ventures",Private Equity,129.15,imax program,"['michael & susan dell foundation', 'lgt impact ventures']",private equity,bengaluru,False
2018-02-14,littlemore,Ed-Tech,Online Education Platform,Kalpavriksh,Private Equity,28.7,littlemore,['kalpavriksh'],private equity,chennai,False
2018-02-14,toppr,Ed-Tech,Online Education Platform,Axis Capital Partners,Private Equity,0.96,toppr,['axis capital partners'],private equity,mumbai,False
2018-02-14,shirsa labs,Ed-Tech,Integrated Kids Engagement Company,"Dewang Neralla, Mahesh Kothurkar,Atul Agarwal",Private Equity,4.78,shirsa labs,"['dewang neralla', 'mahesh kothurkar', 'atul agarwal']",private equity,mumbai,False
2018-02-14,moneyonmobile,Technology,mobile payment platform,S7 Group,Private Equity,47.84,moneyonmobile,['s7 group'],private equity,mumbai,False
2018-02-15,petsutra,Consumer Internet,Online Pet Care Products,Michael Patrick Hickey,Seed / Angel Funding,1.42,petsutra,['michael patrick hickey'],seed / angel funding,gurugram,False
2018-02-15,infibeam,E-Commerce,Online Retailing,Network 18,Private Equity,59.6,infibeam,['network 18'],private equity,ahmedabad,False
2018-02-16,happay,Finance,Expense Management,Sequoia and Jerry Yang,Seed / Angel Funding,2.39,happay,"['sequoia', 'jerry yang']",seed / angel funding,bengaluru,False
2018-02-16,fincash,Finance,Fin-Tech,"Mohammed Khan, Sameer Narayan & Others",Seed / Angel Funding,1.44,fincash,"['mohammed khan', 'sameer narayan & others']",seed / angel funding,mumbai,False
2018-02-19,ayefinance,Finance,Online Lending,"Hinduja Leyland Finance, IntelleGrow",Private Equity,36.35,ayefinance,"['hinduja leyland finance', 'intellegrow']",private equity,gurugram,False
2018-02-20,agricxlab,Agriculture,Agri-tech,Ankur Capital,Seed / Angel Funding,4.78,agricxlab,['ankur capital'],seed / angel funding,mumbai,False
2018-02-21,udaan,E-Commerce,B2B Marketplace,Lightspeed & Yuri Milner,Private Equity,478.35,udaan,['lightspeed & yuri milner'],private equity,bengaluru,False
2018-02-21,capillary,IT,SaaS,"Wargburg Pincus, Sequoia",Private Equity,191.34,capillary,"['wargburg pincus', 'sequoia']",private equity,bengaluru,False
2018-02-21,the healthy billions,Healthcare,Analytics,"Blume Ventures, HealthQuad and Fireside Ventures",Private Equity,20.09,the healthy billions,"['blume ventures', 'healthquad', 'fireside ventures']",private equity,gurugram,False
2018-02-21,highradius,Technology,Cloud-based Software,"PNC, Citi Ventures",Private Equity,0.0,highradius,"['pnc', 'citi ventures']",private equity,hyderabad,False
2018-02-26,avishkaar box,Ed-Tech,Education,Auxano Deals,Private Equity,7.39,avishkaar box,['auxano deals'],private equity,delhi,False
2018-02-26,planys technologies,Technology,Robotic InspectionStartup,"Kris Gopalakrishnan, Pratithi Investment Trust, MEMG Family Office, S Gopal",Private Equity,9.95,planys technologies,"['kris gopalakrishnan', 'pratithi investment trust', 'memg family office', 's gopal']",private equity,chennai,False
2018-02-27,lollypop,Technology,Digital Design,Dr Devi Shetty,Seed / Angel Funding,0.0,lollypop,['dr devi shetty'],seed / angel funding,bengaluru,False
2018-02-27,trilyo,Technology,AI platform for hospitality industry,"Startup Buddy,Amit Manocha and others",Seed / Angel Funding,2.39,trilyo,"['startup buddy', 'amit manocha', 'others']",seed / angel funding,mumbai,False
2018-02-28,gaana,Technology,Online Music Streaming,"Tencent Holdings Ltd, Times Internet",Private Equity,1100.2,gaana,"['tencent holdings ltd', 'times internet']",private equity,gurugram,False
2018-02-28,credy,IT,SaaS,"Y Combinator, Khosla Ventures, Vy Capital and others",Seed / Angel Funding,13.39,credy,"['y combinator', 'khosla ventures', 'vy capital', 'others']",seed / angel funding,bengaluru,False
2018-02-28,predible health,Healthcare,Cancer radiology,Unitus Seed Fund,Seed/Angel Funding,0.0,predible health,['unitus seed fund'],seed/angel funding,bengaluru,False
2018-01-02,clevertap,Technology,Mobile App Analytics,"Recruit Holdings, Sequoia Capital India, Accel Partners",Angel / Seed Funding,0.0,clevertap,"['recruit holdings', 'sequoia capital india', 'accel partners']",angel / seed funding,mumbai,False
2018-01-04,earlysalary,Finance,Online Lending,Eight Roads Ventures India,Private,150.2,earlysalary,['eight roads ventures india'],private,pune,False
2018-01-05,wotu,E-commerce,Food and Beverages,"Claris Capital, Mumbai Angels Network",Angel / Seed Funding,0.0,wotu,"['claris capital', 'mumbai angels network']",angel / seed funding,bengaluru,False
2018-01-08,daaki,E-commerce,Sports Nutrition Supplement etailer,Rohan Agila,Angel / Seed Funding,0.0,daaki,['rohan agila'],angel / seed funding,bengaluru,False
2018-01-09,lendingkart,Finance,Online Lending,Nederlandse Financierings-Maatschappij voor Ontwikkelingslanden N.V.,Debt Funding,44.96,lendingkart,['nederlandse financierings-maatschappij voor ontwikkelingslanden n.v.'],debt funding,ahmedabad,False
2018-01-09,kinsane entertainment inc,Entertainment,Digital Entertainment for Children,Undisclosed,Seed/Angel Funding,23.92,kinsane entertainment inc,['undisclosed'],seed/angel funding,mumbai,False
2018-01-10,tapzo,Technology,Personal Assistant,RuNet & Other,Private Equity,18.46,tapzo,['runet & other'],private equity,bengaluru,False
2018-01-10,appario retail,E-commerce,Retail,Amazon-Patni JV,Private Equity,180.24,appario retail,['amazon-patni jv'],private equity,delhi,False
2018-01-10,samunnati,Finance,Agricultural Loan,"responsAbility, Elevar Equity and Accel Partners",Private Equity,224.82,samunnati,"['responsability', 'elevar equity', 'accel partners']",private equity,chennai,False
2018-01-10,sahajanand medical technologies,Technology,Medical Devices,Morgan Stanley Private Equity Asia,Private Equity,346.61,sahajanand medical technologies,['morgan stanley private equity asia'],private equity,surat,False
2018-01-12,kuants,Technology,Algorithmic Trading,"Pankaj Chopra, Ankush Gupta",Angel / Seed Funding,0.77,kuants,"['pankaj chopra', 'ankush gupta']",angel / seed funding,gurgaon,False
2018-01-12,razorpay,Technology,Payment Gateway,"Tiger Global, Y Combinator",Private Equity,191.34,razorpay,"['tiger global', 'y combinator']",private equity,bengaluru,False
2018-01-15,streak,Technology,Algorithmic Trading,"Indian fintech fund, Rainmatter",Angel / Seed Funding,3.39,streak,"['indian fintech fund', 'rainmatter']",angel / seed funding,bengaluru,False
2018-01-15,pi ventures,Finance,Venture Capital,"Sunil Kant Munjal, Hero Electronix\\xe2\\x80\\x99s corporate financing arm, Electronic Development Fund",Private Equity,239.18,pi ventures,"['sunil kant munjal', ""hero electronix's corporate financing arm"", 'electronic development fund']",private equity,bengaluru,False
2018-01-15,newgen software,Technology,IT,"Goldman Sachs, hedge fund & Others",Private Equity,191.34,newgen software,"['goldman sachs', 'hedge fund & others']",private equity,new delhi,False
2018-01-17,rubix,Technology,Education,Polaris Fund,Private Equity,9.57,rubix,['polaris fund'],private equity,pune,False
2018-01-18,sharechat,Technology,Social,"Xiaomi Singapore, Shunwei Capital",Private Equity,174.12,sharechat,"['xiaomi singapore', 'shunwei capital']",private equity,bengaluru,False
2018-01-22,paperflite,Technology,IT,The Chennai Angels,Angel / Seed Funding,3.83,paperflite,['the chennai angels'],angel / seed funding,chennai,False
2018-01-22,hungerbox,Consumer Internet,Food and Beverages,Lionrock Capital,Private Equity,23.92,hungerbox,['lionrock capital'],private equity,bengaluru,False
2018-01-22,skillate,Technology,Artificial Intellegence,"Incubate Fund India, Anuj Agrawal",Private Equity,0.0,skillate,"['incubate fund india', 'anuj agrawal']",private equity,bengaluru,False
2018-01-22,optacredit,Finance,Alternative Lending,DMI Finance,Private Equity,38.27,optacredit,['dmi finance'],private equity,chennai,False
2018-01-22,aeon learning,Technology,Education,Dr. Ranjan Pai,Private Equity,30.61,aeon learning,['dr. ranjan pai'],private equity,bengaluru,False
2018-01-23,milkbasket,E-commerce,Online Grocery,Unilever Ventures,Private Equity,28.7,milkbasket,['unilever ventures'],private equity,gurugram,False
2018-01-24,neogrowth credit,Finance,Digital Lending,"LeapFrog Investments, Aspada Investment, Quona Capital",Private Equity,449.65,neogrowth credit,"['leapfrog investments', 'aspada investment', 'quona capital']",private equity,mumbai,False
2018-01-24,rao iit academy,Education,Coaching Services,Avendus Finance,Structured Debt,82.28,rao iit academy,['avendus finance'],structured debt,mumbai,False
2018-01-24,aye finance,Finance,Online Lending,IFMR Capital,Term Loan,59.7,ayefinance,['ifmr capital'],term loan,gurugram,False
2018-01-25,glassic,Ecommerce,Eyewear,"Chennai Angels, Lead Angels, LetsVenture",Angel / Seed Funding,0.0,glassic,"['chennai angels', 'lead angels', 'letsventure']",angel / seed funding,bengaluru,False
2018-01-25,greyatom,Technology,Education,Pravega Ventures,Private Equity,9.57,greyatom,['pravega ventures'],private equity,mumbai,False
2018-01-26,axio,Healthcare,Hemostatic Dressing Solutions,RNT Capital,Private Equity,70.8,axio,['rnt capital'],private equity,bengaluru,False
2018-01-29,ekincare,Healthcare,Technology,"Ventureast, Endiya Partners, Eight Roads Ventures, Touchstone Equities, BVR Mohan Reddy",Private Equity,14.35,ekincare,"['ventureast', 'endiya partners', 'eight roads ventures', 'touchstone equities', 'bvr mohan reddy']",private equity,hyderabad,False
2018-01-29,the wedding brigade,Consumer internet,Online Services,Blume Ventures,Private Equity,9.57,the wedding brigade,['blume ventures'],private equity,mumbai,False
2018-01-30,peesafe,Healthcare,Hygiene,"Shivani Singh, Rahul Maroli, Mitesh Shah, Venture Catalysts, Alfa Capital, Green Shots Capital, Real Time Ventures.",Private Equity,9.57,peesafe,"['shivani singh', 'rahul maroli', 'mitesh shah', 'venture catalysts', 'alfa capital', 'green shots capital', 'real time ventures.']",private equity,gurugram,False
2018-01-30,browserstack,Technology,Browser Testing,Accel Partners,Private Equity,478.35,browserstack,['accel partners'],private equity,mumbai,False
2018-01-30,scapic,Technology,Virtual Reality,"Axilor Ventures, Newfort Capital",Angel / Seed Funding,4.78,scapic,"['axilor ventures', 'newfort capital']",angel / seed funding,bengaluru,False
2018-01-30,moneyonmobile,Technology,Mobile Payment Platform,Undisclosed Investors,Private Equity,72.71,moneyonmobile,['undisclosed investors'],private equity,mumbai,False
2018-01-30,curefit,Healthcare,Fitness,"HDFC Bank, Axis Bank",Debt Funding,95.67,curefit,"['hdfc bank', 'axis bank']",debt funding,bengaluru,False
2018-01-31,inurture,Technology,Education Solutions,Ventureast,Private Equity,42.09,inurture,['ventureast'],private equity,bengaluru,False
2017-12-01,strata enviro,Technology,IoT based air pollution controller,Scale Minds,Private Equity,0.0,strata enviro,['scale minds'],private equity,mumbai,False
2017-12-05,dunzo,Technology,Daily Task Management Mobile App,Google,Private Equity,117.67,dunzo,['google'],private equity,bengaluru,False
2017-12-05,tata housing,Real Estate,Residential Project,Hines,Private Equity,220.04,tata housing,['hines'],private equity,mumbai,False
2017-12-05,handytrain,Technology,Mobile Learning Management Platform,NB Ventures,Private Equity,9.57,handytrain,['nb ventures'],private equity,goa,False
2017-12-05,mobycy,Technology,Bicycle sharing Platform,Undisclosed Investors,Seed/Angel Funding,4.78,mobycy,['undisclosed investors'],seed/angel funding,gurgaon,False
2017-12-06,greenlight planet,Technology,Off-grid solar products platform,"Apis Partner, Eight Roads Ventures, Bamboo Capital Partners",Private Equity,574.02,greenlight planet,"['apis partner', 'eight roads ventures', 'bamboo capital partners']",private equity,mumbai,False
2017-12-06,fintobox,Technology,Child Learning & Development Platform,Lightbox,Private Equity,66.97,fintobox,['lightbox'],private equity,chennai,False
2017-12-07,mswipe,Technology,Mobile point of sale services provider,Eduardo Saverin,Private Equity,95.67,mswipe,['eduardo saverin'],private equity,mumbai,False
2017-12-07,the label life,E-Commerce,Home Decor and Online Fashion Portal,Kalpvriksh,Private Equity,29.66,the label life,['kalpvriksh'],private equity,mumbai,False
2017-12-07,cygnus hospitals,Healthcare,Super speciality Hospitals,Somerset Indus Capital Ventures,Seed/Angel Funding,7.18,cygnus hospitals,['somerset indus capital ventures'],seed/angel funding,gurgaon,False
2017-12-07,eshakti,Ecommerce,"""Women\\'s Fashion Clothing Online Platform""",IDG Ventures,Debt Funding,22.0,eshakti,['idg ventures'],debt funding,chennai,False
2017-12-08,inshorts,Technology,Mobile News Curation App,Tiger Global,Private Equity,47.84,inshorts,['tiger global'],private equity,noida,False
2017-12-11,vahdam tea,E-Commerce,Online Platform Selling Indian Tea Globally,"Singapore Angel Network, Mumbai Angel",Private Equity,14.35,vahdam tea,"['singapore angel network', 'mumbai angel']",private equity,delhi,False
2017-12-11,logic roots,Technology,Educational Platform to Learn Mathematics,Village Capital,Seed/Angel Funding,0.48,logicroots,['village capital'],seed/angel funding,mumbai,False
2017-12-11,project mudra,Technology,Assisting Visually Impaired to learn through Braille,Village Capital,Seed/Angel Funding,0.48,project mudra,['village capital'],seed/angel funding,bengaluru,False
2017-12-11,furlenco,Technology,Furniture Rental Platform,Aamir Khan,Debt Funding,11.48,furlenco,['aamir khan'],debt funding,bengaluru,False
2017-12-12,i can stay,Technology,Hotel Aggregator Platform,HT Media,Private Equity,17.22,i can stay,['ht media'],private equity,delhi,False
2017-12-12,fracktal works,Technology,Platform based on 3D printing and Digital Manufacturing,Hyderabad Angels,Seed/Angel Funding,0.0,fracktal works,['hyderabad angels'],seed/angel funding,bengaluru,False
2017-12-12,simility,Technology,Adaptive Fraud Intelligence Platform,Accel Partners,Private Equity,167.42,simility,['accel partners'],private equity,hyderabad,False
2017-12-12,shopholix,E-Commerce,Fashion and Lifestyle Coupon Platform,Munesh Khanna,Seed/Angel Funding,2.23,shopholix,['munesh khanna'],seed/angel funding,gurgaon,False
2017-12-13,mindtickle,Technology,Gamification Platform to train Sales People,Canaan Partners,Private Equity,258.31,mindtickle,['canaan partners'],private equity,pune,False
2017-12-13,nazara technologies,Technology,Mobile Games Development Firm,Rakesh Jhunjhunwala,Private Equity,258.31,nazara technologies,['rakesh jhunjhunwala'],private equity,mumbai,False
2017-12-13,docsapp,Technology,Mobile Application for Doctor Consultation,Bessemer Venture Partners,Private Equity,68.88,docsapp,['bessemer venture partners'],private equity,bengaluru,False
2017-12-13,capita world,Technology,Artificial Intelligence Platform to Raise Funds,"Mohan Tanksale, Kiran Shetty, Darshak Shah, Mandar Mhatre",Private Equity,0.0,capita world,"['mohan tanksale', 'kiran shetty', 'darshak shah', 'mandar mhatre']",private equity,mumbai,False
2017-12-14,tea box,E-Commerce,Fresh Indian Tea Selling Platform across 112 countries,RB Investments,Private Equity,66.97,teabox,['rb investments'],private equity,bengaluru,False
2017-12-14,transversal technologies,Technology,Hyperlocal Video Information Sharing Platform,Matrix Partners,Private Equity,57.4,transversal technologies,['matrix partners'],private equity,bengaluru,False
2017-12-14,curofy,Technology,Mobile App for Network of Doctors,RoundGlass Partners LLC,Seed/Angel Funding,2.39,curofy,['roundglass partners llc'],seed/angel funding,gurgaon,False
2017-12-14,homelane,E-Commerce,Online Furniture Marketplace,"Accel Partners, Sequoia Capital, RB Investments",Private Equity,95.67,homelane,"['accel partners', 'sequoia capital', 'rb investments']",private equity,bengaluru,False
2017-12-14,wedosky,Technology,Provides Business Insights using Drone Imaginary,Mumbai Angels Network,Private Equity,0.0,wedosky,['mumbai angels network'],private equity,delhi,False
2017-12-15,purplle,E-Commerce,Beauty Products Online Marketplace,"Mountain Pain Capital, Suncoast Investments",Seed/Angel Funding,5.14,purplle,"['mountain pain capital', 'suncoast investments']",seed/angel funding,mumbai,False
2017-12-15,cash suvidha,E-Commerce,Online Micro-Lending Platform,Undisclosed,Debt Funding,25.83,cash suvidha,['undisclosed'],debt funding,delhi,False
2017-12-18,sky met weather,Technology,Weather Forecast Platform,InsuResillience Investment Fund,Private Equity,0.0,sky met weather,['insuresillience investment fund'],private equity,noida,False
2017-12-19,springboard,Technology,Online Courses and Mentoring from Experts,"Costanoa, Learn Capital, Jyoti Bansal",Private Equity,90.89,springboard,"['costanoa', 'learn capital', 'jyoti bansal']",private equity,bengaluru,False
2017-12-19,peel works,Technology,SaaS based Big Data Analytics Platform,Unilever Ventures,Private Equity,0.0,peel works,['unilever ventures'],private equity,mumbai,False
2017-12-19,9stacks,Technology,Online Poker Platform,"Swati Gupta, Purnima Khandelwal, Maheshwar Peri, Sanjay Singh",Private Equity,14.35,9stacks,"['swati gupta', 'purnima khandelwal', 'maheshwar peri', 'sanjay singh']",private equity,delhi,False
2017-12-20,your quote,Technology,Vernacular and Video Content Platform,"Axilor Ventures, E-City VEntures Atul Goel",Private Equity,9.57,your quote,"['axilor ventures', 'e-city ventures atul goel']",private equity,bengaluru,False
2017-12-20,spandana sphoorty,Finance,Micro finance institution providing small ticket unsecured loans to women,"""Kedaraa Capital, Ontario Teachers\\'""",Private Equity,186.56,spandana sphoorty,"['kedaraa capital', 'ontario teachers']",private equity,hyderabad,False
2017-12-21,indus os,Technology,Regional Operating System for Smartphones,Omidyar Network,Private Equity,38.27,indus os,['omidyar network'],private equity,mumbai,False
2017-12-21,easyecom,E-Commerce,Ecommerce enabler platform,"Ambarish Gupta, Aneesh Reddy, Bold Ventures, Vona Investments",Seed/Angel Funding,1.44,easyecom,"['ambarish gupta', 'aneesh reddy', 'bold ventures', 'vona investments']",seed/angel funding,bengaluru,False
2017-12-21,igp,E-Commerce,Online Gifting Platform,Venture Catalysts,Private Equity,0.0,igp,['venture catalysts'],private equity,uttar pradesh,False
2017-12-26,specsmakers,E-Commerce,Online Spects Platform for Men and Women,Eight Roads Ventures India,Private Equity,95.67,specsmakers,['eight roads ventures india'],private equity,chennai,False
2017-12-27,garage on road,E-Commerce,Online vehicle service booking platform,Gaurav Gupta,Private Equity,0.0,garage on road,['gaurav gupta'],private equity,noida,False
2017-12-27,foyr,Technology,Realty Tech Startup solving real life Interior Designing problems,Jones Lang LaSalle,Private Equity,36.35,foyr,['jones lang lasalle'],private equity,hyderabad,False
2017-11-02,prest loans,Finance,Business & SME Loans provider,"Manish Poddar, Arun Garg, Parmeshwar Sharma",Seed Funding,5.45,prest loans,"['manish poddar', 'arun garg', 'parmeshwar sharma']",seed funding,new delhi,False
2017-11-02,aadharapi,Technology,Aadhaar-based API provider,CIO Angel Network,Seed Funding,0.0,aadharapi,['cio angel network'],seed funding,pune,False
2017-11-02,freshboxx,ECommerce,Online Grocery Store,Jayant Humbarwadi,Seed Funding,0.0,freshboxx,['jayant humbarwadi'],seed funding,bengaluru,False
2017-11-03,vagupu,Technology,Online Tutorial Marketplace,Undisclosed Investors,Seed Funding,9.57,vagupu,['undisclosed investors'],seed funding,bengaluru,False
2017-11-03,halaplay,Consumer Internet,Online Fantasy Games,"Kae Capital Management, Nazara Technologies",Seed Funding,0.0,halaplay,"['kae capital management', 'nazara technologies']",seed funding,mumbai,False
2017-11-03,kalpnik technologies,Technology,VR based Spiritual platform,Venture Catalysts,Seed Funding,4.78,kalpnik technologies,['venture catalysts'],seed funding,bengaluru,False
2017-11-04,hevo data,Technology,Real time data analytics & reporting,IDG Ventures India,Private Equity,9.57,hevo data,['idg ventures india'],private equity,bengaluru,False
2017-11-06,smart karma,Technology,Financial Technology Research Platform,IDG Ventures India,Private Equity,0.0,smart karma,['idg ventures india'],private equity,bengaluru,False
2017-11-06,leverage edu,ECommerce,Online platform for Higher Education Services,"Alok Mittal, Deepak Jain, Ritesh Malik, Jim Schimdktke",Seed Funding,0.0,leverage edu,"['alok mittal', 'deepak jain', 'ritesh malik', 'jim schimdktke']",seed funding,new delhi,False
2017-11-07,crayon data,Technology,Customer Engagement Platform,Infosys co-founder Kris Gopalakrishnan,Seed Funding,0.0,crayon data,['infosys co-founder kris gopalakrishnan'],seed funding,new delhi,False
2017-11-07,doctalk,Technology,Doctor Patient Communication platform,"Matrix Partners India, Khosla Ventures",Private Equity,47.84,doctalk,"['matrix partners india', 'khosla ventures']",private equity,mumbai,False
2017-11-07,coveiot,Technology,Wearable tech and Internet of Things platform,"Titan Co Ltd, Tata Group\\xe2\\x80\\x99s watch and jewellery retailing firm",Private Equity,47.84,coveiot,"['titan co ltd', ""tata group's watch"", 'jewellery retailing firm']",private equity,bengaluru,False
2017-11-08,talentedge,Technology,Distance Education Learning Platform,Lumis Partners,Private Equity,72.71,talentedge,['lumis partners'],private equity,bengaluru,False
2017-11-08,fisdom,Finance,Mutual Fund Investment App,Quona Capital Management,Private Equity,28.7,fisdom,['quona capital management'],private equity,bengaluru,False
2017-11-08,farmlink,eCommerce,Online platform for Agricultural products,"Pioneering Ventures, Syngenta AG",Private Equity,28.7,farmlink,"['pioneering ventures', 'syngenta ag']",private equity,mumbai,False
2017-11-08,openapp,Technology,IoT based Tech Startup,"Axilor Ventures, Kumar Vembu",Private Equity,34.44,openapp,"['axilor ventures', 'kumar vembu']",private equity,bengaluru,False
2017-11-09,nopaperforms,Technology,Enrolment Management Platform,Info Edge,Seed Funding,8.34,nopaperforms,['info edge'],seed funding,delhi,False
2017-11-09,tilite technologies,Technology,Saas based Corporate Travel Management Solution,Matrix Partners,Seed Funding,0.0,tilite technologies,['matrix partners'],seed funding,bengaluru,False
2017-11-09,mobiliz ar,Technology,Augmented Reality based Tech platform,"IDG Ventures, IDFC-Parampara Fund",Private Equity,0.0,mobiliz ar,"['idg ventures', 'idfc-parampara fund']",private equity,bengaluru,False
2017-11-10,qubole,Technology,Big Data based analytics platform,"Singtel, Innov8, Harmony Partners",Private Equity,239.18,qubole,"['singtel', 'innov8', 'harmony partners']",private equity,bengaluru,False
2017-11-10,happily unmarried,ECommerce,Online Gifting platform,Wipro Consumer Care,Private Equity,0.0,happilyunmarried,['wipro consumer care'],private equity,new delhi,False
2017-11-13,universal sportsbiz,ECommerce,Celebrity fashion accessories and merchandise,Accel Partners,PrivateEquity,143.5,universal sportsbiz,['accel partners'],privateequity,mumbai,False
2017-11-14,hungry foal,Ecommerce,Healthy & Nutrition based snacks online platform,GAIL India Ltd,Seed Funding,0.0,hungry foal,['gail india ltd'],seed funding,gurgaon,False
2017-11-14,active ai,Technology,AI based FinTech platform,Vertex Ventures,Private Equity,78.93,active ai,['vertex ventures'],private equity,bengaluru,False
2017-11-15,sumeru,Technology,Banking Software License Platform,Undisclosed Investors,Seed Funding,8.61,sumeru,['undisclosed investors'],seed funding,bengaluru,False
2017-11-15,elderaid wellness,Health Care,Social Healthcare Enterprise,Rugmini Menon,Angel Funding,0.0,elderaid wellness,['rugmini menon'],angel funding,bengaluru,False
2017-11-15,omnia information,Technology,WiFi Analytics Platform,Omidyar Network,Private Equity,28.7,omnia information,['omidyar network'],private equity,delhi,False
2017-11-15,josh talks,Inspiration,Storytelling platform,"Girish Mathrubootham, Apurva Chamaria, Rohit Chanana",Private Equity,0.0,josh talks,"['girish mathrubootham', 'apurva chamaria', 'rohit chanana']",private equity,gurgaon,False
2017-11-15,reniso,Technology,End-to-End property management for landlords living away,"Nishit Sharma, Alok Srivastava",Seed Funding,0.0,reniso,"['nishit sharma', 'alok srivastava']",seed funding,new delhi,False
2017-11-17,kanhaiya,Inspiration,Storytelling platform,Undisclosed Investors,Seed/Angel Funding,1.91,kanhaiya,['undisclosed investors'],seed/angel funding,hyderabad,False
2017-11-17,perspectico,Technology,Placement preparation and career growth training platform,"SSCBS Innovation, Incubation Foundation (SIIF)",Seed/Angel Funding,0.0,perspectico,"['sscbs innovation', 'incubation foundation (siif)']",seed/angel funding,delhi,False
2017-11-20,onn bikes,Technology,Self riding bike rental program,Z Nation Lab,Seed/Angel Funding,6.62,onn bikes,['z nation lab'],seed/angel funding,mumbai,False
2017-11-21,rapido,Technology,Bike and Taxi pooling online platform,"Skycatcher Fund, Aravind Sanka",Seed/Angel Funding,3.15,rapido,"['skycatcher fund', 'aravind sanka']",seed/angel funding,hyderabad,False
2017-11-21,heckyl,Technology,Big Data Analytics Platform,"Notion Capital, IDG Ventures",Private Equity,25.83,heckyl,"['notion capital', 'idg ventures']",private equity,mumbai,False
2017-11-21,nuvepro,Technology,Managed Cloud Environment Solutions,1Crowd,Seed/Angel Funding,3.83,nuvepro,['1crowd'],seed/angel funding,mumbai,False
2017-11-21,redbook,Technology,AI based pharmacy drugs insights platform,"Vida Ventures, Dr. Aniruddha Malpani",Seed/Angel Funding,2.39,redbook,"['vida ventures', 'dr. aniruddha malpani']",seed/angel funding,mumbai,False
2017-11-21,portea,Healthcare,Healthcare facilities at doorstep,"Sabre Partners, MEMG CDC",Private Equity,248.74,portea,"['sabre partners', 'memg cdc']",private equity,bengaluru,False
2017-11-21,credit mate,Technology,Vehicle loan approval platform,Paytm,Private Equity,0.0,creditmate,['paytm'],private equity,mumbai,False
2017-11-21,epiq capital,Finance,Tech based investor firm,Global Institutional Investors,Private Equity,1913.4,epiq capital,['global institutional investors'],private equity,mumbai,False
2017-11-22,mistay,Technology,Online Hotel Reservation Platform,Axilor Ventures,Seed/Angel Funding,0.0,mistay,['axilor ventures'],seed/angel funding,bengaluru,False
2017-11-23,wittyfeed,Storytelling,Viral Content and storytelling platform,Sandeep Aggarwal,Seed/Angel Funding,0.0,wittyfeed,['sandeep aggarwal'],seed/angel funding,indore,False
2017-11-24,idg ventures,Finance,Venture Capitalist,Uniliver Ventures,Private Equity,95.67,idg ventures,['uniliver ventures'],private equity,bengaluru,False
2017-11-24,tempgo,Technology,IoT and SaaS based transportation platform,Javelin StartupO Victory Fund,Seed/Angel Funding,2.39,tempgo,['javelin startupo victory fund'],seed/angel funding,goa,False
2017-11-27,edelweiss,Finance,Diversified Financial,Undisclosed investors,Private Equity,2583.09,edelweiss,['undisclosed investors'],private equity,mumbai,False
2017-11-27,era,Technology,Identity management platform,Amit Patni,Seed/Angel Funding,0.37,era,['amit patni'],seed/angel funding,mumbai,False
2017-11-27,smaaash,Technology,Virtual Reality based gaming platform,Sixth Sense Ventures,Private Equity,36.35,smaaash,['sixth sense ventures'],private equity,mumbai,False
2017-11-28,chumbak,Lifestyle,Designer-led consumer products,Gaja Capital,Private Equity,124.37,chumbak,['gaja capital'],private equity,bengaluru,False
2017-11-28,fr8,Technology,Online Truck aggregator platform,IFMR Capital,Debt Funding,14.35,fr8,['ifmr capital'],debt funding,chennai,False
2017-11-28,mobiefit,Healthcare,Health and fitness based mobile App,"NB Ventures, MediAssist",Seed/Angel Funding,12.92,mobiefit,"['nb ventures', 'mediassist']",seed/angel funding,goa,False
2017-11-28,stanza living,Technology,Student accommodation platform,"Matrix PArtners, Accel",Private Equity,19.13,stanza living,"['matrix partners', 'accel']",private equity,delhi,False
2017-10-03,chqbook,Consumer Internet,Home Loans Aggregation platform,"Startup Buddy, Apurva Chamaria,Sachin Arora, Bharat Gupta, Amit Manocha",Seed Funding,0.0,chqbook,"['startup buddy', 'apurva chamaria', 'sachin arora', 'bharat gupta', 'amit manocha']",seed funding,gurgaon,False
2017-10-03,homecapital,Consumer Internet,Home Loan Down payment assistance program,Venture Catalysts,Seed Funding,0.0,homecapital,['venture catalysts'],seed funding,mumbai,False
2017-10-03,ola cabs,Consumer Internet,App based cab hailing services,"Tencent, Softbank Group",Private Equity,1052.37,olacabs,"['tencent', 'softbank group']",private equity,bengaluru,False
2017-10-04,elanic,Consumer Internet,P2P platform for Fashion sales,Digital Garage,Seed Funding,0.0,elanic,['digital garage'],seed funding,bengaluru,False
2017-10-04,collpoll,Consumer Internet,Education collaboration platform,Sprout Angels,Seed Funding,2.93,collpoll,['sprout angels'],seed funding,bengaluru,False
2017-10-04,phonepe,Consumer Internet,Digital Wallet,Flipkart,Private Equity,370.24,phonepe,['flipkart'],private equity,bengaluru,False
2017-10-05,little black book,Consumer Internet,Local Recommendations and Discoveries Platform,"Blume Ventures, IDG Ventures & Indian Angel Network",Private Equity,9.57,little black book,"['blume ventures', 'idg ventures & indian angel network']",private equity,new delhi,False
2017-10-05,oorjan,Technology,rooftop solar platform,Globevestor,Seed Funding,4.31,oorjan,['globevestor'],seed funding,mumbai,False
2017-10-05,zefo,ECommerce,Ecommerce Portal for Used Goods,"Sequoia India, Helion Venture Partners, Beenext",Private Equity,88.02,zefo,"['sequoia india', 'helion venture partners', 'beenext']",private equity,bengaluru,False
2017-10-06,yaantra,ECommerce,Mobile repair and Refurbishment platform,Carpediem Capital,Private Equity,29.66,yaantra,['carpediem capital'],private equity,new delhi,False
2017-10-06,farm taaza,Technology,Fresh Produce SCM company,"Epsilon Venture Partners, Tara India Fund IV and others",Private Equity,76.54,farm taaza,"['epsilon venture partners', 'tara india fund iv', 'others']",private equity,bengaluru,False
2017-10-06,drivezy,Consumer Internet,Self Drive car and bike rental platform,"Das Capital, Axan Partners, Das Capital and IT Farm",Private Equity,95.67,drivezy,"['das capital', 'axan partners', 'das capital', 'it farm']",private equity,bengaluru,False
2017-10-06,slice pay,Consumer Internet,Student Micro-financing platform,"Das Capital, Simile Ventures",Private Equity,19.13,slice pay,"['das capital', 'simile ventures']",private equity,bengaluru,False
2017-10-09,agrowave,Technology,Agriculture Supply Chain management solutions,Daffodil Software,Seed Funding,0.0,agrowave,['daffodil software'],seed funding,gurgaon,False
2017-10-09,mygubbi,eCommerce,Home Interior Designing Seller,"Firoze Irani, Vipul Parekh, Ananda Kallugadde, Rajesh K Murthy",Private Equity,25.83,mygubbi,"['firoze irani', 'vipul parekh', 'ananda kallugadde', 'rajesh k murthy']",private equity,bengaluru,False
2017-10-09,ibsfintech,Technology,Treasury Risk Management Solution,Shailesh Haribhakti,Seed Funding,0.0,ibsfintech,['shailesh haribhakti'],seed funding,bengaluru,False
2017-10-09,letsservice,Consumer Internet,Auto Service Logistics & SAAS platform,Aequs Group,Private Equity,0.0,letsservice,['aequs group'],private equity,bengaluru,False
2017-10-09,onestepup,Technology,Education Technology platform,Orient BlackSwan,Seed Funding,3.21,onestepup,['orient blackswan'],seed funding,new delhi,False
2017-10-09,thirdwatch,Technology,AI-powered anti-fraud solutions,"Rahul Agarwalla, Keshav Sanghi, Batlivala & Karani Securities",Seed Funding,0.0,thirdwatch,"['rahul agarwalla', 'keshav sanghi', 'batlivala & karani securities']",seed funding,gurgaon,False
2017-10-10,parallel dots,Technology,AI-powered deep learning solutions,"Multipoint Capital,",Private Equity,13.39,parallel dots,"['multipoint capital', '']",private equity,gurgaon,False
2017-10-10,easy diner,Consumer Internet,online restaurant reservation platform,Saama Capital and DSG Consumer Partners,Private Equity,43.05,easy diner,"['saama capital', 'dsg consumer partners']",private equity,gurgaon,False
2017-10-11,meesho,ECommerce,Online Reseller Network,"SAIF Partners, YCombinator, Venture Highway",Private Equity,29.66,meesho,"['saif partners', 'ycombinator', 'venture highway']",private equity,bengaluru,False
2017-10-11,stanplus,Logistics,Medical Transportation Services,KStart Capital,Private Equity,10.52,stanplus,['kstart capital'],private equity,hyderabad,False
2017-10-12,uclid,Technology,"Education Network for Institutions, teachers & Students",Undisclosed investors,Seed Funding,2.25,uclid,['undisclosed investors'],seed funding,hyderabad,False
2017-10-13,policy bazaar,Consumer Internet,Online insurance policy aggregator,"Wellington Management, DG Ventures India, True North",Private Equity,736.66,policybazaar,"['wellington management', 'dg ventures india', 'true north']",private equity,gurgaon,False
2017-10-13,gapoon,Consumer Internet,home maintenance services platform,"Vida Ventures, Snehal Mantri, Anshu Bahadur",Seed Funding,2.39,gapoon,"['vida ventures', 'snehal mantri', 'anshu bahadur']",seed funding,bengaluru,False
2017-10-13,chaayos,eCommerce,Online Chai ordering platform,Tiger Global Management,Private Equity,19.13,chaayos,['tiger global management'],private equity,gurgaon,False
2017-10-16,krazybee,Consumer Internet,Micro-lending platform,"Xiaomi Technologies, Shunwei Capital",Private Equity,76.54,krazybee,"['xiaomi technologies', 'shunwei capital']",private equity,bengaluru,False
2017-10-16,renew buy,Consumer Internet,Online Insurance Aggregator,Amicus Capital,Private Equity,88.02,renewbuy,['amicus capital'],private equity,new delhi,False
2017-10-17,fingerlix,Consumer Internet,Food Ordering Portal,"Accel Partners, Zephyr Peacock",Private Equity,66.97,fingerlix,"['accel partners', 'zephyr peacock']",private equity,bengaluru,False
2017-10-18,bank bazaar,Consumer Internet,Online Financial Marketplace,Experian,Private Equity,66.97,bankbazaar,['experian'],private equity,chennai,False
2017-10-18,hasura,Technology,App building platform,"Nexus, GREE Ventures",Private Equity,0.0,hasura,"['nexus', 'gree ventures']",private equity,chennai,False
2017-10-18,blackbuck,Logistics,B2B Logistics provider,Innoven Capital,Private Equity,73.67,blackbuck,['innoven capital'],private equity,bengaluru,False
2017-10-18,lenden club,Consumer Internet,Online peer-to-peer lending platform,Undisclosed Investor,Seed Funding,4.78,lendenclub,['undisclosed investor'],seed funding,mumbai,False
2017-10-23,toppr,Consumer Internet,Mobile based learning app,"SAIF Partners, Helion Ventures, FIL Capital Management",Private Equity,66.97,toppr,"['saif partners', 'helion ventures', 'fil capital management']",private equity,mumbai,False
2017-10-23,raw pressery,Food & Beverage,Cold pressed Juice maker,"DSG Consumer Partners, Sequoia Capital, Saama Capital",Private Equity,57.4,rawpressery,"['dsg consumer partners', 'sequoia capital', 'saama capital']",private equity,mumbai,False
2017-10-23,cashe,Consumer Internet,app-only lending platform,IFMR Capital,Debt Funding,29.66,cashe,['ifmr capital'],debt funding,mumbai,False
2017-10-23,park easy,Consumer Internet,Machine learning based parking discovery,Rockstart Accelerator,Seed Funding,1.13,park easy,['rockstart accelerator'],seed funding,kolkata,False
2017-10-24,tagbox,Technology,Cold Chain monitoring solution,"Indian Angel network, IAN Fund",Seed Funding,0.0,tagbox,"['indian angel network', 'ian fund']",seed funding,bengaluru,False
2017-10-24,fyre,Food & Beverage,Herbal energy shot maker,Venture Catalysts,Seed Funding,4.78,fyre,['venture catalysts'],seed funding,mumbai,False
2017-10-24,ziploan,Consumer Internet,SME lending platform,"Matrix Partners India, WaterBridge Ventures, Whiteboard Capital, Sarbvir Singh",Private Equity,28.7,ziploan,"['matrix partners india', 'waterbridge ventures', 'whiteboard capital', 'sarbvir singh']",private equity,new delhi,False
2017-10-24,skillenza,Consumer Internet,Online Learning Platform,"Blume Ventures, Indian Angel Network",Seed Funding,6.91,skillenza,"['blume ventures', 'indian angel network']",seed funding,bengaluru,False
2017-10-24,chevon,Food & Beverage,Frozen Meat provider,Greenfield Advisory,Private Equity,0.0,chevon,['greenfield advisory'],private equity,mumbai,False
2017-10-25,propstory,Consumer Internet,Real Estate content portal,"Abhishek Bhatewara, Vivek Shah, Haitong Securities, Suraj Saharan, Paras Arora",Seed Funding,0.0,propstory,"['abhishek bhatewara', 'vivek shah', 'haitong securities', 'suraj saharan', 'paras arora']",seed funding,gurgaon,False
2017-10-25,spotdraft,Consumer Internet,Contract Automation,"Hunch Ventures, Spiral Ventures, 500 Startups, Singapore Angel Network, Citrus Payments",Seed Funding,5.26,spotdraft,"['hunch ventures', 'spiral ventures', '500 startups', 'singapore angel network', 'citrus payments']",seed funding,gurgaon,False
2017-10-26,big basket,eCommerce,Online Grocery portal,Helion Ventures Partners,Private Equity,47.84,bigbasket,['helion ventures partners'],private equity,bengaluru,False
2017-10-27,ofbusiness,Technology,B2B Finance & Fulfilment Network,Kotak Mahindra Bank,Debt Funding,36.35,ofbusiness,['kotak mahindra bank'],debt funding,gurgaon,False
2017-10-27,olly credit,Technology,Credit + payment mobile app,"Incubate Fund, Sandesh Kirkire, Anand Kumar, Yogesh Chaudhary",Seed Funding,0.0,olly credit,"['incubate fund', 'sandesh kirkire', 'anand kumar', 'yogesh chaudhary']",seed funding,new delhi,False
2017-10-28,cashfree,Technology,Payments Platform for Marketplaces and Fintechs,Y Combinator,Seed Funding,1.15,cashfree,['y combinator'],seed funding,new delhi,False
2017-10-28,ola cabs,Consumer Internet,App based cab hailing services,ANI Technologies Pvt. Ltd,Private Equity,73.67,olacabs,['ani technologies pvt. ltd'],private equity,bengaluru,False
2017-10-30,goldfarm,Food & Beverage,Agriculture Technology,Mahindra & Mahindra and Infuse Ventures,Private Equity,19.13,goldfarm,"['mahindra & mahindra', 'infuse ventures']",private equity,coimbatore,False
2017-10-31,netmeds,ECommerce,Online Pharmacy,TannCam Investment & Sistema Asia Fund,Private Equity,133.94,netmeds,['tanncam investment & sistema asia fund'],private equity,chennai,False
2017-10-31,mse,Finance,Equity Stock Exchange,"IL&FS, Trust Capital, Rosy Blue Securities, Radhakrishan Damani and Rakesh Jhunjhunwala",Private Equity,306.14,mse,"['il&fs', 'trust capital', 'rosy blue securities', 'radhakrishan damani', 'rakesh jhunjhunwala']",private equity,mumbai,False
2017-09-01,aahaa stores,eCommece,Online B2B store for office supplies,YourNest Angel Fund,Private Equity,9.57,aahaa stores,['yournest angel fund'],private equity,chennai,False
2017-09-01,mfine,Consumer Internet,Online Doctor Discovery platform,"Stellaris Venture Partners, Mayur Abhaya, Rohit MA",Private Equity,14.35,mfine,"['stellaris venture partners', 'mayur abhaya', 'rohit ma']",private equity,bengaluru,False
2017-09-01,canvera,Consumer Internet,Online Photography platform,InfoEdge,Private Equity,12.44,canvera,['infoedge'],private equity,mumbai,False
2017-09-04,primaryio,Technology,Application Performance Acceleration,"Accel Partners, Exfinity Ventures, Partech Ventures",Private Equity,53.58,primaryio,"['accel partners', 'exfinity ventures', 'partech ventures']",private equity,pune,False
2017-09-05,shubh loans,Consumer Internet,online lending platform,"SRI Capital, BeeNext, Pravega Ventures",Private Equity,14.35,shubhloans,"['sri capital', 'beenext', 'pravega ventures']",private equity,bengaluru,False
2017-09-05,nest education,Technology,EduTech Platform,"Michael and Susan Dell Foundation, Anand Mahindra",Seed Funding,5.74,nest education,"['michael', 'susan dell foundation', 'anand mahindra']",seed funding,gurgaon,False
2017-09-06,lending kart,Consumer Internet,Online Lending Platform,"Bertelsmann India, Mayfield Capital, Saama Capital, Darrin Capital",Private Equity,102.85,lendingkart,"['bertelsmann india', 'mayfield capital', 'saama capital', 'darrin capital']",private equity,ahmedabad,False
2017-09-06,gofro,Consumer Internet,Online travel booking platform,"HIS Co. Ltd, MakeMyTrip",Private Equity,95.67,gofro,"['his co. ltd', 'makemytrip']",private equity,new delhi,False
2017-09-06,oncostem,Healthcare,Medical Diagnostic Solutions,"Sequoia Capital India, Artiman Ventures",Private Equity,57.4,oncostem,"['sequoia capital india', 'artiman ventures']",private equity,bengaluru,False
2017-09-06,power2sme,eCommerce,Buying Club for Small Businesses,"International Finance Corporation (IFC), Inventus Capital Partners, Accel Partners, Kalaari Capital, and Nandan Nilekani,",Private Equity,248.74,power2sme,"['international finance corporation (ifc)', 'inventus capital partners', 'accel partners', 'kalaari capital', 'and nandan nilekani', '']",private equity,gurgaon,False
2017-09-07,credit vidya,Consumer Internet,Online Credit scoring platform,Matrix Partners,Private Equity,47.84,creditvidya,['matrix partners'],private equity,mumbai,False
2017-09-07,tails life,Consumer Internet,Pet care portal & mobile app,V Balakrishnan.,Private Equity,0.0,tailslife,['v balakrishnan.'],private equity,bengaluru,False
2017-09-07,oyo rooms,Consumer Internet,Branded budget hotels marketplace,"SoftBank Group, Sequoia Capital India, Lightspeed Venture Partners, Greenoaks Capital, Hero Enterprise",Private Equity,2391.75,oyorooms,"['softbank group', 'sequoia capital india', 'lightspeed venture partners', 'greenoaks capital', 'hero enterprise']",private equity,gurgaon,False
2017-09-07,early salary,Consumer Internet,Online Unsecured Lending platform,IFMR Capital,Debt Funding,7.46,earlysalary,['ifmr capital'],debt funding,pune,False
2017-09-07,mamaearth,eCommerce,online babycare products marketplace,Fireside Ventures,Seed Funding,0.0,mamaearth,['fireside ventures'],seed funding,gurgaon,False
2017-09-07,seniority,eCommerce,Ecommerce portal for senior citizens,RPG Enterprises,Private Equity,9.57,seniority,['rpg enterprises'],private equity,pune,False
2017-09-08,aye finance,Consumer Internet,Micro Lending Platform,"Triodos Investment Management,",Debt Funding,66.01,ayefinance,"['triodos investment management', '']",debt funding,new delhi,False
2017-09-08,farmizen,Technology,Agre-Tech Mobile app,"Venture Highway, Alok Mittal, Mohit Agarwal, Anuj Gupta,",Seed Funding,0.0,farmizen,"['venture highway', 'alok mittal', 'mohit agarwal', 'anuj gupta', '']",seed funding,bengaluru,False
2017-09-11,ecom express,Logistics,Logistics Solutions provider,Warburg Pincus,Private Equity,287.01,ecom express,['warburg pincus'],private equity,new delhi,False
2017-09-11,call health,Consumer Internet,Healthcare Services Aggregator,"Sachin Tendulkar, P.V SIndhu, Pullela Gopichand",Private Equity,59.32,call health,"['sachin tendulkar', 'p.v sindhu', 'pullela gopichand']",private equity,hyderabad,False
2017-09-12,sattviko,eCommerce,Health Food etailer,"Raman Roy, Arvind Uppal, Sonu Bhasin, G Ravishankar",Seed Funding,0.0,sattviko,"['raman roy', 'arvind uppal', 'sonu bhasin', 'g ravishankar']",seed funding,new delhi,False
2017-09-12,3hcare,Consumer Internet,Healthcare services portal,Undisclosed Investor,Seed Funding,0.96,3hcare,['undisclosed investor'],seed funding,new delhi,False
2017-09-12,tonbo imaging,Technology,Imaging Technology for Armed Forces,"WRV Capital, Qualcomm Ventures, Edelweiss Private Equity, Artiman Ventures",Private Equity,162.64,tonbo imaging,"['wrv capital', 'qualcomm ventures', 'edelweiss private equity', 'artiman ventures']",private equity,bengaluru,False
2017-09-12,get my parking,Consumer Internet,Smart Parking Enabler,"IAN Fund, Beenext, Indian Angel Network",Private Equity,28.7,get my parking,"['ian fund', 'beenext', 'indian angel network']",private equity,new delhi,False
2017-09-13,wittyfeed,Technology,Content marketing platform,"Anand Chandrasekaran, Apurva Chamaria, Ritesh Malik, Ashish Toshniwal, Ajeet Khurana",Seed Funding,0.0,wittyfeed,"['anand chandrasekaran', 'apurva chamaria', 'ritesh malik', 'ashish toshniwal', 'ajeet khurana']",seed funding,indore,False
2017-09-13,glowroad,Consumer Internet,women focussed customer-to-customer reseller network,"Accel Partners,",Private Equity,19.13,glowroad,"['accel partners', '']",private equity,bengaluru,False
2017-09-13,oyo rooms,Consumer Internet,udget hotel marketplace,China Lodging Group,Private Equity,95.67,oyorooms,['china lodging group'],private equity,gurgaon,False
2017-09-13,unacademy,Consumer Internet,Online learning platform,"Sequoia Capital India, SAIF Partners, Nexus Venture Partners and Blume Ventures,",Private Equity,110.02,unacademy,"['sequoia capital india', 'saif partners', 'nexus venture partners', 'blume ventures', '']",private equity,mumbai,False
2017-09-13,heterogenous,Technology,Telecom & IoT platform,"Chennai Angels, Keiretsu Forum & Others",Seed Funding,7.46,heterogenous,"['chennai angels', 'keiretsu forum & others']",seed funding,chennai,False
2017-09-14,gurukul,Consumer Internet,co-working space provider,"Rohit Nanda, Rajit Nanda, Smarak Bhuyan, Sashwat Brahma,",Seed Funding,0.0,gurukul,"['rohit nanda', 'rajit nanda', 'smarak bhuyan', 'sashwat brahma', '']",seed funding,new delhi,False
2017-09-14,smaaash,Technology,Virtual Reality gaming and entertainment platform,ECL Finance,Private Equity,420.95,smaaash,['ecl finance'],private equity,mumbai,False
2017-09-14,wheelstreet,Consumer Portal,Bike Rental Platform,Y Combinator,Seed Funding,1.15,wheelstreet,['y combinator'],seed funding,bengaluru,False
2017-09-14,xprep,Consumer Internet,Online Tutoring Platform,"Rising Stars, Manish Amin, Pallav Pandey, Chavi Jafa",Private Equity,0.0,xprep,"['rising stars', 'manish amin', 'pallav pandey', 'chavi jafa']",private equity,new delhi,False
2017-09-18,the moms co,eCommerce,Pregnancy & Baby Care product etailer,"DSG Consumer Partners, Saama Capital",Private Equity,9.57,the moms co,"['dsg consumer partners', 'saama capital']",private equity,gurgaon,False
2017-09-19,noticeboard,Technology,"mobile-first communication platform for on-field staff,","Shamik Sharma, Aprameya Radhakrishna",Seed Funding,0.0,noticeboard,"['shamik sharma', 'aprameya radhakrishna']",seed funding,bengaluru,False
2017-09-19,high radius,Technology,Integrated receivables software solutions,Susquehanna Growth Equity LLC,Private Equity,478.35,highradius,['susquehanna growth equity llc'],private equity,hyderabad,False
2017-09-20,hwell24 plus,Healthcare,Technology-Empowered Healthcare Solutions,Undisclosed Investors,Seed Funding,0.0,hwell24 plus,['undisclosed investors'],seed funding,mumbai,False
2017-09-21,savebc,Finance,financial services firm,Incofin Investment Management.,Private Equity,57.4,savebc,['incofin investment management.'],private equity,gaya,False
2017-09-21,gaming monk,Consumer Internet,E-sports platform,AdvantEdge,Private Equity,0.0,gaming monk,['advantedge'],private equity,new delhi,False
2017-09-21,91springboard,Consumer Internet,Co-working spaces,"Sandway Investment Ltd, Pearl Brook Holdings, Silo Holdings and Al Nour",Private Equity,0.0,91springboard,"['sandway investment ltd', 'pearl brook holdings', 'silo holdings', 'al nour']",private equity,new delhi,False
2017-09-21,homergize,eCommerce,Home Furnishing & Building material marketplace,LG Chandrasekhar,Private Equity,9.57,homergize,['lg chandrasekhar'],private equity,bengaluru,False
2017-09-22,yatra,eCommerce,Online Travel Agency,InnoVen Capital India,Debt Funding,147.33,yatra,['innoven capital india'],debt funding,gurgaon,False
2017-09-22,ace turtle,Technology,Omni-channel web commerce solutions provider,InnoVen Capital,Private Equity,0.0,ace turtle,['innoven capital'],private equity,bengaluru,False
2017-09-25,vogo,Consumer Internet,Scooter Rental Platform,AV Thomas Group,Seed Funding,0.0,vogo,['av thomas group'],seed funding,bengaluru,False
2017-09-25,synup,Technology,SME Marketing Management Solution,"Vertex Ventures, Prime Venture Partners.",Private Equity,57.4,synup,"['vertex ventures', 'prime venture partners.']",private equity,bengaluru,False
2017-09-25,tinmen,Consumer Internet,Food Delivery platform,Zomato Media Pvt. Ltd,Private Equity,0.0,tinmen,['zomato media pvt. ltd'],private equity,hyderabad,False
2017-09-25,cropin,Technology,Crop Technology Solutions,Beenext,Private Equity,0.0,cropin,['beenext'],private equity,bengaluru,False
2017-09-25,rapido,Consumer Internet,Bike Aggregator Mobile App,Battery Road Digital Holdings LLC,Seed Funding,4.04,rapido,['battery road digital holdings llc'],seed funding,bengaluru,False
2017-09-25,sportobuddy,Consumer Internet,Sports & Sport related equipment portal,Mehul Shah,Seed Funding,1.44,sportobuddy,['mehul shah'],seed funding,mumbai,False
2017-09-26,credifiable,Consumer Internet,Online consumer lending platform,Kae Capital,Private Equity,0.0,credifiable,['kae capital'],private equity,bengaluru,False
2017-09-26,inclov,Consumer Internet,Matchmaking app for the differently abled,"Rajan Anandan, Jamil Khatri, Ravi Iyer, Raghav Bahl",Seed Funding,0.0,inclov,"['rajan anandan', 'jamil khatri', 'ravi iyer', 'raghav bahl']",seed funding,gurgaon,False
2017-09-26,multibhashi,Consumer Internet,Language learning Mobile App,"Aniruddha Malpani, Startup Oasis",Seed Funding,0.0,multibhashi,"['aniruddha malpani', 'startup oasis']",seed funding,bengaluru,False
2017-09-27,transerve,Technology,Geospatial Technology-based SaaS solutions,"IL&FS Investment Managers, Omidyar Network.",Private Equity,15.31,transerve,"['il&fs investment managers', 'omidyar network.']",private equity,mumbai,False
2017-09-27,fashalot,Consumer Internet,O2O fashion discovery platform,"Capillary Technologies, Whiteboard Capital, YourNest Angel Fund, Rajul Garg",Private Equity,0.0,fashalot,"['capillary technologies', 'whiteboard capital', 'yournest angel fund', 'rajul garg']",private equity,gurgaon,False
2017-09-27,pitstop,Consumer Internet,Car repair and Servicing Platform,"Blume Ventures, Goldbell Group, Anurag Srivastava, Shailesh Rao, Amiya Pathak, Rajesh Yohanan and Rahul Garg",Private Equity,9.57,pitstop,"['blume ventures', 'goldbell group', 'anurag srivastava', 'shailesh rao', 'amiya pathak', 'rajesh yohanan', 'rahul garg']",private equity,bengaluru,False
2017-09-27,gochoppers,Consumer Internet,Luxury Helicopter Tourism Services portal,"Rivergate Capital,",Seed Funding,0.0,gochoppers,"['rivergate capital', '']",seed funding,gurgaon,False
2017-09-27,myupchar,Consumer Internet,Local Language Health Information portal,LetsVenture,Seed Funding,2.87,myupchar,['letsventure'],seed funding,new delhi,False
2017-09-28,aadyah,Technology,Defense Tech & Aerospace startup,Keiretsu Forum,Private Equity,9.57,aadyah,['keiretsu forum'],private equity,bengaluru,False
2017-08-01,touchkin,Technology,Predictive Care Platform,Kae Capital,Private Equity,12.44,touchkin,['kae capital'],private equity,bengaluru,False
2017-08-02,ethinos,Technology,Digital Marketing Agency,Triton Investment Advisors,Private Equity,0.0,ethinos,['triton investment advisors'],private equity,mumbai,False
2017-08-02,leverage edu,Consumer Internet,Online platform for Higher Education Services,"Kashyap Deorah, Anand Sankeshwar, Deepak Jain, Sadashiva NT, Arjun Mehta, Satish Kaul, Anindya Ghose",Seed Funding,0.0,leverage edu,"['kashyap deorah', 'anand sankeshwar', 'deepak jain', 'sadashiva nt', 'arjun mehta', 'satish kaul', 'anindya ghose']",seed funding,new delhi,False
2017-08-02,zepo,Consumer Internet,DIY Ecommerce platform,"Kunal Shah, LetsVenture, Anupam Mittal, Hetal Sonpal",Seed Funding,4.78,zepo,"['kunal shah', 'letsventure', 'anupam mittal', 'hetal sonpal']",seed funding,mumbai,False
2017-08-02,click2clinic,Consumer Internet,healthcare service aggregator,"Narottam Thudi, Shireesh Palle",Seed Funding,8.13,click2clinic,"['narottam thudi', 'shireesh palle']",seed funding,hyderabad,False
2017-08-03,speedbox,Logistics,On-Demand Logistics Service provider,Cismat Cargo Services Pvt. Ltd.,Seed Funding,2.87,speedbox,['cismat cargo services pvt. ltd.'],seed funding,mumbai,False
2017-08-03,skill connect,Consumer Internet,Recruitment Portal,Rajasthan Angel Investor Network,Seed Funding,0.0,skill connect,['rajasthan angel investor network'],seed funding,jaipur,False
2017-08-03,chai point,Consumer Internet,Tea Delivery Portal & offline stores,"DSG Consumer Partners, Eight Roads Ventures India",Private Equity,0.0,chaipoint,"['dsg consumer partners', 'eight roads ventures india']",private equity,bengaluru,False
2017-08-03,zoctr,Consumer Internet,Health Products & Services Aggregator,SIDBI,Private Equity,0.0,zoctr,['sidbi'],private equity,mumbai,False
2017-08-04,lime tray,Technology,Restaurant Management Solutions,JSW Ventures,Private Equity,0.0,lime tray,['jsw ventures'],private equity,new delhi,False
2017-08-04,coutloot,eCommerce,Fashion Resale Marketplace,"Anuj Puri, Redcliffe Capital, Artha India Ventures, Siddharth Kothari, Apoorv Ranjan Sharma,",Seed Funding,0.0,coutloot,"['anuj puri', 'redcliffe capital', 'artha india ventures', 'siddharth kothari', 'apoorv ranjan sharma', '']",seed funding,mumbai,False
2017-08-04,box my space,Logistics,Warehouse Aggregator,"R. Jayakumar, Vaibhav Vohra, Aditya Vazirani, Rhea Vazirani, AVN Business Solutions, Dreamweaver Investments",Seed Funding,0.0,boxmyspace,"['r. jayakumar', 'vaibhav vohra', 'aditya vazirani', 'rhea vazirani', 'avn business solutions', 'dreamweaver investments']",seed funding,mumbai,False
2017-08-05,curatio,Healthcare,Skincare Speciality services,Anicut Capital,Private Equity,0.0,curatio,['anicut capital'],private equity,chennai,False
2017-08-08,new castle technologies,Technology,Hospital Management Software,Undisclosed investors,Seed Funding,2.32,new castle technologies,['undisclosed investors'],seed funding,chennai,False
2017-08-08,my forex eye,Consumer Internet,foreign exchange services,"Rahul Dev Kumar, Rajesh Mahajan, Ankit Sharma and others",Seed Funding,2.1,my forex eye,"['rahul dev kumar', 'rajesh mahajan', 'ankit sharma', 'others']",seed funding,new delhi,False
2017-08-09,truxapp,Logistics,Mobile based Logistics Service,"Venugopal Dhoot, Ajay Bhatia, Tarun Khandelwal, Ganpat Singhvi, Mandhian family & Others",Seed Funding,29.66,truxapp,"['venugopal dhoot', 'ajay bhatia', 'tarun khandelwal', 'ganpat singhvi', 'mandhian family & others']",seed funding,new delhi,False
2017-08-09,crofarm,Technology,Agriculture Supply Chain solutions,Factor[e] Ventures,Seed Funding,7.49,crofarm,['factor[e] ventures'],seed funding,gurgaon,False
2017-08-09,doodhwala,Consumer Internet,Online milk delivery,Tom Varkey,Seed Funding,0.0,doodhwala,['tom varkey'],seed funding,bengaluru,False
2017-08-10,stayabode,Consumer Internet,Co-Living space aggregator,"Incubate Fund, Sanjay Shenoy, Mridul Upreti,",Private Equity,0.0,stayabode,"['incubate fund', 'sanjay shenoy', 'mridul upreti', '']",private equity,bengaluru,False
2017-08-11,flipkart,eCommerce,Online Marketplace,Softbank,Private Equity,23917.5,flipkart,['softbank'],private equity,bengaluru,False
2017-08-11,moong labs,Technology,Mobile games developer,Nazara Games,Private Equity,0.0,moong labs,['nazara games'],private equity,new delhi,False
2017-08-11,ola cabs,Consumer Internet,App based cab aggregation Service,Tekne Capital Management,Private Equity,344.41,olacabs,['tekne capital management'],private equity,gurgaon,False
2017-08-14,sports flashes,Consumer Internet,Sports Content Mobile App,"Bennett, Coleman and Company Ltd (BCCL),",Private Equity,0.0,sport flashes,"['bennett', 'coleman', 'company ltd (bccl)', '']",private equity,new delhi,False
2017-08-14,digilend,Technology,Personal Loans & EMI solutions platform,"InCred Finance, Fullerton India Credit Company Ltd",Seed Funding,2.98,digilend,"['incred finance', 'fullerton india credit company ltd']",seed funding,mumbai,False
2017-08-15,knab finance,Consumer Internet,Unsecured Small Business Loans,"InCred, Krishnakumar Natarajan, Ravi Bhardwaj",Seed Funding,3.68,knab finance,"['incred', 'krishnakumar natarajan', 'ravi bhardwaj']",seed funding,bengaluru,False
2017-08-17,get simpl,Consumer Internet,Payment Solution Mobile app,"Green Visor Capital LP II, IA Venture Strategies Fund II LP, Boillot Family Trust, Russell M Byrne, The Oliver R. Grace, Jr. Millennium Trust, SF Capital Investments LP",Seed Funding,0.0,get simpl,"['green visor capital lp ii', 'ia venture strategies fund ii lp', 'boillot family trust', 'russell m byrne', 'the oliver r. grace', 'jr. millennium trust', 'sf capital investments lp']",seed funding,mumbai,False
2017-08-20,rootefy,eCommerce,Building material online store,"Abhinav Gupta,",Seed Funding,1.79,rootefy,"['abhinav gupta', '']",seed funding,new delhi,False
2017-08-21,uniphore,Technology,speech recognition startup,IDG Ventures,Private Equity,65.06,uniphore,['idg ventures'],private equity,chennai,False
2017-08-21,cerebroz,Consumer Internet,E-Tech platform,Undisclosed HNI\\xe2\\x80\\x99s,Seed Funding,7.02,cerebroz,"[""undisclosed hni's""]",seed funding,vadodara,False
2017-08-22,flochat,Consumer Internet,instant messaging platform,"iSquare Global,",Seed Funding,0.0,flochat,"['isquare global', '']",seed funding,mumbai,False
2017-08-22,easygov,Consumer Internet,Govt service application portal,"Social Alpha, Rajan Anandan, Rajeev Ahuja, Kshitij Arora",Seed Funding,0.0,easygov,"['social alpha', 'rajan anandan', 'rajeev ahuja', 'kshitij arora']",seed funding,noida,False
2017-08-23,milk basket,Consumer Internet,Online Grocery platform,Blume Ventures. Lenovo Capital and Incubator Group (LCIG),Seed Funding,0.0,milkbasket,"['blume ventures. lenovo capital', 'incubator group (lcig)']",seed funding,gurgaon,False
2017-08-23,dhruva,Technology,Cloud data protection and management solutions,"Riverwood Capital, Sequoia Capital India, Nexus Venture Partners, Tenaya Capital",Private Equity,765.36,dhruva,"['riverwood capital', 'sequoia capital india', 'nexus venture partners', 'tenaya capital']",private equity,pune,False
2017-08-23,bombay shaving company,eCommerce,Men Grooming product etailer,Fireside Ventures,Private Equity,22.0,bombay shaving company,['fireside ventures'],private equity,new delhi,False
2017-08-23,awign,Technology,Operations and manpower outsourcing,"IIT Ropar, Imanpreet Singh Arora, Sidharth Rozario, Saurabh Abichandani, Shikhar Gupta,",Seed Funding,0.0,awign,"['iit ropar', 'imanpreet singh arora', 'sidharth rozario', 'saurabh abichandani', 'shikhar gupta', '']",seed funding,bengaluru,False
2017-08-23,indiez,Technology,Software & Mobile app development platform,Haresh Chawla,Seed Funding,4.78,indiez,['haresh chawla'],seed funding,bengaluru,False
2017-08-24,ezetap,Technology,mPOS solutions provider,"JS Capital Management, Social Capital, Horizons Ventures,",Private Equity,153.07,ezetap,"['js capital management', 'social capital', 'horizons ventures', '']",private equity,bengaluru,False
2017-08-25,ink monk,Consumer Internet,Online printing marketplace,"VAMM Ventures, Raksul, Dena",Seed Funding,7.18,inkmonk,"['vamm ventures', 'raksul', 'dena']",seed funding,chennai,False
2017-08-25,medinfi,Consumer Internet,Online Doctor Discovery Platform,"PBS Srinivas, Vinod Martin,",Seed Funding,1.2,medinfi,"['pbs srinivas', 'vinod martin', '']",seed funding,bengaluru,False
2017-08-28,mobikon,Technology,Restaurant & Hotel CRM platform,"Sistema Asia Fund, C31 Ventures, Qualgro.",Private Equity,66.97,mobikon,"['sistema asia fund', 'c31 ventures', 'qualgro.']",private equity,pune,False
2017-08-29,curefit,Consumer Internet,End to End health and wellness platform.,"Accel Partners, IDG Ventures, Kalaari Capital,\\xc2\\xa0 UC-RNT fund",Private Equity,239.18,curefit,"['accel partners', 'idg ventures', 'kalaari capital', 'uc-rnt fund']",private equity,bengaluru,False
2017-08-29,doxper,Technology,Healthtech IoT platform,"idal Health, growx ventures, Capier Investments, Globevestor & others",Seed Funding,7.18,doxper,"['idal health', 'growx ventures', 'capier investments', 'globevestor & others']",seed funding,mumbai,False
2017-08-29,fieldassist,Technology,SAAS based sales force automation services,Small Industries Development Bank of India (SIDBI),Debt Funding,0.0,fieldassist,['small industries development bank of india (sidbi)'],debt funding,gurgaon,False
2017-08-30,treebo,Consumer Internet,Budget Hotel Aggregator platform,"Ward Ferry Management and Karst Peak Capital,",Private Equity,325.28,treebo,"['ward ferry management', 'karst peak capital', '']",private equity,bengaluru,False
2017-08-30,medgenome,Technology,Genomics Research and Diagnostics Solutions,"Sequoia India, Sofina s.a., Zodius Capital, Kris Gopalakrishnan, Lakshmi Narayanan,",Private Equity,287.01,medgenome,"['sequoia india', 'sofina s.a.', 'zodius capital', 'kris gopalakrishnan', 'lakshmi narayanan', '']",private equity,bengaluru,False
2017-07-01,billion loans,Consumer Internet,Peer to Peer Lending platform,Reliance Corporate Advisory Services Ltd,Seed Funding,9.57,billion loans,['reliance corporate advisory services ltd'],seed funding,bengaluru,False
2017-07-03,ecolibriumenergy,Technology,Energy management solutions provider,"Infuse Ventures, JLL",Private Equity,24.87,ecolibriumenergy,"['infuse ventures', 'jll']",private equity,ahmedabad,False
2017-07-04,droom,eCommerce,Online marketplace for automobiles,"Asset Management (Asia) Ltd, Digital Garage Inc",Private Equity,191.34,droom,"['asset management (asia) ltd', 'digital garage inc']",private equity,gurgaon,False
2017-07-05,jumbotail,eCommerce,online marketplace for food and grocery,"Kalaari Capital, Nexus India Capital Advisors",Private Equity,81.32,jumbotail,"['kalaari capital', 'nexus india capital advisors']",private equity,bengaluru,False
2017-07-05,moglix,eCommerce,B2B marketplace for Industrial products,"International Finance Corporation, Rocketship, Accel Partners, Jungle Ventures, Shailesh Rao, Venture Highway",Private Equity,114.8,moglix,"['international finance corporation', 'rocketship', 'accel partners', 'jungle ventures', 'shailesh rao', 'venture highway']",private equity,noida,False
2017-07-05,timesaverz,Consumer Internet,Hyperlocal home services provider,BCCL,Private Equity,9.57,timesaverz,['bccl'],private equity,mumbai,False
2017-07-06,minjar,Technology,Cloud Solutions provider,"Blume Ventures, Contrarian Capital India Partners, Emergent Ventures India, Pallav Nadhani, Ashish Gupta, Sharad Sharma, Sirion Labs",Seed Funding,0.0,minjar,"['blume ventures', 'contrarian capital india partners', 'emergent ventures india', 'pallav nadhani', 'ashish gupta', 'sharad sharma', 'sirion labs']",seed funding,bengaluru,False
2017-07-06,mycity4kids,Consumer Internet,parenting blog and kids\\xe2\\x80\\x99 events discovery platform,Undisclosed,Seed Funding,0.0,mycity4kids,['undisclosed'],seed funding,gurgaon,False
2017-07-07,clip app,Consumer Internet,Digital Media Video platform,"India Quotient, Shunwei Capital",Seed Funding,9.57,clip app,"['india quotient', 'shunwei capital']",seed funding,bengaluru,False
2017-07-07,upwardly,Consumer Internet,MF investment platform,"Sreeram Iyer, Suvo Sarkar, Anita Gupta, Likemind Ventures",Seed Funding,0.0,upwardly,"['sreeram iyer', 'suvo sarkar', 'anita gupta', 'likemind ventures']",seed funding,bengaluru,False
2017-07-10,autorox,Technology,Workshop Management Software Platform,Mitsui & Co.,Private Equity,28.7,autorox,['mitsui & co.'],private equity,hyderabad,False
2017-07-11,fabogo,Consumer Internet,Salon & Spa Aggregation & Discovery platform,Dunamis Ventures Pte Ltd,Private Equity,21.53,fabogo,['dunamis ventures pte ltd'],private equity,pune,False
2017-07-11,flickstree,Consumer Internet,Video Content Discovery Platform,"Venture Catalysts, Sourav Ganguly, Ankit Aditya, Moksh Sports Ventures",Seed Funding,4.44,flickstree,"['venture catalysts', 'sourav ganguly', 'ankit aditya', 'moksh sports ventures']",seed funding,mumbai,False
2017-07-11,design cafe,Consumer Internet,Online Interior Design platform,"Fireside Ventures, Apurva Salarpuria, Sidharth Pansari, Sprout Capital",Seed Funding,0.0,design cafe,"['fireside ventures', 'apurva salarpuria', 'sidharth pansari', 'sprout capital']",seed funding,bengaluru,False
2017-07-12,innoviti,Technology,Digital payments solutions,"SBI-FMO Fund, Bessemer Venture Partners, Catamaran Ventures",Private Equity,176.99,innoviti,"['sbi-fmo fund', 'bessemer venture partners', 'catamaran ventures']",private equity,bengaluru,False
2017-07-12,vdeliver,Logistics,Door Step Delivery platform,"Corvus Ventures, MAPE Advisory Group",Private Equity,0.0,vdeliver,"['corvus ventures', 'mape advisory group']",private equity,hyderabad,False
2017-07-12,bottr.me,Technology,Chatbot creation tool,"500 Startups, Purvi Capital, Rajan Anandan, Abhishek Gupta",Seed Funding,0.0,bottr.me,"['500 startups', 'purvi capital', 'rajan anandan', 'abhishek gupta']",seed funding,bengaluru,False
2017-07-12,arcatron,Technology,Next Gen Mobility device manufacturer,Indian Angel Network,Seed Funding,0.0,arcatron,['indian angel network'],seed funding,pune,False
2017-07-14,qwikspec,Technology,Construction site operations and analytics platform,"Brigade Innovations LLP, TV Mohandas Pai, Suhail Rahman, Bobby Reddy, M George Oommen",Seed Funding,5.17,qwikspec,"['brigade innovations llp', 'tv mohandas pai', 'suhail rahman', 'bobby reddy', 'm george oommen']",seed funding,bengaluru,False
2017-07-14,chumbak,eCommerce,Designer consumer products Marketplace,Blacksoil Capital Pvt. Ltd,Private Equity,16.26,chumbak,['blacksoil capital pvt. ltd'],private equity,bengaluru,False
2017-07-17,increff,Technology,Sales Solutions for Fashion Brands,"Sequoia Capital, Grey Orange, Rajesh Ramaiah, Anshuman Das, Rishi Das",Seed Funding,19.13,increff,"['sequoia capital', 'grey orange', 'rajesh ramaiah', 'anshuman das', 'rishi das']",seed funding,bengaluru,False
2017-07-17,vayana,Technology,Enterprise Banking Solutions,"IDG Ventures India Advisors, Jungle Ventures",Private Equity,38.27,vayana,"['idg ventures india advisors', 'jungle ventures']",private equity,pune,False
2017-07-18,mobiquest,Technology,Mobile Services & Solutions,One97 Communication Ltd,Private Equity,0.0,mobiquest,['one97 communication ltd'],private equity,noida,False
2017-07-18,ambee,Consumer Internet,Ambulance Aggregation Services,"Uber Technologies Inc, Amaya Capital LLP",Seed Funding,0.0,ambee,"['uber technologies inc', 'amaya capital llp']",seed funding,hyderabad,False
2017-07-18,ideal insurance,Consumer Internet,Online Insurance platform,Xelpmoc,Seed Funding,0.0,ideal insurance,['xelpmoc'],seed funding,kolkata,False
2017-07-18,hypernova interactive,Technology,Mobile games creator,Kae Capital,Seed Funding,0.0,hypernova interactive,['kae capital'],seed funding,bengaluru,False
2017-07-19,rentomojo,Consumer Internet,Consumer Leasing Platform,"ain Capital Ventures, Renaud Laplanche",Private Equity,95.67,rentmojo,"['ain capital ventures', 'renaud laplanche']",private equity,bengaluru,False
2017-07-19,aircto,Consumer Internet,AI powered recruitment platform,Francesco Cara,Seed Funding,0.0,aircto,['francesco cara'],seed funding,bengaluru,False
2017-07-19,playablo,Technology,Gamified Learning App,ABI-Showatech (India) Ltd,Seed Funding,5.74,playablo,['abi-showatech (india) ltd'],seed funding,bengaluru,False
2017-07-20,trupay,Technology,Online payments platform,"Kae Capital, M&S Partners,",Seed Funding,6.7,trupay,"['kae capital', 'm&s partners', '']",seed funding,gurgaon,False
2017-07-21,brick2wall,eCommerce,Online Marketplace for Construction Material,"Subramani Somasundaram, Sundeep Sahni, Mayank Mittal & Others",Seed Funding,1.91,brick2wall,"['subramani somasundaram', 'sundeep sahni', 'mayank mittal & others']",seed funding,gurgaon,False
2017-07-21,fablestreet,eCommerce,Women Work wear etailer,"Harmeet Bajaj, Pameela P, Fusiontech Ventures & Others",Seed Funding,0.0,fablestreet,"['harmeet bajaj', 'pameela p', 'fusiontech ventures & others']",seed funding,new delhi,False
2017-07-21,monsoon fintech,Technology,Machine Learning Access platform,"Sunil Kalra, Aditya Singh, Rishi Srivastava, Rajan Anandan",Seed Funding,0.0,monsoon fintech,"['sunil kalra', 'aditya singh', 'rishi srivastava', 'rajan anandan']",seed funding,new delhi,False
2017-07-21,monkeybox,Consumer Internet,Healthy Food Delivery Platform,"Blume Ventures, NB Ventures, Nspira",Seed Funding,0.0,monkeybox,"['blume ventures', 'nb ventures', 'nspira']",seed funding,bengaluru,False
2017-07-25,noticeboard,Consumer Internet,Mobile-first Enterprise communication platform,"Stellaris Venture Partners,",Private Equity,11.48,noticeboard,"['stellaris venture partners', '']",private equity,bengaluru,False
2017-07-25,byjus,Consumer Internet,Mobile Learning App,Tencent Holdings,Private Equity,334.84,byjus,['tencent holdings'],private equity,bengaluru,False
2017-07-26,creators gurukul,Others,Co-Working Space Provider,Yuvraj Singh,Seed Funding,0.0,creators gurukul,['yuvraj singh'],seed funding,new delhi,False
2017-07-26,fab hotels,Consumer Internet,Budget hotels brand & Aggregator Platform,Goldman Sachs,Private Equity,239.18,fabhotels,['goldman sachs'],private equity,new delhi,False
2017-07-26,thinkerbell,Consumer Internet,Assisted Learning Startup,"Indian Angel Network, Anand Mahindra",Seed Funding,1.91,thinkerbell,"['indian angel network', 'anand mahindra']",seed funding,bengaluru,False
2017-07-27,1mg,eCommerce,Online Pharmacy,"HBM Healthcare Investments, Maverick Capital Ventures, Sequoia India, Omidyar Network and Kae Capital",Private Equity,143.5,1mg,"['hbm healthcare investments', 'maverick capital ventures', 'sequoia india', 'omidyar network', 'kae capital']",private equity,gurgaon,False
2017-07-28,jhakaas,Consumer Internet,App-based Aggregator of Offline Businesses,Amen Dhyllon,Seed Funding,0.0,jhakaas,['amen dhyllon'],seed funding,mumbai,False
2017-07-28,bigstylist,Consumer Internet,Beauty Services Marketplace,Info Edge (India) Ltd,Private Equity,11.96,bigstylist,['info edge (india) ltd'],private equity,mumbai,False
2017-07-28,gympik,Consumer Internet,online marketplace for discovering fitness centres,RoundGlass Partners,Seed Funding,0.0,gympik,['roundglass partners'],seed funding,bengaluru,False
2017-06-01,tripeur,Technology,Mobile based travel ERP platform,"Grace Grace Techno Ventures LLP, Rajul Garg & Other undisclosed investors",Seed Funding,0.0,tripeur,"['grace grace techno ventures llp', 'rajul garg & other undisclosed investors']",seed funding,bengaluru,False
2017-06-02,rentongo,eCommerce,"Online Marketplace for Renting Bikes, Electronics & Appliances",TVS Motor Company,Seed Funding,2.24,rentongo,['tvs motor company'],seed funding,bengaluru,False
2017-06-05,goomo,Consumer Internet,Online Travel & Holiday Booking platform,Emerging India,Private Equity,478.35,goomo,['emerging india'],private equity,mumbai,False
2017-06-05,maxmywealth,Consumer Internet,Online Wealth Management & Savings platform,"lockchain ecosystem Global Advisors, Horseferry",Private Equity,0.0,maxmywealth,"['lockchain ecosystem global advisors', 'horseferry']",private equity,mumbai,False
2017-06-06,spinny,eCommerce,Online Used Car marketplace,"Blume Ventures, Indian Angel Network, Kunal Shah, Sandeep Tandon",Private Equity,9.57,spinny,"['blume ventures', 'indian angel network', 'kunal shah', 'sandeep tandon']",private equity,gurgaon,False
2017-06-06,healthbuds,Consumer Internet,Healthcare Discovery & booking platform,"Arun Patodia, Bharat Kedia",Seed Funding,0.0,healthbuds,"['arun patodia', 'bharat kedia']",seed funding,kolkata,False
2017-06-06,ftcash,Consumer Internet,Mobile Payments platform,"500 Startups, IvyCap Ventures",Private Equity,0.0,ftcash,"['500 startups', 'ivycap ventures']",private equity,mumbai,False
2017-06-06,bhive workspace,Consumer Internet,co-working spaces,Blume Ventures,Private Equity,11.48,bhiveworkspace,['blume ventures'],private equity,bengaluru,False
2017-06-06,wayforward,Consumer Internet,Mobile app for Mental Health,"Harsh Mahajan, Farhan Naqvi, Sreepathy Viswanathan",Seed Funding,9.57,wayforward,"['harsh mahajan', 'farhan naqvi', 'sreepathy viswanathan']",seed funding,new delhi,False
2017-06-06,gyandhan,Consumer Internet,Education Marketplace,Sundaram Finance Holdings,Private Equity,0.0,gyandhan,['sundaram finance holdings'],private equity,new delhi,False
2017-06-06,hungry foal,Consumer Internet,For profit Social Venture,SBI (Stand Up India Scheme),Private Equity,0.0,hungry foal,['sbi (stand up india scheme)'],private equity,gurgaon,False
2017-06-07,ziploan,Consumer Internet,Online lending platform,WaterBridge Ventures,Seed Funding,6.22,ziploan,['waterbridge ventures'],seed funding,new delhi,False
2017-06-07,growfitter,Consumer Internet,health and fitness discovery platform,SQue Capital,Seed Funding,5.74,growfitter,['sque capital'],seed funding,mumbai,False
2017-06-08,stratfit,Consumer Internet,Health coaching programs,Bodhtree Consulting Limited,Seed Funding,2.22,stratfit,['bodhtree consulting limited'],seed funding,hyderabad,False
2017-06-08,multiplier solutions,Technology,CRM Software for Healthcare space,Norwest Venture Partners,Private Equity,14.35,multiplier solutions,['norwest venture partners'],private equity,hyderabad,False
2017-06-08,abi health,Technology,Unified Digital Health Platform,Norwest Venture Partners,Private Equity,14.35,abi health,['norwest venture partners'],private equity,bengaluru,False
2017-06-08,stockal,Consumer Internet,App-based Investment advisory Services,"Mohan Alexander, R. Natarajan, Vikrant Varshney, Amit Sinha",Seed Funding,3.35,stockal,"['mohan alexander', 'r. natarajan', 'vikrant varshney', 'amit sinha']",seed funding,bengaluru,False
2017-06-09,guidoo,Consumer Internet,Travel & adventure planning platform,"Pawan Borle, Nirmal Singh, Manish Prasad, Vineet Varma, Nick Haulkoury, Abhai S. Rao",Seed Funding,2.87,guidoo,"['pawan borle', 'nirmal singh', 'manish prasad', 'vineet varma', 'nick haulkoury', 'abhai s. rao']",seed funding,mumbai,False
2017-06-09,esahai,Consumer Internet,ambulance aggregator and medical taxi provider,"Dr Ramesh Ayyala, Satya Muthyala",Seed Funding,2.39,esahai,"['dr ramesh ayyala', 'satya muthyala']",seed funding,hyderabad,False
2017-06-12,loanmeet,Consumer Internet,Online peer-to-peer lending platform,"Cao Yibin, Huang Wei, Madhusudan E,",Seed Funding,0.0,loanmeet,"['cao yibin', 'huang wei', 'madhusudan e', '']",seed funding,bengaluru,False
2017-06-12,lendingkart,Consumer Internet,Online Lending platform,Yes Bank,Debt Funding,74.62,lendingkart,['yes bank'],debt funding,ahmedabad,False
2017-06-12,boxx,Technology,Artificial Intelligence,"Unicorn India Ventures, Venky Krishnakumar, Suresh Shankar, Vivek Bhargava",Private Equity,4.78,boxx,"['unicorn india ventures', 'venky krishnakumar', 'suresh shankar', 'vivek bhargava']",private equity,bengaluru,False
2017-06-12,peesafe,Healthcare,Hygiene care product manufacturer,"Venture Catalysts, Alfa Capital, Green Shots Capital, Real Time Ventures",Private Equity,9.57,peesafe,"['venture catalysts', 'alfa capital', 'green shots capital', 'real time ventures']",private equity,new delhi,False
2017-06-12,vista rooms,Consumer Internet,Online rooms aggregation platform,"Artha India Ventures, Singularity Holdings, Rajan Anandan, Girish Mathrubootham",Seed Funding,7.42,vista rooms,"['artha india ventures', 'singularity holdings', 'rajan anandan', 'girish mathrubootham']",seed funding,mumbai,False
2017-06-12,coverfox,Consumer Internet,Online insurance brokerage platform,Transamerica,Private Equity,143.5,coverfox,['transamerica'],private equity,mumbai,False
2017-06-13,hypertrack,Technology,Location tracking solutions,"Nexus Venture Partners, Founders Fund",Private Equity,0.0,hypertrack,"['nexus venture partners', 'founders fund']",private equity,new delhi,False
2017-06-13,goodera,Technology,CSR and sustainability management platform,"Nexus Venture Partners, Omidyar Network",Private Equity,52.62,goodera,"['nexus venture partners', 'omidyar network']",private equity,bengaluru,False
2017-06-13,digit,Technology,Tech driven Insurance platform,Fairfax Holdings,Private Equity,0.0,digit,['fairfax holdings'],private equity,bengaluru,False
2017-06-14,ola,Consumer Internet,Cab Aggregation App,Tekne Capital Management LLC,Private Equity,478.35,ola,['tekne capital management llc'],private equity,bengaluru,False
2017-06-14,vanitycask,Consumer Internet,Beauty products discovery platform,RB Investments,Seed Funding,0.0,vanitycask,['rb investments'],seed funding,mumbai,False
2017-06-14,mrneeds,Consumer Internet,Micro Food Delivery platform,undisclosed investors,Seed Funding,4.78,mrneeds,['undisclosed investors'],seed funding,noida,False
2017-06-15,moneytap,Consumer Internet,Money Lending platform,"Sequoia India, NEA, Prime Venture Partners",Private Equity,117.67,moneytap,"['sequoia india', 'nea', 'prime venture partners']",private equity,bengaluru,False
2017-06-16,goodbox,eCommerce,Mobile SAAS\\xc2\\xa0 ECommerce platform for SMEs,"Nexus Venture Partners, Mekin Maheshwari",Private Equity,9.57,goodbox,"['nexus venture partners', 'mekin maheshwari']",private equity,bengaluru,False
2017-06-16,fincash,Consumer Internet,Personal Finance platform,"Mohammed Khan, Sameer Narayan & Others",Seed Funding,0.96,fincash,"['mohammed khan', 'sameer narayan & others']",seed funding,mumbai,False
2017-06-16,portdesk,Technology,Maritime Solutions,Alphard Maritime Group,Seed Funding,19.13,portdesk,['alphard maritime group'],seed funding,noida,False
2017-06-16,edgefx,eCommerce,DIY project Kits seller,"Cross Border Angels & Experts, Rajasthan Angel Innovators Network, The Chennai Angels",Seed Funding,0.0,edgefx,"['cross border angels & experts', 'rajasthan angel innovators network', 'the chennai angels']",seed funding,hyderabad,False
2017-06-16,eazydiner,Consumer Internet,Online Restaurant Reservation Platform,YouWeCan Ventures,Seed Funding,0.0,eazydiner,['youwecan ventures'],seed funding,gurgaon,False
2017-06-16,healthintel,Healthcare,Online Pharmacy,BLIP Initiatives,Seed Funding,0.0,healthintel,['blip initiatives'],seed funding,new delhi,False
2017-06-19,unbxd,Technology,Cloud-based product discovery platform,Eight Roads Ventures,Private Equity,119.59,unbxd,['eight roads ventures'],private equity,bengaluru,False
2017-06-19,darwinbox,Technology,Enterprise human resources management platform,"Lightspeed India Partners, Endiya Partners, 3one4 Capital Advisors LLP, Startupxseed Ventures LLP",Private Equity,38.27,darwinbox,"['lightspeed india partners', 'endiya partners', '3one4 capital advisors llp', 'startupxseed ventures llp']",private equity,hyderabad,False
2017-06-20,forevershop,Consumer Internet,Mobile based ecommerce platform,91maker.com,Seed Funding,2.87,forevershop,['91maker.com'],seed funding,bengaluru,False
2017-06-20,insider,Consumer Internet,Events Ticketing platform,Paytm,Private Equity,49.75,insider,['paytm'],private equity,mumbai,False
2017-06-21,fynd,eCommerce,Fashion etailer,"IIFL Seed Ventures, Kae Capital, FJ Labs, Singularity Ventures, GrowX, Tracxn Labs, Axis Capital",Private Equity,22.96,fynd,"['iifl seed ventures', 'kae capital', 'fj labs', 'singularity ventures', 'growx', 'tracxn labs', 'axis capital']",private equity,mumbai,False
2017-06-21,grow fit,Consumer Internet,Health-Tech platform,"Manipal Education and Medical Group (MEMG), SAR Group, The Grover Trust",Private Equity,43.05,grow fit,"['manipal education', 'medical group (memg)', 'sar group', 'the grover trust']",private equity,bengaluru,False
2017-06-21,fabulyst,Technology,Artificial Intelligence based platform,iBhubs,Seed Funding,2.06,fabulyst,['ibhubs'],seed funding,hyderabad,False
2017-06-21,mswipe,Technology,Point-of-Sale services,"UC-RNT Fund, Matrix Partners, alcon Edge Capital, DSG Consumer Partners",Private Equity,296.58,mswipe,"['uc-rnt fund', 'matrix partners', 'alcon edge capital', 'dsg consumer partners']",private equity,mumbai,False
2017-06-21,oneassist,Consumer Internet,Credit card fraud protection,Sequoia Capital,Private Equity,0.0,oneassist,['sequoia capital'],private equity,mumbai,False
2017-06-22,julia computing,Technology,Open Source Language for Data Science and Machine Learning,"General Catalyst, Founder Collective",Private Equity,44.01,julia computing,"['general catalyst', 'founder collective']",private equity,bengaluru,False
2017-06-22,kissht,Consumer Internet,Consumer Lending platform,"Endiya Partners, Ventureast",Private Equity,19.13,kissht,"['endiya partners', 'ventureast']",private equity,mumbai,False
2017-06-22,explore life traveling,Consumer Internet,Local homes booking platform,"Mekin Maheshwari, Bharat Vijay, Krish Seshadri, Amar Arsikere",Seed Funding,4.78,explore life traveling,"['mekin maheshwari', 'bharat vijay', 'krish seshadri', 'amar arsikere']",seed funding,bengaluru,False
2017-06-23,loantap,Consumer Internet,Lending platform for salaried professionals,"Kae Capital, India Quotient, IFMR, and MAS Financial Services Ltd",Private Equity,38.27,loantap,"['kae capital', 'india quotient', 'ifmr', 'and mas financial services ltd']",private equity,mumbai,False
2017-06-23,voxweb,Consumer Internet,Mobile based social networking platform,Undisclosed investors,Seed Funding,9.57,voxweb,['undisclosed investors'],seed funding,mumbai,False
2017-06-26,hug innovations,Technology,Gesture based\\xc2\\xa0 Smartwatch manufacturer,"Mohit Srivastav, Kishore Ganji, Venkat Vallabhaneni, Rajeev Menon",Private Equity,47.84,hug innovations,"['mohit srivastav', 'kishore ganji', 'venkat vallabhaneni', 'rajeev menon']",private equity,hyderabad,False
2017-06-26,flipkart,eCommerce,Online marketplace,Naspers,Private Equity,679.26,flipkart,['naspers'],private equity,bengaluru,False
2017-06-26,v resorts,Consumer Internet,Holiday & Vacation resort aggregator,"Seedfund, RB International",Private Equity,38.27,v resorts,"['seedfund', 'rb international']",private equity,noida,False
2017-06-27,stashfin,Consumer Internet,Personal Finance App,"Snow Leopard Ventures, Alto Partners",Private Equity,47.84,stashfin,"['snow leopard ventures', 'alto partners']",private equity,new delhi,False
2017-06-27,formcept,Consumer Internet,Unified Data Analysis platform,Gujarat Venture Finance Ltd,Private Equity,0.0,formcept,['gujarat venture finance ltd'],private equity,bengaluru,False
2017-06-27,spares hub,eCommerce,Automobile parts marketplace,"The Chennai Angels, Anthill Scale Ventures, Esvee Technologies Inc, Inc95 Consulting",Seed Funding,2.98,spareshub,"['the chennai angels', 'anthill scale ventures', 'esvee technologies inc', 'inc95 consulting']",seed funding,pune,False
2017-06-28,fitraq,Consumer Internet,Fitness Centre Discovery Platform,"Aparup Sengupta, Devendra Reddy,",Seed Funding,0.0,fitraq,"['aparup sengupta', 'devendra reddy', '']",seed funding,new delhi,False
2017-06-28,rubique,Consumer Internet,Online Marketplace for financial products,"Kalaari Capital, Udayan Goyal",Private Equity,28.7,rubique,"['kalaari capital', 'udayan goyal']",private equity,mumbai,False
2017-06-28,niki,Consumer Internet,AI Based Personal Assistant,"SAP.iO, Unilazer Ventures",Private Equity,19.13,niki,"['sap.io', 'unilazer ventures']",private equity,bengaluru,False
2017-06-29,fitpass,Consumer Internet,Online Fitness Marketplace,"Abhinav Bindra, Gaurav Marya",Private Equity,9.57,fitpass,"['abhinav bindra', 'gaurav marya']",private equity,new delhi,False
2017-06-29,zinghr,Technology,"digital employee solutions,",Zeta,Private Equity,0.0,zinghr,['zeta'],private equity,mumbai,False
2017-06-30,tagos design,Technology,in-video discovery platform,Undisclosed Investors,Private Equity,47.84,tagos design,['undisclosed investors'],private equity,bengaluru,False
2017-06-30,urbanclap,Consumer Internet,Mobile Services Marketplace,"Vy Capital, SAIF Partners, Accel Partner, Bessemer Venture Partners",Private Equity,200.91,urbanclap,"['vy capital', 'saif partners', 'accel partner', 'bessemer venture partners']",private equity,gurgaon,False
2017-05-01,ace2three,Consumer Internet,Online Rummy playing Website,Clairvest Group,Private Equity,705.09,ace2three,['clairvest group'],private equity,hyderabad,False
2017-05-01,power2sme,eCommerce,Buying portal for SMEs,International Finance Corporation,Private Equity,95.67,power2sme,['international finance corporation'],private equity,gurgaon,False
2017-05-02,innovapptive,Technology,Enterprise Mobility Solutions,Hyderabad Angels,Seed Funding,14.35,innovapptive,['hyderabad angels'],seed funding,hyderabad,False
2017-05-02,4tigo,Logistics,Truck Network company,"Accel Partners, Nandan Nilekani,",Private Equity,95.67,4tigo,"['accel partners', 'nandan nilekani', '']",private equity,bengaluru,False
2017-05-02,smecorner,Consumer Internet,Online Platform for small business loans,Dutch government fund,Private Equity,0.0,smecorner,['dutch government fund'],private equity,mumbai,False
2017-05-02,zippserve,Consumer Internet,Real estate risk assessment platform,undisclosed investors,Seed Funding,3.73,zippserv,['undisclosed investors'],seed funding,bengaluru,False
2017-05-03,ola,Consumer Internet,Cab Aggregation App,"Falcon Edge Capital,\\xc2\\xa0 Capital Advisers",Private Equity,999.75,ola,"['falcon edge capital', 'capital advisers']",private equity,bengaluru,False
2017-05-03,sumeru,Technology,Software & Mobile development services,undisclosed investors,Seed Funding,9.57,sumeru,['undisclosed investors'],seed funding,bengaluru,False
2017-05-04,healthians,Consumer Internet,Online Diagnostics and wellness platform,"Asuka Holdings, YouWeCan Ventures, Beenext, Beenos, M&S Partners",Private Equity,0.0,healthians,"['asuka holdings', 'youwecan ventures', 'beenext', 'beenos', 'm&s partners']",private equity,new delhi,False
2017-05-05,healthmir,Consumer Internet,AI-based health content platform,Nimit Panigrahi,Seed Funding,0.0,healthmir,['nimit panigrahi'],seed funding,new delhi,False
2017-05-05,uactive,Consumer Internet,Health-based social networking & discovery App,Hinduja family,Seed Funding,0.0,uactive,['hinduja family'],seed funding,mumbai,False
2017-05-05,i-lend,Consumer Internet,Peer-to-peer lending platform,50K Ventures,Seed Funding,0.0,i-lend,['50k ventures'],seed funding,hyderabad,False
2017-05-05,good methods global,Technology,Cloud Based Practice Management Software,Accel Partners,Private Equity,0.0,good methods global,['accel partners'],private equity,trivandrum,False
2017-05-05,balance app,Consumer Internet,Money Savings & Management App,Rainmatter,Seed Funding,2.23,balance app,['rainmatter'],seed funding,bengaluru,False
2017-05-08,yepme,eCommerce,Private Label Fashion etailer,"Rainbow Digital Services Pvt. Ltd, ILearnFinance Academy Pvt. Ltd.",Private Equity,6.7,yepme,"['rainbow digital services pvt. ltd', 'ilearnfinance academy pvt. ltd.']",private equity,gurgaon,False
2017-05-08,nightstay,Consumer Internet,Last minute hotel booking mobile app,"Indian Angels Network, LetsVenture",Seed Funding,0.0,nightstay,"['indian angels network', 'letsventure']",seed funding,new delhi,False
2017-05-08,devourin,Technology,Restaurant Automation Solution,Deepak Nathani,Seed Funding,0.0,devourin,['deepak nathani'],seed funding,pune,False
2017-05-08,mygreens,Food & Beverage,Cold-press Juices manufacturer,"Ajay Relan, LetsVenture",Seed Funding,9.57,mygreens,"['ajay relan', 'letsventure']",seed funding,new delhi,False
2017-05-08,ace turtle,Technology,Omni-Channel Platform,"Vertex Ventures, C31 Ventures",Private Equity,47.84,ace turtle,"['vertex ventures', 'c31 ventures']",private equity,bengaluru,False
2017-05-08,curefit,Technology,Health-Tech Platform,"Trifecta Capital Advisors LLP, Prathithi Investment Trust, RNT Capital, Gokul Rajaram, Aditya Agarwal, Ruchi Sanghvi & others",Private Equity,30.61,curefit,"['trifecta capital advisors llp', 'prathithi investment trust', 'rnt capital', 'gokul rajaram', 'aditya agarwal', 'ruchi sanghvi & others']",private equity,bengaluru,False
2017-05-09,curie labs,Technology,Energy Analytics startup,Satoshi Studios,Seed Funding,0.48,curie labs,['satoshi studios'],seed funding,new delhi,False
2017-05-09,uncanny vision,Technology,Computer Vision on Embedded Systems,Anand Chandrasekaran,Seed Funding,0.0,uncanny vision,['anand chandrasekaran'],seed funding,bengaluru,False
2017-05-09,anchanto,Technology,Ecommerce Fulfilment and Technology Platform,Luxasia Group,Private Equity,0.0,anchanto,['luxasia group'],private equity,pune,False
2017-05-09,sequretek,Technology,IT Security & Data Management Services,"GVFL, Unicorn India Ventures",Private Equity,0.0,sequretek,"['gvfl', 'unicorn india ventures']",private equity,mumbai,False
2017-05-10,lucideus,Technology,Cyber Security Startup,"Vellayan Subbiah, Jonathan Boutelle, Rajan Anandan,\\xc2\\xa0 Rahul Chawla, Salil Donde, Amit Ranjan, Govind Rajan & Others",Seed Funding,0.0,lucideus,"['vellayan subbiah', 'jonathan boutelle', 'rajan anandan', 'rahul chawla', 'salil donde', 'amit ranjan', 'govind rajan & others']",seed funding,new delhi,False
2017-05-10,vidooly,Consumer Internet,Video Intelligence platform,"Times Internet, GVFL",Private Equity,13.39,vidooly,"['times internet', 'gvfl']",private equity,noida,False
2017-05-10,shopclues,eCommerce,Online marketplace,InnoVen Capital,Private Equity,73.67,shopclues,['innoven capital'],private equity,gurgaon,False
2017-05-10,fourth ambit,Consumer Internet,Community Building platform,1Crowd,Seed Funding,5.74,fourth ambit,['1crowd'],seed funding,bengaluru,False
2017-05-10,chymera vr,Technology,Advertising Platform for Virtual Reality,"Varsha Rao, Surojit Chatterjee, Nirav Choksi & Others",Seed Funding,0.0,chymera vr,"['varsha rao', 'surojit chatterjee', 'nirav choksi & others']",seed funding,bengaluru,False
2017-05-11,early salary,Consumer Internet,Online lending platform,"DG Ventures India, Dewan Housing Finance Corp",Private Equity,38.27,earlysalary,"['dg ventures india', 'dewan housing finance corp']",private equity,pune,False
2017-05-11,book my diamond,eCommerce,Diamond B2B eTailer,Chirag Nikunj Sheth & Others,Seed Funding,0.0,book my diamond,['chirag nikunj sheth & others'],seed funding,mumbai,False
2017-05-11,ion energy,Technology,Clean Tech Startup,"Aakrit Vaish, Swapan Rajdev, Sushill Jiwarajka",Seed Funding,0.0,ion energy,"['aakrit vaish', 'swapan rajdev', 'sushill jiwarajka']",seed funding,mumbai,False
2017-05-12,legal raasta,Consumer Internet,Legal Services to SMEs & Individuals,Impanix Capital,Private Equity,47.84,legalraasta,['impanix capital'],private equity,new delhi,False
2017-05-12,log 9 materials,Technology,NanoTech product developer,GEMs,Seed Funding,0.0,log9 materials,['gems'],seed funding,bengaluru,False
2017-05-12,remit guru,Consumer Internet,Digital money transfer platform,"Infibeam, CCavenue",Private Equity,4.46,remit guru,"['infibeam', 'ccavenue']",private equity,mumbai,False
2017-05-12,aequm,eCommerce,Cloud ECommerce platform,undisclosed investors,Seed Funding,9.57,aequm,['undisclosed investors'],seed funding,bengaluru,False
2017-05-15,zapty,Technology,Project Management tool,IdeaSpring Capital,Seed Funding,4.78,zapty,['ideaspring capital'],seed funding,bengaluru,False
2017-05-15,vernacular,Technology,Multi-lingual AI Platform for Businesses,Kstart Capital,Seed Funding,0.0,vernacular,['kstart capital'],seed funding,bengaluru,False
2017-05-16,niki,Technology,AI-based chatbot,SAP,Private Equity,0.0,niki,['sap'],private equity,bengaluru,False
2017-05-16,telr,Technology,Online Payment Gateway,Innovations East,Private Equity,28.7,telr,['innovations east'],private equity,mumbai,False
2017-05-16,fynd,eCommerce,Fashion ECommerce Portal,Rocketship,Private Equity,4.78,fynd,['rocketship'],private equity,mumbai,False
2017-05-17,genie,Consumer Internet,hyperlocal delivery and logistics mobile app,undisclosed investors,Seed Funding,2.39,genie,['undisclosed investors'],seed funding,chennai,False
2017-05-17,paysense,Consumer Internet,Online Lending platform,Jungle Ventures,Private Equity,50.71,paysense,['jungle ventures'],private equity,mumbai,False
2017-05-18,the good life,ECommerce,Online Luxury Tea etailer,"Ayesha Takia Azmi, Abu Farhan Azmi",Seed Funding,9.57,the good life,"['ayesha takia azmi', 'abu farhan azmi']",seed funding,mumbai,False
2017-05-18,pumpkart,eCommerce,Online Water Pumps etailer,Dr. Ritesh Malik,Seed Funding,0.0,pumpkart,['dr. ritesh malik'],seed funding,chandigarh,False
2017-05-18,paytm,ECommerce,Mobile Wallet & ECommerce platform,SoftBank Group,Private Equity,13393.8,paytm,['softbank group'],private equity,bengaluru,False
2017-05-19,ezcred,Consumer Internet,Consumer Lending Platform,"Dheeraj Pandey, Rajesh Yohannan, Akash Garg",Seed Funding,9.57,ezcred,"['dheeraj pandey', 'rajesh yohannan', 'akash garg']",seed funding,bengaluru,False
2017-05-19,healthsutra,Food & Beverage,Health Food Maker,"Ankur Capital, Hyderabad Angels",Seed Funding,0.0,healthsutra,"['ankur capital', 'hyderabad angels']",seed funding,hyderabad,False
2017-05-20,yepme,eCommerce,Private Fashion Brand etailer,Gokaldas Exports Ltd,Private Equity,0.0,yepme,['gokaldas exports ltd'],private equity,new delhi,False
2017-05-22,delhivery,Logistics,ECommerce Logistics provider,Fosun International,Private Equity,287.01,delhivery,['fosun international'],private equity,new delhi,False
2017-05-22,zipgrid,Consumer Internet,"Cashless, paperless solutions for Housing societies","JLL, 1Crowd",Seed Funding,4.78,zipgrid,"['jll', '1crowd']",seed funding,mumbai,False
2017-05-23,travelspice,ECommerce,Travel ECommerce portal,Eagle10 Ventures,Seed Funding,0.0,travelspice,['eagle10 ventures'],seed funding,hyderabad,False
2017-05-23,magicpin,Consumer Internet,Hyperlocal discovery platform,"Lightspeed Venture Partners, Vy Capital,",Private Equity,63.14,magicpin,"['lightspeed venture partners', 'vy capital', '']",private equity,gurgaon,False
2017-05-23,the print,Consumer Internet,News Portal,"Ratan Tata, Nandan Nilekani, Uday Kotak, Vijay Shekhar Sharma, Kiran Mazumdar-Shaw, Rajiv C Mody",Seed Funding,0.0,the print,"['ratan tata', 'nandan nilekani', 'uday kotak', 'vijay shekhar sharma', 'kiran mazumdar-shaw', 'rajiv c mody']",seed funding,new delhi,False
2017-05-23,box8,Consumer Internet,Food Delivery Platform,Trifecta Capital,Private Equity,9.57,box8,['trifecta capital'],private equity,mumbai,False
2017-05-24,gennext students,Consumer Internet,Online Tutoring Services,Undisclosed Investors,Seed Funding,5.55,genextstudents,['undisclosed investors'],seed funding,mumbai,False
2017-05-25,aye finance,Finance,Non-Banking Financial Company,Blue Orchard,Private Equity,76.54,ayefinance,['blue orchard'],private equity,gurgaon,False
2017-05-26,whatsloan,Consumer Internet,Online Lending mobile app,Lahiri Music\\xe2\\x80\\x99s family office,Seed Funding,0.0,whatsloan,"[""lahiri music's family office""]",seed funding,bengaluru,False
2017-05-29,cube consumer services,Consumer Internet,Finance management Mobile app,Undisclosed,Seed Funding,0.0,cube consumer services,['undisclosed'],seed funding,mumbai,False
2017-05-29,nivesh,Consumer Internet,Online MF investment platform,"PV Sahad, Sandeep Shroff, Rahul Gupta",Seed Funding,0.0,nivesh,"['pv sahad', 'sandeep shroff', 'rahul gupta']",seed funding,noida,False
2017-05-29,wowflux,Technology,image Processing solution,Undisclosed Investors,Seed Funding,0.0,wowflux,['undisclosed investors'],seed funding,new delhi,False
2017-05-29,collateral medical,eCommerce,Online Medical equipment supplier,Carpediem Capital,Private Equity,33.48,collateral medical,['carpediem capital'],private equity,mumbai,False
2017-05-30,loadshare,Logistics,Express Logistics Network,Matrix Partners,Seed Funding,0.0,loadshare,['matrix partners'],seed funding,bengaluru,False
2017-05-30,simplilend,Consumer Internet,Online lending platform,Undisclosed Investors,Seed Funding,0.0,simplilend,['undisclosed investors'],seed funding,new delhi,False
2017-05-30,supr daily,Consumer Internet,Subscription based delivery platform,"Soma Capital, Great Oaks Ventures, 122 West Ventures",Private Equity,14.35,supr daily,"['soma capital', 'great oaks ventures', '122 west ventures']",private equity,mumbai,False
2017-05-30,swiggy,Consumer Internet,Online food delivery platform,"Nasper, Accel India, SAIF Partners, Bessemer Venture Partners, Harmony Partners, Norwest Venture Partners",Private Equity,765.36,swiggy,"['nasper', 'accel india', 'saif partners', 'bessemer venture partners', 'harmony partners', 'norwest venture partners']",private equity,bengaluru,False
2017-05-31,sastasundar,eCommerce,Online Pharmacy,Rohto Pharmaceutical,Private Equity,47.84,sastasundar,['rohto pharmaceutical'],private equity,kolkata,False
2017-05-31,magicpin,Consumer Internet,Hyperlocal Discovery\\xc2\\xa0 & Rewards platform,"Lightspeed India Partners, Waterbridge Ventures",Private Equity,66.97,magicpin,"['lightspeed india partners', 'waterbridge ventures']",private equity,gurgaon,False
2017-04-01,cashe,Consumer Internet,Online & Mobile based Lending platform,"Mathew Cyriac, Florintree Advisors,",Private Equity,36.35,cashe,"['mathew cyriac', 'florintree advisors', '']",private equity,mumbai,False
2017-04-03,eruditus,Education,Executive Education Provider,Bertelsmann India,Private Equity,78.45,eruditus,['bertelsmann india'],private equity,mumbai,False
2017-04-03,testbook,Consumer Internet,Online Test Preparation Platform,Matrix Partners India,Private Equity,0.0,testbook,['matrix partners india'],private equity,mumbai,False
2017-04-03,healthcare at home,Healthcare,Home Healthcare Provider,Quadria Capital Advisors,Private Equity,382.68,healthcare at home,['quadria capital advisors'],private equity,noida,False
2017-04-03,tyre express,Technology,Enterprise IoT solutions For Tyre Performance,Rohitash Gupta,Seed Funding,0.0,tyre express,['rohitash gupta'],seed funding,mumbai,False
2017-04-03,smartcoin,Consumer Internet,Micro Lending platform,Unicorn India Ventures & Others,Private Equity,0.0,smartcoin,['unicorn india ventures & others'],private equity,bengaluru,False
2017-04-04,waycool,Food & Beverage,Fresh-Produce Distribution Platform,Aspada Investments,Private Equity,25.83,waycool,['aspada investments'],private equity,chennai,False
2017-04-04,perfios,Technology,Fin-Tech Solutions,Bessemer Venture Partners,Private Equity,58.36,perfios,['bessemer venture partners'],private equity,bengaluru,False
2017-04-04,whatfix,Technology,Interactive Tech-Support Guides,"Stellaris Venture Partners, Helion Venture Partners, Powerhouse Ventures, Gokul Rajaram, Girish Mathrubootham, Aneesh Reddy, Vispi Daver",Private Equity,35.3,whatfix,"['stellaris venture partners', 'helion venture partners', 'powerhouse ventures', 'gokul rajaram', 'girish mathrubootham', 'aneesh reddy', 'vispi daver']",private equity,bengaluru,False
2017-04-04,elastirun,Technology,App based Logistics & Distribution platform,"Kalaari Capital, Norwest Venture Partners",Private Equity,66.97,elastirun,"['kalaari capital', 'norwest venture partners']",private equity,pune,False
2017-04-04,trukky,Consumer Internet,Online Truck Aggregator & Booking platform,"Keyur Joshi, Pavan Bakeri",Seed Funding,4.78,trukky,"['keyur joshi', 'pavan bakeri']",seed funding,ahmedabad,False
2017-04-04,konsult app,Consumer Internet,App based Doctor Consulting platform,"Koen Bouwers, Lomesh Agarwal, Jeroen Mensen, Pablo van den Bosch & Others",Seed Funding,4.78,konsult app,"['koen bouwers', 'lomesh agarwal', 'jeroen mensen', 'pablo van den bosch & others']",seed funding,new delhi,False
2017-04-05,credit sudhaar,Consumer Internet,Credit Score Improvement platform,"Deepak Kulkarni, Sandeep Pangal",Seed Funding,0.0,credit sudhaar,"['deepak kulkarni', 'sandeep pangal']",seed funding,mumbai,False
2017-04-05,fingerlix,Consumer Internet,Food Delivery Platform,Zephyr Peacock India,Private Equity,28.7,fingerlix,['zephyr peacock india'],private equity,mumbai,False
2017-04-05,dataweave,Technology,Business Intelligence Solutions,"FreakOut Group, Blume Ventures, Herb Madan, WaterBridge Ventures",Private Equity,0.0,dataweave,"['freakout group', 'blume ventures', 'herb madan', 'waterbridge ventures']",private equity,bengaluru,False
2017-04-06,medwell ventures,Healthcare,Home-Based Healthcare provider,"Mahindra Partners, Eight Roads Ventures, F-Prime Capital Partners",Private Equity,200.91,medwell ventures,"['mahindra partners', 'eight roads ventures', 'f-prime capital partners']",private equity,bengaluru,False
2017-04-06,mech mocha,Consumer Internet,Mobile gaming startup,"Accel Partners, Shunwei Capital",Private Equity,47.84,mech mocha,"['accel partners', 'shunwei capital']",private equity,bengaluru,False
2017-04-07,startup buddy,Consumer Internet,Startup Support Platform,"YouWeCan Ventures,",Seed Funding,0.0,startup buddy,"['youwecan ventures', '']",seed funding,gurgaon,False
2017-04-07,qorqi,Healthcare,Online Healthcare provider,Paytm,Seed Funding,0.0,qorqi,['paytm'],seed funding,noida,False
2017-04-07,twenty two motors,Technology,Smart Scooter manufacturer,"Ishwar Singh,Farhaan Shabbir",Seed Funding,0.0,twenty two motors,"['ishwar singh', 'farhaan shabbir']",seed funding,gurgaon,False
2017-04-07,pharmeasy,eCommerce,Online Pharmacy,"Bessemer Venture Partners, Orios Venture Partners, Trifecta Capital,",Private Equity,172.21,pharmeasy,"['bessemer venture partners', 'orios venture partners', 'trifecta capital', '']",private equity,mumbai,False
2017-04-08,wonderchef,eCommerce,Online marketplace for kitchen products,Labruyere Eberl\\xc3\\xa9,Private Equity,0.0,wonderchef,['labruyere eberlé'],private equity,mumbai,False
2017-04-08,fastfox,Consumer Internet,Online rental discovery platform,"Lightspeed India Partners, Blume Ventures, CyberAgent Ventures, GrowX Ventures, IMJ Investment Partners",Private Equity,44.01,fastfox,"['lightspeed india partners', 'blume ventures', 'cyberagent ventures', 'growx ventures', 'imj investment partners']",private equity,gurgaon,False
2017-04-10,omnify,Technology,SaaS platform for SMEs,"Rajan Anandan, L.D Sharma, Saurabh Arora",Seed Funding,1.44,omnify,"['rajan anandan', 'l.d sharma', 'saurabh arora']",seed funding,bengaluru,False
2017-04-10,capital float,Consumer Internet,Online Lending Platform for SME,Mahindra and Mahindra Financial Services,Private Equity,22.0,capital float,"['mahindra', 'mahindra financial services']",private equity,bengaluru,False
2017-04-11,ninjacart,eCommerce,B2B agri-marketing platform,"Accel Partners, Nandan Nilekani\\xe2\\x80\\x99s NRJN Trust, Mistletoe, Qualcomm Ventures, M&S Partners",Private Equity,52.62,ninjacart,"['accel partners', ""nandan nilekani's nrjn trust"", 'mistletoe', 'qualcomm ventures', 'm&s partners']",private equity,bengaluru,False
2017-04-11,mergerware,Technology,Software solutions for M&As,Philippe Bouchet,Seed Funding,0.96,mergerware,['philippe bouchet'],seed funding,bengaluru,False
2017-04-11,sports flashes,Consumer Internet,Online Sports portal & Mobile app,"Sushil Kumar, Sandeep Singh",Seed Funding,0.0,sport flashes,"['sushil kumar', 'sandeep singh']",seed funding,new delhi,False
2017-04-12,clovia,eCommerce,Online lingerie & Sleepwear etailer,"Ivycap Ventures Advisors, Singularity Ventures and Ravi Dhariwal",Private Equity,38.27,clovia,"['ivycap ventures advisors', 'singularity ventures', 'ravi dhariwal']",private equity,new delhi,False
2017-04-12,emiza,Logistics,Third Party Logistics provider,"Mayfield, Nishant Rao, Dileep Nath",Private Equity,43.05,emiza,"['mayfield', 'nishant rao', 'dileep nath']",private equity,mumbai,False
2017-04-12,hackerearth,Consumer Internet,Online Skill Assessment Platform,"DHI Group Inc, Prime Venture Partners, Beenext, Beenos, Digital Garage, BizReach",Private Equity,43.05,hackerearth,"['dhi group inc', 'prime venture partners', 'beenext', 'beenos', 'digital garage', 'bizreach']",private equity,bengaluru,False
2017-04-12,squadrun,Technology,Software-As-a-Service Platform,"Blume Ventures, Contrarian Capital, 91springboard, Emergent Ventures, Abstract Ventures, Anthill Ventures, Axilor Ventures",Private Equity,20.09,squadrun,"['blume ventures', 'contrarian capital', '91springboard', 'emergent ventures', 'abstract ventures', 'anthill ventures', 'axilor ventures']",private equity,noida,False
2017-04-12,tinmen,Consumer Internet,Food Delivery Platform,"MAPE Advisory Group, R Ramaraj, Corvus Ventures",Seed Funding,0.0,tinmen,"['mape advisory group', 'r ramaraj', 'corvus ventures']",seed funding,hyderabad,False
2017-04-12,scoutmytrip,Consumer Internet,Online Travel planner,Z Nation Lab,Seed Funding,0.0,scoutmytrip,['z nation lab'],seed funding,mumbai,False
2017-04-13,safetykart,eCommerce,Safety & Hygiene Products etailer,Redcliffe Capital,Private Equity,0.0,safetykart,['redcliffe capital'],private equity,gurgaon,False
2017-04-13,weareholidays,Consumer Internet,Travel Packages & Planner marketplace,"Urrshila Kerkar,",Private Equity,73.67,weareholidays,"['urrshila kerkar', '']",private equity,gurgaon,False
2017-04-14,ola cabs,Consumer Internet,Cab Aggregator App,SIMI Pacific Pte,Private Equity,2487.42,olacabs,['simi pacific pte'],private equity,bengaluru,False
2017-04-15,myly,Consumer Internet,Mobile App for Schools,mall Industries Development Bank of India (SIDBI),Seed Funding,2.97,myly,['mall industries development bank of india (sidbi)'],seed funding,jaipur,False
2017-04-17,credihealth,Consumer Internet,Online Medical Assistance platform,"Tolaram Inc, Mountain Pine Capital",Private Equity,14.35,credihealth,"['tolaram inc', 'mountain pine capital']",private equity,gurgaon,False
2017-04-17,navia life care,Technology,Health Technology platform,Benori Ventures LLP,Seed Funding,0.0,navia life care,['benori ventures llp'],seed funding,new delhi,False
2017-04-17,raw pressery,Food & Beverages,Raw Pressed Juices manufacturer,Jacqueline Fernandez,Seed Funding,0.0,rawpressery,['jacqueline fernandez'],seed funding,mumbai,False
2017-04-17,snackible,Food & Beverages,Healthy Snacks manufacturer,"Nibhrant Shah, Anandbir Singh, Anirudh Sheth, Pratik Singhi, Vikram Mehta, Murali Nair",Seed Funding,1.67,snackible,"['nibhrant shah', 'anandbir singh', 'anirudh sheth', 'pratik singhi', 'vikram mehta', 'murali nair']",seed funding,mumbai,False
2017-04-17,be u salons,Consumer Internet,Online Salon discovery & Booking Services,"Gaurav Kachru, Sundeep Singh Sahni, Jatin Aneja, Arun Malhotra",Seed Funding,5.93,be u salons,"['gaurav kachru', 'sundeep singh sahni', 'jatin aneja', 'arun malhotra']",seed funding,new delhi,False
2017-04-17,simulanis,Consumer Internet,eLearning & Skills Development plat,Village Capital,Seed Funding,0.0,simulanis,['village capital'],seed funding,new delhi,False
2017-04-17,lendingkart,Consumer Internet,Lending platform for small businesses,Anicut Capital,Private Equity,44.49,lendingkart,['anicut capital'],private equity,ahmedabad,False
2017-04-18,innefu security consulting,Technology,Cyber Security solutions using AI,IndiaNivesh Venture Capital Fund,Private Equity,19.13,innefu security consulting,['indianivesh venture capital fund'],private equity,new delhi,False
2017-04-18,whodat,Technology,Markerless AR platform,Ideaspring Capital,Private Equity,5.74,whodat,['ideaspring capital'],private equity,bengaluru,False
2017-04-18,absentia vr,Technology,Virtual Reality Startup,Exfinity Venture Partners,Private Equity,11.96,absentia vr,['exfinity venture partners'],private equity,bengaluru,False
2017-04-19,iotrek,Technology,IoT Platform for Bus,Undisclosed Investor,Seed Funding,1.48,iotrek,['undisclosed investor'],seed funding,new delhi,False
2017-04-20,holachef,Consumer Internet,Online Food Delivery,"SIDBI Venture Capital Ltd, Kalaari Capital",Private Equity,28.7,holachef,"['sidbi venture capital ltd', 'kalaari capital']",private equity,mumbai,False
2017-04-20,wooplr,eCommerce,Social Commerce\\xc2\\xa0 Fashion platform,Ankit Nagori,Private Equity,0.0,wooplr,['ankit nagori'],private equity,bengaluru,False
2017-04-21,video ken,Consumer Internet,Video Based Collaborative Learning,"Ravi Garikipati, Surot Chatterjee, Ashish Agrawal, LG Chandrasekhar, Sashi Reddi",Seed Funding,9.57,video ken,"['ravi garikipati', 'surot chatterjee', 'ashish agrawal', 'lg chandrasekhar', 'sashi reddi']",seed funding,bengaluru,False
2017-04-24,faasos,Food & Beverage,QSR chain and online food delivery,"Ligthbox Ventures II, Lightbox Expansion Fund, Sequoia Capital India, RuNet South Asia, RB Investments",Private Equity,60.27,faasos,"['ligthbox ventures ii', 'lightbox expansion fund', 'sequoia capital india', 'runet south asia', 'rb investments']",private equity,pune,False
2017-04-24,oyo rooms,Consumer Internet,Branded Budget Hotels Aggregator,"SoftBank Vision Fund, Lightspeed Venture Partners, Sequoia Capital India Advisors, Greenoaks Capital Partners",Private Equity,2391.75,oyorooms,"['softbank vision fund', 'lightspeed venture partners', 'sequoia capital india advisors', 'greenoaks capital partners']",private equity,gurgaon,False
2017-04-24,toppr,Consumer Internet,Learning mobile app for students,WGG International,Private Equity,30.61,toppr,['wgg international'],private equity,mumbai,False
2017-04-24,niramai,Healthcare,Breast Cancer Screening Solutions,"pi Ventures, Axilor Ventures, 500 Startups, Binny Bansal",Seed Funding,0.0,niramai,"['pi ventures', 'axilor ventures', '500 startups', 'binny bansal']",seed funding,bengaluru,False
2017-04-25,the office pass,Consumer Internet,CoWorking Spaces booking platform,"Arun Tadanki, Aditya Verma",Seed Funding,2.34,the office pass,"['arun tadanki', 'aditya verma']",seed funding,gurgaon,False
2017-04-25,urbanclap,Consumer Internet,Mobile Services Marketplace,Trifecta Capital,Private Equity,29.66,urbanclap,['trifecta capital'],private equity,gurgaon,False
2017-04-26,awfis,Consumer Internet,Collaborative co-Working Spaces,Sequoia India,Private Equity,191.34,awfis,['sequoia india'],private equity,mumbai,False
2017-04-26,myra,Consumer Internet,Online Pharmacy,"Times Internet,Matrix Partners",Private Equity,0.0,myra,"['times internet', 'matrix partners']",private equity,bengaluru,False
2017-04-26,flytxt,Technology,Customer data analytics software,DAH Beteiligungs GmbH,Private Equity,105.24,flytxt,['dah beteiligungs gmbh'],private equity,mumbai,False
2017-04-26,howdy ventures,Consumer Internet,Public and Private Events creation app,S. Xavier Britto,Seed Funding,14.35,howdy ventures,['s. xavier britto'],seed funding,chennai,False
2017-04-26,stalkbuylove,eCommerce,Online fashion marketplace,Trifecta Capital,Private Equity,9.57,stalkbuylove,['trifecta capital'],private equity,new delhi,False
2017-04-26,zipgo,Consumer Internet,Bus Pooling services platform,"Orios Ventures Partners, Team Builder Ventures, Omidyar Networks",Private Equity,0.0,zipgo,"['orios ventures partners', 'team builder ventures', 'omidyar networks']",private equity,bengaluru,False
2017-04-27,scootsy,Consumer Internet,On-Demand Food Delivery,"Agnus Capital, Khattar Holdings",Private Equity,34.44,scootsy,"['agnus capital', 'khattar holdings']",private equity,mumbai,False
2017-04-27,autobix,Technology,Software Solutions for Auto Dealership,GardX International,Seed Funding,0.0,autobix,['gardx international'],seed funding,pune,False
2017-04-27,eshiksha,Technology,Education Institution Management Solutions,Cross Border Angels & Experts,Seed Funding,0.0,eshiksha,['cross border angels & experts'],seed funding,jaipur,False
2017-04-27,inurture,Consumer Internet,Online Educational courses,BlackSoil Capital Pvt. Ltd,Private Equity,14.35,inurture,['blacksoil capital pvt. ltd'],private equity,bengaluru,False
2017-04-28,sepalika,Consumer Internet,Healthcare related content platform,Accel Partners,Seed Funding,7.18,sepalika,['accel partners'],seed funding,new delhi,False
2017-04-28,mintwalk,Consumer Internet,Financial advisory mobile app,Poshika Financial Ecosystem,Seed Funding,0.0,mintwalk,['poshika financial ecosystem'],seed funding,mumbai,False
2017-04-29,qriyo,Consumer Internet,Tutor Discovery & Booking platform,NB Ventures,Private Equity,0.0,qriyo,['nb ventures'],private equity,jaipur,False
2017-03-01,ola,Consumer Internet,App based cab aggregator,SoftBank Group Corp,Private Equity,3157.11,ola,['softbank group corp'],private equity,bengaluru,False
2017-03-01,belong,Consumer Internet,Online Jon Portal,Sequoia Capital India,Private Equity,95.67,elong,['sequoia capital india'],private equity,bengaluru,False
2017-03-01,seenit,Consumer Internet,AI based Fashion Search Portal,"Calcutta Angels Network (CAN), Augment Ventures",Seed Funding,0.0,seenit,"['calcutta angels network (can)', 'augment ventures']",seed funding,kolkata,False
2017-03-01,paalak,ECommerce,Fresh Produce Selling portal,"Vishwadeep Bajaj, Harsh Kundra, Nandkumar Rane, LN Buddharaju, Anupam Tyagi",Seed Funding,0.0,paalak,"['vishwadeep bajaj', 'harsh kundra', 'nandkumar rane', 'ln buddharaju', 'anupam tyagi']",seed funding,new delhi,False
2017-03-02,celes care,Consumer Internet,Women Healthcare & Information portal,"Ventureast, Endiya Partners, Eight Roads Ventures, F-Prime Capital Partners",Private Equity,14.35,celes care,"['ventureast', 'endiya partners', 'eight roads ventures', 'f-prime capital partners']",private equity,hyderabad,False
2017-03-02,karomi,Technology,Packaging Artwork Management software,Ideaspring Capital,Seed Funding,4.78,karomi,['ideaspring capital'],seed funding,chennai,False
2017-03-02,red carpet,Consumer Internet,Micro Lending platform,Lightspeed Venture Partners,Private Equity,23.92,red carpet,['lightspeed venture partners'],private equity,gurgaon,False
2017-03-02,kreate konnect,Technology,End-to-End Seller e-commerce solutions Provider,Langoor,Seed Funding,0.0,kreate konnect,['langoor'],seed funding,vadodara,False
2017-03-02,creditmantri,Consumer Internet,Online Credit score & lending platform,Quona Capital,Private Equity,72.71,creditmantri,['quona capital'],private equity,chennai,False
2017-03-03,lets endorse,Consumer Internet,Online Ecosystem of social innovators,"Chandigarh Angels Network, Social Alpha and other unnamed angel investors",Seed Funding,0.0,lets endorse,"['chandigarh angels network', 'social alpha', 'other unnamed angel investors']",seed funding,bengaluru,False
2017-03-03,tydy,Technology,Employee Onboarding and Engagement platform,"Bhupen Shah, Jayesh Parekh, Sanjay Sathe",Seed Funding,2.63,tydy,"['bhupen shah', 'jayesh parekh', 'sanjay sathe']",seed funding,bengaluru,False
2017-03-03,nactus,Consumer Internet,Professional Tutors discovery & booking mobile app,"Sandeep Aggarwal, Gautam Chhaochharia, R Balachandar",Seed Funding,0.0,nactus,"['sandeep aggarwal', 'gautam chhaochharia', 'r balachandar']",seed funding,jaipur,False
2017-03-03,oho shop,Technology,eCommerce Mobile App Builder,"Bennett, Coleman and Company Ltd",Private Equity,64.1,oho shop,"['bennett', 'coleman', 'company ltd']",private equity,ahmedabad,False
2017-03-03,emojifi,Consumer Internet,Mobile App for live emoji,Undisclosed angel investors,Seed Funding,0.0,emojifi,['undisclosed angel investors'],seed funding,hyderabad,False
2017-03-03,paytm marketplace,ECommerce,ECommerce Marketplace,Alibaba,Private Equity,1913.4,paytm marketplace,['alibaba'],private equity,bengaluru,False
2017-03-04,igenetics,Healthcare,Health Diagnostic Solutions,CDC Group Plc,Private Equity,186.56,igenetics,['cdc group plc'],private equity,mumbai,False
2017-03-06,juno clinic,Consumer Internet,Online Counseling Platform,Atul Nishar,Seed Funding,11.48,juno clinic,['atul nishar'],seed funding,mumbai,False
2017-03-06,summerlabel,Consumer Internet,Fashion and Lifestyle discovery platform,"Aneesh Seth, Tushar Mittal",Seed Funding,1.44,summerlabel,"['aneesh seth', 'tushar mittal']",seed funding,gurgaon,False
2017-03-06,pickme,Consumer Internet,Gadget Insurance & Repair Services platform,SIDBI Venture Capital Fund,Private Equity,17.12,pickme,['sidbi venture capital fund'],private equity,mumbai,False
2017-03-07,agrostar,Technology,Direct-to-Farmer Mobile-Based Retail platform,Accel Partners,Private Equity,95.67,agrostar,['accel partners'],private equity,pune,False
2017-03-07,zapr,Technology,"DSP, TV Analytics & Cross-Platform advertising",Star India Pvt Ltd,Private Equity,95.67,zapr,['star india pvt ltd'],private equity,bengaluru,False
2017-03-07,data resolve,Technology,Cyber Security Solutions,IDFC Parampara Early Stage Opportunities Fund,Private Equity,9.57,data resolve,['idfc parampara early stage opportunities fund'],private equity,noida,False
2017-03-07,book servicing,Consumer Internet,Online Vehicle Services Booking platform,National Science and Technology Entrepreneurship Development Board,Seed Funding,0.29,book servicing,"['national science', 'technology entrepreneurship development board']",seed funding,new delhi,False
2017-03-07,blowhorn,Consumer Internet,Intra-City Logistics provider,"IDG Ventures India, Michael & Susan Dell Foundation, Draper Associates, Unitus Seed Fund",Private Equity,34.92,blowhorn,"['idg ventures india', 'michael & susan dell foundation', 'draper associates', 'unitus seed fund']",private equity,bengaluru,False
2017-03-08,rivigo,Logistics,Technology Enabled Logistics Company,Private Sector Banks (Debt Funding),Private Equity,143.5,rivigo,['private sector banks (debt funding)'],private equity,gurgaon,False
2017-03-08,pipecandy,Technology,Intelligent Sales Prospecting Platform,"IDG ventures, Axilor Ventures, Emergent Ventures, Indian Angel Network",Seed Funding,10.52,pipecandy,"['idg ventures', 'axilor ventures', 'emergent ventures', 'indian angel network']",seed funding,chennai,False
2017-03-08,supr daily,Consumer Internet,Subscription based Home Delivery Platform,Y Combinator,Seed Funding,1.15,supr daily,['y combinator'],seed funding,mumbai,False
2017-03-08,parentune,Consumer Internet,Online Community for Parents,"Kae Capital, SEGNEL Ventures",Private Equity,0.0,parentune,"['kae capital', 'segnel ventures']",private equity,gurgaon,False
2017-03-09,appbrowzer,Consumer Internet,Instant Mobile Apps Store,Deepak Gurnani,Seed Funding,4.78,appbrowzer,['deepak gurnani'],seed funding,bengaluru,False
2017-03-09,magicbricks,Consumer Internet,Online Real Estate Portal,Times Internet Ltd,Private Equity,43.05,magicbricks,['times internet ltd'],private equity,mumbai,False
2017-03-10,peebuddy,Healthcare,Female Hygiene product manufacturer,Indian Angel Network,Seed Funding,4.24,peebuddy,['indian angel network'],seed funding,new delhi,False
2017-03-10,iorderfresh,ECommerce,Online fresh fruits and grocery store,Singapore Angel Network,Seed Funding,0.0,iorderfresh,['singapore angel network'],seed funding,new delhi,False
2017-03-10,lavelle networks,Technology,SDN Solutions,Ideaspring Capital,Seed Funding,5.74,lavelle networks,['ideaspring capital'],seed funding,bengaluru,False
2017-03-10,propertyshare,Consumer Internet,Fractional Proerty Ownership & Rental platform,"Asuka, Pravega Ventures, BEENEXT",Seed Funding,0.0,propertyshare,"['asuka', 'pravega ventures', 'beenext']",seed funding,bengaluru,False
2017-03-14,mydermacy,Consumer Internet,Online Dermatology consultation platform,Cyber Carrier,Private Equity,0.0,mydermacy,['cyber carrier'],private equity,new delhi,False
2017-03-15,latestone,eCommerce,Tech Accessories e-tailer,"Florintree, Mathew Cyriac, Chidambaram Palaniappan, Bharat Sheth",Private Equity,32.05,latestone,"['florintree', 'mathew cyriac', 'chidambaram palaniappan', 'bharat sheth']",private equity,hyderabad,False
2017-03-15,frapperz,Consumer Internet,On-demand home services provider,Undisclosed Investor,Seed Funding,0.96,frapperz,['undisclosed investor'],seed funding,kolkata,False
2017-03-16,mpaani,Consumer Internet,Loyalty rewards app,"IDG Ventures, Blume Ventures, Saha Fund,",Private Equity,12.92,mpaani,"['idg ventures', 'blume ventures', 'saha fund', '']",private equity,mumbai,False
2017-03-16,shilpmis,Technology,Virtual Reality platform,"Puneet Gupta, Nimitt Desai & Others",Seed Funding,0.0,shilpmis,"['puneet gupta', 'nimitt desai & others']",seed funding,surat,False
2017-03-16,popxo,Consumer Internet,Digital Media publication for women,"GREE Ventures, Kalaari Capital and IDG Ventures India, Summit Media, Atul Goel, and Gurpreet Singh",Private Equity,29.66,popxo,"['gree ventures', 'kalaari capital', 'idg ventures india', 'summit media', 'atul goel', 'and gurpreet singh']",private equity,new delhi,False
2017-03-16,fitso,Consumer Internet,Fitness Mobile App,"Sujeet Kumar, Bhupender Singh, Yashish Dhaiya",Seed Funding,1.91,fitso,"['sujeet kumar', 'bhupender singh', 'yashish dhaiya']",seed funding,gurgaon,False
2017-03-17,farmart,Technology,Farming rental equipment provider,Indian Angel Network,Seed Funding,0.0,farmart,['indian angel network'],seed funding,gurgaon,False
2017-03-21,flipkart,eCommerce,ECommerce Marketplace,"Microsoft, eBay, Tencent Holdings",Private Equity,13393.8,flipkart,"['microsoft', 'ebay', 'tencent holdings']",private equity,bengaluru,False
2017-03-21,airpay,Technology,Online payment Gateway,"Kalaari Capital, Rakesh and Rajesh Jhunjhunwala",Private Equity,35.11,airpay,"['kalaari capital', 'rakesh', 'rajesh jhunjhunwala']",private equity,mumbai,False
2017-03-21,myglamm,Consumer Internet,On-Demand Beauty Services,L\\xe2\\x80\\x99Occitane,Private Equity,50.71,myglamm,"[""l'occitane""]",private equity,mumbai,False
2017-03-22,the mons co.,eCommerce,Pregnancy & Baby Care etailer,"Shripad Nadkarni, Nandu Nandkishore",Seed Funding,0.0,the mons co.,"['shripad nadkarni', 'nandu nandkishore']",seed funding,new delhi,False
2017-03-22,haqdarshak,Consumer Internet,Tech-Enabled Social Enterprise,"Ravi Saxena, Sandeep Raju,",Seed Funding,1.83,haqdarshak,"['ravi saxena', 'sandeep raju', '']",seed funding,bengaluru,False
2017-03-23,ixigo,Consumer Internet,Online Travel Search Engine,"Sequoia Capital, Kinzon Capital",Private Equity,143.5,ixigo,"['sequoia capital', 'kinzon capital']",private equity,gurgaon,False
2017-03-23,markets and markets,Technology,Marketing Research Company,"FTV Capital, Zodius Capital",Private Equity,535.75,markets and markets,"['ftv capital', 'zodius capital']",private equity,pune,False
2017-03-24,bizom,Technology,supply chain automation platform,Ojas Ventures,Seed Funding,3.65,bizom,['ojas ventures'],seed funding,bengaluru,False
2017-03-24,babyonboard,Consumer Internet,Parenting Mobile App,"Mahavir Sharma, Vishal Jain, Rohit Sethi, Gaurav Luniya",Seed Funding,0.0,babyonboard,"['mahavir sharma', 'vishal jain', 'rohit sethi', 'gaurav luniya']",seed funding,bengaluru,False
2017-03-24,delhivery,Technology,Tech enabled Fulfilment & Logistics Solutions,"Carlyle Group, Tiger Global",Private Equity,956.7,delhivery,"['carlyle group', 'tiger global']",private equity,new delhi,False
2017-03-27,sport flashes,Consumer Internet,Sports Based Online Media portal,"Vikas Bajaj, Amit Kharbanda,",Seed Funding,0.0,sport flashes,"['vikas bajaj', 'amit kharbanda', '']",seed funding,new delhi,False
2017-03-28,fynd,ECommerce,Online fashion marketplace,Venture Catalysts,Private Equity,4.78,fynd,['venture catalysts'],private equity,mumbai,False
2017-03-28,wigzo,Technology,Enterprise Automation suite,3one4 capital,Private Equity,0.0,wigzo,['3one4 capital'],private equity,new delhi,False
2017-03-28,donething,Consumer Internet,On-demand Personal Assistant service,Brand Capital,Private Equity,2.87,donething,['brand capital'],private equity,gurgaon,False
2017-03-29,zapyle,ECommerce,Luxury Fashion Marketplace,Undisclosed Investors,Seed Funding,0.0,zapyle,['undisclosed investors'],seed funding,bengaluru,False
2017-03-29,ithaka,Consumer Internet,Vacation Trip Planning platform,"Ankit Gupta, Puneet Motihar",Seed Funding,3.11,ithaka,"['ankit gupta', 'puneet motihar']",seed funding,mumbai,False
2017-03-29,perpule,eCommerce,Self-Checkout ECommerce App,KStart Capital,Seed Funding,6.22,perpule,['kstart capital'],seed funding,bengaluru,False
2017-03-29,byjus,Consumer Internet,Online Education Platform,Verlinvest,Private Equity,0.0,byjus,['verlinvest'],private equity,bengaluru,False
2017-03-29,licious,ECommerce,Online Meat Ordering platform,"Mayfield India, 3one4 Capital, Sistema Asia Fund, Neoplux Technology Fund",Private Equity,95.67,licious,"['mayfield india', '3one4 capital', 'sistema asia fund', 'neoplux technology fund']",private equity,bengaluru,False
2017-03-29,medinfi,Consumer Internet,Doctor & Hospital search Platform,"Vinod Martin, Hemant Kaul, Prof. Ram Kumar Kakani & Others",Seed Funding,0.48,medinfi,"['vinod martin', 'hemant kaul', 'prof. ram kumar kakani & others']",seed funding,bengaluru,False
2017-03-30,indus os,Technology,Mobile OS creator,"JSW Ventures, VenturEast",Private Equity,0.0,indus os,"['jsw ventures', 'ventureast']",private equity,mumbai,False
2017-03-30,emflux motors,Technology,Electric Motorcycle manufacturer,"Meher Roy, Nikhil Arora, Meet Kanodia, Krit Sankalp, Nitish Singh, Risabh Gupta",Seed Funding,0.0,emflux motors,"['meher roy', 'nikhil arora', 'meet kanodia', 'krit sankalp', 'nitish singh', 'risabh gupta']",seed funding,bengaluru,False
2017-03-30,klinic app,Consumer Internet,Pathology & Diagnostic Tests Portal,Om Chaudhry,Seed Funding,0.0,klinic app,['om chaudhry'],seed funding,gurgaon,False
2017-03-31,jhakaas,Consumer Internet,Offline Business Aggregator App,"Malini Patel, Stelcore Management Services, Anjani Prasad",Seed Funding,1.48,jhakaas,"['malini patel', 'stelcore management services', 'anjani prasad']",seed funding,mumbai,False
2017-03-31,oriano solar,Technology,Turnkey Solar Solutions,Samridhi Fund,Private Equity,28.7,oriano solar,['samridhi fund'],private equity,mumbai,False
2017-03-31,bigbasket,ECommerce,Online Grocer,Trifecta Capital,Private Equity,66.97,bigbasket,['trifecta capital'],private equity,bengaluru,False
2017-03-31,rooter,Consumer Internet,Sports engagement platform,Intex Technologies,Private Equity,0.0,rooter,['intex technologies'],private equity,new delhi,False
2017-03-31,falconbrick,Technology,Real-Estate Workflow mobile app,"Satveer Thakral, LetsVenture, Mumbai Angels",Seed Funding,0.0,falconbrick,"['satveer thakral', 'letsventure', 'mumbai angels']",seed funding,bengaluru,False
2017-03-31,icertis,Technology,ERP solutions provider,"B Capital Group, Ignition Partners, Greycroft, e.ventures,\\xc2\\xa0 Eight Roads Ventures",Private Equity,239.18,icertis,"['b capital group', 'ignition partners', 'greycroft', 'e.ventures', 'eight roads ventures']",private equity,pune,False
2017-02-02,clodura,Technology,Intelligent Sales Assistant,Undisclosed Investors,Seed Funding,0.0,clodura,['undisclosed investors'],seed funding,pune,False
2017-02-03,stockroom,Consumer Internet,Curated Platform for Developers,"Satya D Sinha, Gyanendra Singh",Seed Funding,0.0,stockroom,"['satya d sinha', 'gyanendra singh']",seed funding,hyderabad,False
2017-02-06,capital float,Consumer Internet,Online lending platform,IFMR Capital Finance,Private Equity,23.92,capital float,['ifmr capital finance'],private equity,bengaluru,False
2017-02-06,imanagemyhotel,Technology,Hotel Management Solution,Jaarvis Accelerator,Seed Funding,0.0,imanagemyhotel,['jaarvis accelerator'],seed funding,kolkata,False
2017-02-07,inner hour,Consumer Internet,Online Counselling Platform,"Batlivala & Karani Securities, Venture Works",Seed Funding,4.31,inner hour,"['batlivala & karani securities', 'venture works']",seed funding,mumbai,False
2017-02-07,travel triangle,Consumer Internet,Online travel agent marketplace,"RB Investments, SAIF Partners, Bessemer Venture Partners",Private Equity,95.67,traveltriangle,"['rb investments', 'saif partners', 'bessemer venture partners']",private equity,noida,False
2017-02-08,wandertrails,Consumer Internet,"Online Travel, Adventure & Activities Portal",Earlsfield Capital,Seed Funding,9.57,wandertrails,['earlsfield capital'],seed funding,bengaluru,False
2017-02-08,zenatix,Technology,IoT Based Energy Monitoring & Control,"pi Ventures, Blume Ventures",Private Equity,11.48,zenatix,"['pi ventures', 'blume ventures']",private equity,gurgaon,False
2017-02-08,cartrade,Consumer Internet,Automobile Classifieds Portal,Temasek Holdings,Private Equity,526.18,cartrade,['temasek holdings'],private equity,mumbai,False
2017-02-08,mindyourfleet,Technology,Car Rental Software Solutions,"Japan Vyas, Tarun Adlakha",Seed Funding,0.0,mindyourfleet,"['japan vyas', 'tarun adlakha']",seed funding,noida,False
2017-02-08,edurev,Consumer Internet,Online Education Portal,Facebook FB Start programme,Seed Funding,0.38,edurev,['facebook fb start programme'],seed funding,gurgaon,False
2017-02-09,voonik,ECommerce,Women Apparel & Lifestyle etailer,"RB Investments, Sequoia Capital",Private Equity,57.4,voonik,"['rb investments', 'sequoia capital']",private equity,bengaluru,False
2017-02-09,1crowd,Finance,Startup Crowd-funding platform,Ganesh Natarajan,Seed Funding,0.0,1crowd,['ganesh natarajan'],seed funding,mumbai,False
2017-02-09,wooplr,ECommerce,Women Fashion Portal,"Sistema Asia Fund, Amereus Group, Helion Ventures",Private Equity,76.54,wooplr,"['sistema asia fund', 'amereus group', 'helion ventures']",private equity,bengaluru,False
2017-02-10,48east,ECommerce,Online Food Delivery Platform,Al Dhaheri family,Private Equity,4.78,48east,['al dhaheri family'],private equity,bengaluru,False
2017-02-10,redesyn,Consumer Internet,Tech Enabler for Artists,ThinQbate,Seed Funding,0.0,redesyn,['thinqbate'],seed funding,mumbai,False
2017-02-13,sigtuple,Technology,Medical Automation platform,"Accel Partners, IDG Ventures, Endiya Partners, pi Ventures, VH Capital, Axilor Partners",Private Equity,55.49,sigtuple,"['accel partners', 'idg ventures', 'endiya partners', 'pi ventures', 'vh capital', 'axilor partners']",private equity,bengaluru,False
2017-02-13,flutura,Technology,Decision Sciences Analytics Solutions,"Vertex Ventures, Lumis Partners",Private Equity,71.75,flutura,"['vertex ventures', 'lumis partners']",private equity,bengaluru,False
2017-02-13,wassup,Consumer Internet,On Demand Laundry & Dry Cleaning Services,Anil Jain & other HNIs,Private Equity,30.61,wassup,['anil jain & other hnis'],private equity,chennai,False
2017-02-13,better mortgage,Consumer Internet,Mortgage Offering Platform,"Kleiner Perkins, Goldman Sachs, Pine Brook",Private Equity,143.5,better mortgage,"['kleiner perkins', 'goldman sachs', 'pine brook']",private equity,gurgaon,False
2017-02-13,nurturey,Consumer Internet,Parenting Mobile App,Mohit Joshi & Others,Seed Funding,3.16,nurturey,['mohit joshi & others'],seed funding,new delhi,False
2017-02-13,fyle,Technology,Expense Management Solution,Pravega Ventures,Seed Funding,3.83,fyle,['pravega ventures'],seed funding,bengaluru,False
2017-02-14,gobumpr,Consumer Internet,Online Bike & Car Services provider,"Mahalingam K, Girish Mathrubootham",Seed Funding,2.87,gobumpr,"['mahalingam k', 'girish mathrubootham']",seed funding,chennai,False
2017-02-14,ccavenue,Consumer Internet,Online Payment Gateway,Infibeam,Private Equity,214.3,ccavenue,['infibeam'],private equity,mumbai,False
2017-02-14,connaizen,Technology,Data Analytics platform,Vikram Sud,Seed Funding,0.0,connaizen,['vikram sud'],seed funding,new delhi,False
2017-02-15,innov8,Consumer Internet,Co-Working Space Platform,"Vijay Shekhar Sharma, Rajan Anandan, Kunal Shah, Girish Mathrubootham, Punit Soni, Anand Chandrasekaran, Sunil Kalra, Utsav Somani, Vishal Gondal, Vikram Limaye",Seed Funding,0.0,innov8,"['vijay shekhar sharma', 'rajan anandan', 'kunal shah', 'girish mathrubootham', 'punit soni', 'anand chandrasekaran', 'sunil kalra', 'utsav somani', 'vishal gondal', 'vikram limaye']",seed funding,new delhi,False
2017-02-15,zestmoney,Consumer Internet,Online Consumer Lending platform,"PayU, Ribbit Capital, Omidyar Network",Private Equity,62.19,zestmoney,"['payu', 'ribbit capital', 'omidyar network']",private equity,bengaluru,False
2017-02-15,airzaar,Technology,Drone operations management platform,Quake Capital,Seed Funding,3.35,airzaar,['quake capital'],seed funding,missourie,False
2017-02-16,truebil,Consumer Internet,Online Marketplace for Used Cars,Shunwei Capital,Private Equity,28.7,truebil,['shunwei capital'],private equity,mumbai,False
2017-02-16,yourstory,Consumer Internet,Online Media,"Kalaari Capital Partners, Qualcomm, 3ONE4 Capital Advisors, UC-RNT",Private Equity,28.7,yourstory,"['kalaari capital partners', 'qualcomm', '3one4 capital advisors', 'uc-rnt']",private equity,bengaluru,False
2017-02-17,imaginate,Technology,AR & VR platform,SRI Capital,Seed Funding,4.78,imaginate,['sri capital'],seed funding,hyderabad,False
2017-02-17,the ken,Consumer Internet,Online Media Platform,"Aprameya Radhakrishna, Deepak Natraj, Girish Mathrubootham, Mahesh Murthy, Pallav Nadhani, Pavan Ongole, Sandeep Mathur, Vijay Shekhar Sharma & Others",Seed Funding,3.83,the ken,"['aprameya radhakrishna', 'deepak natraj', 'girish mathrubootham', 'mahesh murthy', 'pallav nadhani', 'pavan ongole', 'sandeep mathur', 'vijay shekhar sharma & others']",seed funding,bengaluru,False
2017-02-17,urban ladder,ECommerce,Online Furniture Store,"Kalaari Capital, SAIF Partners, Steadview Capital, Sequoia Capital",Private Equity,145.42,urbanladder,"['kalaari capital', 'saif partners', 'steadview capital', 'sequoia capital']",private equity,bengaluru,False
2017-02-17,aisle,Consumer Internet,Online match-making app,"Konglo Ventures, White Unicorn Ventures, LetsVenture",Seed Funding,0.0,aisle,"['konglo ventures', 'white unicorn ventures', 'letsventure']",seed funding,bengaluru,False
2017-02-17,townscript,Consumer Internet,DIY event registration and ticketing portal,BookMyShow,Private Equity,0.0,townscript,['bookmyshow'],private equity,pune,False
2017-02-17,leopetra,eCommerce,Solution provider for pet needs,Facebook FBStart,Seed Funding,0.38,leopetra,['facebook fbstart'],seed funding,mumbai,False
2017-02-18,blood n care,Consumer Internet,First Aid care app,Facebook FBStart,Seed Funding,0.38,blood n care,['facebook fbstart'],seed funding,gurgaon,False
2017-02-20,flipkart,eCommerce,Online Marketplace,"Bennett, Coleman and Co. Ltd (BCCL)",Private Equity,370.24,flipkart,"['bennett', 'coleman', 'co. ltd (bccl)']",private equity,bengaluru,False
2017-02-21,true balance,Consumer Internet,Mobile balance Checking App,"Softbank Ventures Korea, IMM Investment",Private Equity,143.5,true balance,"['softbank ventures korea', 'imm investment']",private equity,gurgaon,False
2017-02-22,vebbler,Consumer Internet,Photo Sharing for Groups,Facebook FBStart,Seed Funding,0.38,vebbler,['facebook fbstart'],seed funding,bengaluru,False
2017-02-23,get my parking,Consumer Internet,Smart Parking Platform,"Indian Angel Network (IAN), BEENEXT, The Chennai Angels, Sunil Munjal",Private Equity,10.52,get my parking,"['indian angel network (ian)', 'beenext', 'the chennai angels', 'sunil munjal']",private equity,new delhi,False
2017-02-23,lets reap,Consumer Internet,B2B Mobile App for Pharmacies,"Kunal Shah, Sandeep Tandon, Nitin Saluja, Gagan Goyal",Seed Funding,0.0,lets reap,"['kunal shah', 'sandeep tandon', 'nitin saluja', 'gagan goyal']",seed funding,mumbai,False
2017-02-24,oglas,Consumer Internet,Mobile Advertising App,"Pankaj Rungta, Yogesh Agarwal",Seed Funding,0.0,oglas,"['pankaj rungta', 'yogesh agarwal']",seed funding,noida,False
2017-02-27,staydobe,Consumer Internet,Co-Living Spaces Aggregator,Ishan Manaktala,Seed Funding,0.0,staydobe,['ishan manaktala'],seed funding,bengaluru,False
2017-02-27,biryani by kilo,Consumer Internet,Online Food Ordering & Delivery Portal,"Chandigarh Angels, Ashish Gupta, Rohit, Ashish Chand, Sunil Singh & Others",Seed Funding,3.59,biryani by kilo,"['chandigarh angels', 'ashish gupta', 'rohit', 'ashish chand', 'sunil singh & others']",seed funding,gurgaon,False
2017-02-27,johari shop,ECommerce,Online Jewellery etailer,Undisclosed Investors,Seed Funding,0.9,johari shop,['undisclosed investors'],seed funding,bengaluru,False
2017-02-28,neostencil,Consumer Internet,Live Online Coaching Classes,"Brand Capital, Paragon Trust",Private Equity,9.57,neostencil,"['brand capital', 'paragon trust']",private equity,new delhi,False
2017-02-28,blackbuck,Logistics,Online freight aggregator,"Sands Capital, IFC, Accel Partners, Flipkart, Sanjiv Rangrass",Private Equity,669.69,blackbuck,"['sands capital', 'ifc', 'accel partners', 'flipkart', 'sanjiv rangrass']",private equity,bengaluru,False
2017-01-02,taxsutra,Consumer Internet,Online Tax Filing platform,"TV Mohandas Pai, V Balakrishnan, PV Srinivasan",Seed Funding,3.5,taxsutra,"['tv mohandas pai', 'v balakrishnan', 'pv srinivasan']",seed funding,pune,False
2017-01-03,tempogo,Technology,IoT & SAAS Solutions for Transportation Industry,K2 Capital,Seed Funding,7.89,tempgo,['k2 capital'],seed funding,panaji,False
2017-01-03,gofynd,ecommerce,Fashion ecommerce portal,"Anand Chandrasekaran, Rajiv Mehta, Ramakant Sharma",Seed Funding,0.0,gofynd,"['anand chandrasekaran', 'rajiv mehta', 'ramakant sharma']",seed funding,mumbai,False
2017-01-03,vow car clinic,Consumer Internet,Online/App Based Car cleaning service provider,Vishal Malik,Seed Funding,0.0,vow car clinic,['vishal malik'],seed funding,gurgaon,False
2017-01-04,learntron,Technology,Blended Learning Delivery App for Schools & Corporates,Kae Capital,Seed Funding,0.0,learntron,['kae capital'],seed funding,chennai,False
2017-01-05,mobident,Consumer Internet,Dentist Appointments booking platform,DanGold Investment Corp,Private Equity,0.0,mobident,['dangold investment corp'],private equity,bengaluru,False
2017-01-05,yostra,Technology,Healthcare Technology Solutions,"Marico Innovation Foundation (MIF), Villgro",Private Equity,0.0,yostra,"['marico innovation foundation (mif)', 'villgro']",private equity,bengaluru,False
2017-01-06,leap india,Logistics,Supply Chain Solutions Provider,"India Nivesh Growth Fund, Sixth Sense, TCI Ventures",Private Equity,124.37,leap india,"['india nivesh growth fund', 'sixth sense', 'tci ventures']",private equity,mumbai,False
2017-01-07,freecharge,Consumer Internet,Mobile Wallet,Jasper Infotech Pvt Ltd,Private Equity,545.32,freecharge,['jasper infotech pvt ltd'],private equity,mumbai,False
2017-01-09,ticketnew,Consumer Internet,Movie Ticket Booking platform,Alibaba Pictures,Private Equity,334.84,ticketnew,['alibaba pictures'],private equity,chennai,False
2017-01-10,intelligence node,Technology,SAAS Based Retail Analytics Solutions,BlackSoil Capital Pvt Ltd,Private Equity,7.65,intelligencenode,['blacksoil capital pvt ltd'],private equity,mumbai,False
2017-01-10,securens,Technology,e-surveillance services provider,"Mayfield India, Trifecta Capital",Private Equity,47.84,securens,"['mayfield india', 'trifecta capital']",private equity,mumbai,False
2017-01-10,loan frame,Consumer Internet,Small Business Loans Marketplace platform,"Vedanta Capital, William Campbell, Toos N Daruvala",Private Equity,21.53,loan frame,"['vedanta capital', 'william campbell', 'toos n daruvala']",private equity,gurgaon,False
2017-01-10,driveskool,Consumer Internet,online marketplace for driving schools,Aavya Ventures,Seed Funding,0.0,driveskool,['aavya ventures'],seed funding,bengaluru,False
2017-01-10,medinfi,Consumer Internet,Doctor & Clinic Discovery portal,"Vinod Martin, Evan Lim, Kanchan Ghoshal, Ram Kumar Kakani",Seed Funding,0.96,medinfi,"['vinod martin', 'evan lim', 'kanchan ghoshal', 'ram kumar kakani']",seed funding,bengaluru,False
2017-01-10,lenskart,eCommerce,Online eyewear retailer,Ronnie Screwvala,Private Equity,33.48,lenskart,['ronnie screwvala'],private equity,bengaluru,False
2017-01-11,instaoffice,Consumer Internet,CoWorking Spaces booking platform,"Zishaan Hayath, Karan Chellani, Mohit Satyan",Seed Funding,0.0,instaoffice,"['zishaan hayath', 'karan chellani', 'mohit satyan']",seed funding,gurgaon,False
2017-01-12,hansel,Consumer Internet,Real-time Mobile App Management Platform,"IDG Ventures, Endiya Partners",Private Equity,12.92,hansel,"['idg ventures', 'endiya partners']",private equity,bengaluru,False
2017-01-12,square yards,Consumer Internet,Property Search Aggregator platform,"Lohia Group, Andre Hoffman",Private Equity,95.67,square yards,"['lohia group', 'andre hoffman']",private equity,gurgaon,False
2017-01-13,roambee,Technology,IoT smart Logistics and Asset Management Company,Deutsche Telekom Strategic Investments & Others,Private Equity,39.22,roambee,['deutsche telekom strategic investments & others'],private equity,mumbai,False
2017-01-13,paisawapas,Consumer Internet,Cashback & Coupons platform,Vividhity Ventures,Seed Funding,0.0,paisawapas,['vividhity ventures'],seed funding,bengaluru,False
2017-01-13,iservice,Consumer Internet,Gadgets Repair & Service Booking platform,"Blume Ventures, Girish Mathrubootham, Aprameya Radhakrishna",Seed Funding,4.21,iservice,"['blume ventures', 'girish mathrubootham', 'aprameya radhakrishna']",seed funding,bengaluru,False
2017-01-14,unacademy,Consumer Internet,Online learning platform,"Nexus Venture Partners, Blume Ventures",Private Equity,43.05,unacademy,"['nexus venture partners', 'blume ventures']",private equity,bengaluru,False
2017-01-14,secururax,Technology,Cloud-based solutions provider,"Axilor Ventures, Parampara Early Stage Opportunities Fund & Others",Private Equity,0.0,secururax,"['axilor ventures', 'parampara early stage opportunities fund & others']",private equity,bengaluru,False
2017-01-16,leadburg,Consumer Internet,Personality Development Mobile App,"Harsh V. Pant, Ratheesh Raveendran",Seed Funding,0.0,leadburg,"['harsh v. pant', 'ratheesh raveendran']",seed funding,bengaluru,False
2017-01-16,zolostays,Consumer Internet,Branded PG Accomodation booking platform,"Nexus Venture Partners, Innoven Capital",Private Equity,47.84,zolostays,"['nexus venture partners', 'innoven capital']",private equity,bengaluru,False
2017-01-16,oi media,Technology,SAAS Based Media Marketing platform,Quarizon,Seed Funding,0.0,oi media,['quarizon'],seed funding,new delhi,False
2017-01-16,hipcouch,Consumer Internet,Custom & Modular Furniture platform,Undisclosed Investors,Seed Funding,6.7,hipcouch,['undisclosed investors'],seed funding,mumbai,False
2017-01-17,curiositi,Consumer Internet,Online Learning Platform,"Menterra Social Impact Fund, Unitus Seed Fund",Private Equity,7.65,curiositi,"['menterra social impact fund', 'unitus seed fund']",private equity,bengaluru,False
2017-01-17,tinystep,Consumer Internet,Parenting Info & Social Network,Flipkart,Private Equity,19.13,tinystep,['flipkart'],private equity,bengaluru,False
2017-01-17,practo,Consumer Internet,Online Healthcare platform,"Tencent,\\xc2\\xa0 ru-Net, RSI Fund, Thrive Capital",Private Equity,526.18,practo,"['tencent', 'ru-net', 'rsi fund', 'thrive capital']",private equity,bengaluru,False
2017-01-17,ketchupp,Consumer Internet,Food Discovery Platform,India Quotient and others,Seed Funding,4.22,ketchupp,"['india quotient', 'others']",seed funding,new delhi,False
2017-01-17,hoopy,Consumer Internet,Online Car Service Platform,undisclosed investors,Seed Funding,4.78,hoopy,['undisclosed investors'],seed funding,gwalior,False
2017-01-17,ezytruk,Consumer Internet,Logistics and truck aggregator platform,"Ajith Nair, Anish K",Seed Funding,1.41,ezytruk,"['ajith nair', 'anish k']",seed funding,bengaluru,False
2017-01-18,kratikal,Technology,Cyber Security Solution provider,"Amajit Gupta, Praveen Dubey, J.P. Bhatt",Seed Funding,0.0,kratikal,"['amajit gupta', 'praveen dubey', 'j.p. bhatt']",seed funding,new delhi,False
2017-01-18,direct create,eCommerce,B2B Marketplace for Handicrafts,Rajasthan Venture Capital Fund,Seed Funding,0.0,direct create,['rajasthan venture capital fund'],seed funding,gurgaon,False
2017-01-18,vahdam teas,eCommerce,Online Tea etailer,"Mumbai Angels Network, Fireside Ventures, Singapore Angel Network",Seed Funding,6.22,vahdam tea,"['mumbai angels network', 'fireside ventures', 'singapore angel network']",seed funding,new delhi,False
2017-01-18,qwikspec,Technology,Cloud-based construction,Undisclosed Investors,Seed Funding,2.87,qwikspec,['undisclosed investors'],seed funding,bengaluru,False
2017-01-19,pparke,Consumer Internet,Parking Solutions mobile app,SB Ventures,Seed Funding,0.0,pparke,['sb ventures'],seed funding,bengaluru,False
2017-01-19,weddingz,Consumer Internet,Online Marketplace for Wedding Venues and vendors,Singularity Ventures,Private Equity,9.57,weddingz,['singularity ventures'],private equity,mumbai,False
2017-01-19,native special,eCommerce,Indian Sweets & Snacks etailer,"Indian Angel Network, Native Angels Network",Seed Funding,0.0,native special,"['indian angel network', 'native angels network']",seed funding,karur,False
2017-01-19,fitnapp,Consumer Internet,Fitness Mobile App,SD Group,Private Equity,0.0,fitnapp,['sd group'],private equity,noida,False
2017-01-20,ethosh,Technology,Visual and Interactive communications Solutions,Deepak Nathani,Seed Funding,0.0,ethosh,['deepak nathani'],seed funding,pune,False
2017-01-20,wydr,eCommerce,B2B Wholesale Marketplace in India,"Bessemer Venture Partners, Stellaris Venture Partners, Jungle Venture Partners, Axis Capital",Private Equity,0.0,wydr,"['bessemer venture partners', 'stellaris venture partners', 'jungle venture partners', 'axis capital']",private equity,gurgaon,False
2017-01-20,tyre express,Technology,IoT platform for Tyre Performance management & tracking,IvyCamp Ventures,Seed Funding,0.0,tyre express,['ivycamp ventures'],seed funding,mumbai,False
2017-01-20,connaizen,Technology,Data Analytics platform,Umang Moondra,Seed Funding,0.0,connaizen,['umang moondra'],seed funding,new delhi,False
2017-01-22,messagif,Consumer Internet,social messaging platform,Undisclosed investor,Seed Funding,0.48,messagif,['undisclosed investor'],seed funding,new delhi,False
2017-01-23,smarthi,Technology,Audit automation Solutions,Singapore based investor,Seed Funding,0.0,smarthi,['singapore based investor'],seed funding,pune,False
2017-01-23,cron systems,Technology,Border Intrusion Alert Solutions,YourNest Fund II,Seed Funding,0.0,cron systems,['yournest fund ii'],seed funding,new delhi,False
2017-01-23,cuemath,Technology,Maths Learning program,"CapitalG, Sequoia India",Private Equity,143.5,cuemath,"['capitalg', 'sequoia india']",private equity,new delhi,False
2017-01-23,chippersage,Technology,Online learning platform,India Educational Investment Fund,Seed Funding,0.0,chippersage,['india educational investment fund'],seed funding,bengaluru,False
2017-01-24,selectjobs,Consumer Internet,Online Job portal,India Educational Investment Fund,Seed Funding,0.0,selectjobs,['india educational investment fund'],seed funding,mumbai,False
2017-01-24,khel now,Consumer Internet,Mobile-based Social Platform for Sports,Indochine International,Private Equity,4.78,khel now,['indochine international'],private equity,bengaluru,False
2017-01-24,nowfloats,Consumer Internet,Platform to take businesses online,"Iron Pillar and IIFL, Blume Ventures, Omidyar Network",Private Equity,95.67,nowfloats,"['iron pillar', 'iifl', 'blume ventures', 'omidyar network']",private equity,hyderabad,False
2017-01-24,lets transport,Consumer Internet,Online transport vehicle booking platform,"GMO Japan, Neelesh Bhatnagar",Private Equity,38.27,letstransport,"['gmo japan', 'neelesh bhatnagar']",private equity,bengaluru,False
2017-01-24,betaout,Technology,ECommerce Marketing Software,East Ventures & Others,Private Equity,0.0,etaout,['east ventures & others'],private equity,noida,False
2017-01-25,wishberry,Consumer Internet,Crowdfunding Platform,"Sharad Sharma, Rajan Anandan,\\xc2\\xa0 Amit Ranjan, Alok Mittal & others",Seed Funding,0.0,wishberry,"['sharad sharma', 'rajan anandan', 'amit ranjan', 'alok mittal & others']",seed funding,mumbai,False
2017-01-25,rml agtech,Technology,Agri Decision Support Solution for farmers,IvyCap Ventures,Private Equity,38.27,rml agtech,['ivycap ventures'],private equity,pune,False
2017-01-25,loyaltyprime,Technology,Loyalty program management solutions,"Senovo, Unternehmertum Venture Capital, Alexander Bruehl",Private Equity,0.0,loyaltyprime,"['senovo', 'unternehmertum venture capital', 'alexander bruehl']",private equity,new delhi,False
2017-01-25,instasafe,Technology,Security-as-a-Service solution provider,ABM Knowledgeware,Private Equity,21.05,instasafe,['abm knowledgeware'],private equity,bengaluru,False
2017-01-25,infibeam,eCommerce,eCommerce Marketplace,"Bennett, Coleman and Company Ltd",Private Equity,84.19,infibeam,"['bennett', 'coleman', 'company ltd']",private equity,ahmedabad,False
2017-01-02,99games,Technology,Mobile Game Developer Studio,Dream Incubator,Seed Funding,0.0,99games,['dream incubator'],seed funding,udupi,False
2017-01-26,airmed labs,Consumer Internet,Health Tests Booking platform & ePharmacy,Brand Capital,Private Equity,13.39,airmed labs,['brand capital'],private equity,ahmedabad,False
2017-01-26,99perhour,Consumer Internet,Hyper-local Handyman Service provider,V Aanand R,Seed Funding,2.87,99perhour,['v aanand r'],seed funding,chennai,False
2017-01-26,kochi post,Consumer Internet,English Online News portal,"Rajesh Yohannan, Puthen & Cole",Seed Funding,0.0,kochi post,"['rajesh yohannan', 'puthen & cole']",seed funding,kochi,False
2017-01-30,intuit things,Technology,IoT solutions for home automation applications,Sanjay Mehta & Others ( The Ten Minute Million),Seed Funding,1.01,intuit things,['sanjay mehta & others ( the ten minute million)'],seed funding,mumbai,False
2017-01-30,cloudrino,Technology,Cloud based Virtual Servers,The Ten Minute Million,Seed Funding,0.22,cloudrino,['the ten minute million'],seed funding,new delhi,False
2017-01-30,fabx,eCommerce,Used Furniture Marketplace,The Ten Minute Million,Seed Funding,0.65,fabx,['the ten minute million'],seed funding,mumbai,False
2017-01-30,maptags,Consumer Internet,Smart Online address tags,The Ten Minute Million,Seed Funding,0.17,maptags,['the ten minute million'],seed funding,bengaluru,False
2017-01-30,yolo health,Consumer Internet,Online Healthcare platform,Chandigarh Angels Network (CAN),Seed Funding,0.0,yolo health,['chandigarh angels network (can)'],seed funding,mumbai,False
2017-01-31,heads up for tails,eCommerce,Online Pet Products Store,Undisclosed Investors,Private Equity,19.13,heads up for tails,['undisclosed investors'],private equity,new delhi,False
2017-01-31,register my marriage,Consumer Internet,Online Marriage Registration services,Mumbai Angels,Seed Funding,0.0,register my marriage,['mumbai angels'],seed funding,new delhi,False
2016-12-01,sidqam,Technology,Healthcare Software System,"SQue Capital, Grace Capital Ventures, Soham Vencaps",Private Equity,11.48,sidqam,"['sque capital', 'grace capital ventures', 'soham vencaps']",private equity,noida,False
2016-12-01,india lends,Consumer Internet,Online Instant personal Loan provider,"DSG Consumer Partners, American Express Ventures, Cyber Carrier VC, AdvantEdge Partners",Private Equity,38.27,indialends,"['dsg consumer partners', 'american express ventures', 'cyber carrier vc', 'advantedge partners']",private equity,new delhi,False
2016-12-01,slide app,Consumer Internet,Lock screen Rewards mobile app,Songhyun Investment,Private Equity,34.44,slide app,['songhyun investment'],private equity,new delhi,False
2016-12-02,badiyajobs,Consumer Internet,Entry-Level job Seekers platform,Undisclosed,Seed Funding,0.96,badiyajobs,['undisclosed'],seed funding,new delhi,False
2016-12-02,streo,Consumer Internet,Live Music Streaming App,"GEMs Advisory, Quarizon",Seed Funding,0.0,streo,"['gems advisory', 'quarizon']",seed funding,bengaluru,False
2016-12-02,tygr,Technology,Transport and logistics mobile App,Franchise India,Private Equity,28.7,tygr,['franchise india'],private equity,mumbai,False
2016-12-05,mr hot foods,Consumer Internet,Online Food Ordering & Delivery Portal,IvyCamp Ventures,Seed Funding,0.0,mr hot foods,['ivycamp ventures'],seed funding,indore,False
2016-12-05,urdoorstep,eCommerce,Online Grocery Store,Lakshmi Vilas Bank & undisclosed HNIs,Private Equity,13.39,urdoorstep,['lakshmi vilas bank & undisclosed hnis'],private equity,bengaluru,False
2016-12-05,onn bikes,eCommerce,"On-demand, self-drive bike rental platform",Grace Capital Ventures,Seed Funding,0.0,onn bikes,['grace capital ventures'],seed funding,mumbai,False
2016-12-06,diro labs,Consumer Internet,Mobile Contacts Management app,Info Edge (India),Seed Funding,1.41,diro labs,['info edge (india)'],seed funding,new delhi,False
2016-12-06,thb,Technology,Clinical research and data analytics,"Ajith Sukumaran, Currae Healthtech Fund",Seed Funding,0.0,thb,"['ajith sukumaran', 'currae healthtech fund']",seed funding,gurgaon,False
2016-12-07,lookatme,Consumer Internet,Mobile App based Fashion Network,Eros Labs,Seed Funding,0.0,lookatme,['eros labs'],seed funding,singapore,False
2016-12-07,netree,eCommerce,Mobile-only Retailers Engagement Solution,"The Chennai Angels, LetsVenture",Seed Funding,0.0,netree,"['the chennai angels', 'letsventure']",seed funding,new delhi,False
2016-12-07,bookeventz,Consumer Internet,"Venue, Events Booking platform",Investors from Mumbai Angels & LetsVenture,Seed Funding,0.0,bookeventz,['investors from mumbai angels & letsventure'],seed funding,mumbai,False
2016-12-07,tailslife,Consumer Internet,Pet Parenting mobile app,"Mohan Kumar, V. Balakrishnan",Seed Funding,0.0,tailslife,"['mohan kumar', 'v. balakrishnan']",seed funding,bengaluru,False
2016-12-07,revv,Consumer Internet,Self-Driven Car Services booking portal,Edelweiss Private Equity,Private Equity,86.1,revv,['edelweiss private equity'],private equity,new delhi,False
2016-12-07,wealthapp,Consumer Internet,Online Investment Advisory platform,"Venk Krishnan, MJ Aravind, Vikram Kotak, Jayant Davar,\\xc2\\xa0 Ramkumar Nishtal, Arjun Sharmaa",Seed Funding,4.21,wealthapp,"['venk krishnan', 'mj aravind', 'vikram kotak', 'jayant davar', 'ramkumar nishtal', 'arjun sharmaa']",seed funding,bengaluru,False
2016-12-07,vehico,Technology,Connected Transportation solutions,"Calcutta Angel Network, Appliyifi",Seed Funding,0.0,vehico,"['calcutta angel network', 'appliyifi']",seed funding,bengaluru,False
2016-12-08,zest money,Consumer Internet,Online Consumer Lending platform,PayU,Private Equity,62.19,zestmoney,['payu'],private equity,mumbai,False
2016-12-08,gomechanic,Consumer Internet,Online Car servicing Booking platform,Venture Catalysts,Seed Funding,2.39,gomechanic,['venture catalysts'],seed funding,gurgaon,False
2016-12-09,stalk buy love,eCommerce,Fashion Apparel eTailer,Kalaari Capital,Private Equity,57.4,stalkbuylove,['kalaari capital'],private equity,new delhi,False
2016-12-09,nykaa,eCommerce,Beauty Products etailer,Max Ventures and Industries,Private Equity,0.0,nykaa,"['max ventures', 'industries']",private equity,mumbai,False
2016-12-09,wittyparot,Technology,Content Management & Productivity platform,Mumbai Angels,Seed Funding,4.31,wittyparot,['mumbai angels'],seed funding,bengaluru,False
2016-12-09,neuroequilibrium,Technology,Health-Tech platform,Unicorn India Ventures,Seed Funding,2.39,neuroequilibrium,['unicorn india ventures'],seed funding,jaipur,False
2016-12-12,xseed education,Technology,Education & learning Tech platform,Verlinvest SA,Private Equity,95.67,xseed education,['verlinvest sa'],private equity,bengaluru,False
2016-12-12,rupaiya exchange,Consumer Internet,P2P Lending platform,Undisclosed Investors,Seed Funding,1.91,rupaiya exchange,['undisclosed investors'],seed funding,new delhi,False
2016-12-12,doctor insta,Consumer Internet,Online Doctor Consulting platform,RoundGlass Partners,Private Equity,19.13,doctorinsta,['roundglass partners'],private equity,gurgaon,False
2016-12-12,urbanpiper,Consumer Internet,Self-Branded Websites & Apps for Ecommerce,"Axilor, undisclosed investors",Seed Funding,0.0,urbanpiper,"['axilor', 'undisclosed investors']",seed funding,bengaluru,False
2016-12-12,fresh food concepts,Food & Beverage,Cold Press Juice manufacturer & seller,"Siddhartha Gupta, Ashvin Chadha",Seed Funding,19.13,fresh food concepts,"['siddhartha gupta', 'ashvin chadha']",seed funding,new delhi,False
2016-12-13,indifi,Consumer Internet,Online lending platform,Omidyar Network,Private Equity,95.67,indifi,['omidyar network'],private equity,gurgaon,False
2016-12-13,gocomet,Logistics,Marketplace for International Freight,"India Quotient, Rajul Garg, Rajesh Yabaji, Chanakya Hridaya, Ramasubramaniam B, Vishwanathan, Nobel House, Sunstone Capital",Seed Funding,0.0,gocomet,"['india quotient', 'rajul garg', 'rajesh yabaji', 'chanakya hridaya', 'ramasubramaniam b', 'vishwanathan', 'nobel house', 'sunstone capital']",seed funding,mumbai,False
2016-12-13,ofbusiness,eCommerce,Online business-to-business (B2B) marketplace,"Zodius Technology Opportunities Fund, Matrix Partners",Private Equity,106.19,ofbusiness,"['zodius technology opportunities fund', 'matrix partners']",private equity,gurgaon,False
2016-12-14,fitmein,Consumer Internet,Fitness Discovery & Booking platform,"FiNC, GHV",Seed Funding,0.0,fitmein,"['finc', 'ghv']",seed funding,new delhi,False
2016-12-14,qacco,Consumer Internet,Hotel Booking platform,"Lead Angels Network, Anbu Pandian, Prabhakar MR & Others",Seed Funding,1.44,qacco,"['lead angels network', 'anbu pandian', 'prabhakar mr & others']",seed funding,gurgaon,False
2016-12-14,fitpass,Consumer Internet,Fitness center aggregator & Booking mobile app,Mumbai Angels,Seed Funding,9.57,fitpass,['mumbai angels'],seed funding,new delhi,False
2016-12-14,moengage,Technology,User analytics and engagement platform,Anand Chandrasekaran,Seed Funding,0.0,moengage,['anand chandrasekaran'],seed funding,bengaluru,False
2016-12-14,ten3t health,Technology,medical grade wearable patch maker,"V. Krishna Prasad, Bhupen Shah & Others",Seed Funding,0.0,ten3t health,"['v. krishna prasad', 'bhupen shah & others']",seed funding,bengaluru,False
2016-12-14,trading bells,Consumer Internet,Online Share & Commodity Broking platform,Swastika Investmart Ltd,Seed Funding,2.84,trading bells,['swastika investmart ltd'],seed funding,indore,False
2016-12-15,servd,Consumer Internet,Financial Services For Unorganized Workforce,Digital Financial Service Lab,Seed Funding,0.96,servd,['digital financial service lab'],seed funding,pune,False
2016-12-15,ideaforge,Technology,Drone Manufacturing,"WRV Capital and IndusAge Partners, Infosys Innovation Fund",Private Equity,95.67,ideaforge,"['wrv capital', 'indusage partners', 'infosys innovation fund']",private equity,mumbai,False
2016-12-15,amagi media labs,Technology,Media Technology Solutions,"Emerald Media, Premji Invest",Private Equity,334.84,amagi media labs,"['emerald media', 'premji invest']",private equity,mumbai,False
2016-12-15,pocket aces,Technology,Digital Entertainment Company,"Sequoia Capital India, North Base Media, Aarin Capital, 3one4 Capital, Axilor Ventures, Kunal Shah, Sandeep Tandon",Private Equity,28.7,pocket aces,"['sequoia capital india', 'north base media', 'aarin capital', '3one4 capital', 'axilor ventures', 'kunal shah', 'sandeep tandon']",private equity,mumbai,False
2016-12-16,pi data centers,Technology,Cloud Data Center Solutions provider,Epsilon Venture Partners,Private Equity,220.04,pi data centers,['epsilon venture partners'],private equity,hyderabad,False
2016-12-16,tripshelf,Consumer Internet,Holiday Packages provider,"GEMS Advisory, Quarizon",Seed Funding,1.18,tripshelf,"['gems advisory', 'quarizon']",seed funding,new delhi,False
2016-12-19,events high,Consumer Internet,Events & Activities Marketplace,Axilor Ventures,Private Equity,0.0,events high,['axilor ventures'],private equity,bengaluru,False
2016-12-19,nobroker,Consumer Internet,Rental property search portal,"KTB Network, SAIF Partners, BEENEXT, Digital Garage",Private Equity,70.8,nobroker,"['ktb network', 'saif partners', 'beenext', 'digital garage']",private equity,bengaluru,False
2016-12-20,vivocarat,eCommerce,Online jewellery marketplace,Undisclosed Investors,Seed Funding,0.48,vivocarat,['undisclosed investors'],seed funding,mumbai,False
2016-12-20,tiyo,Consumer Internet,Doctor Search Mobile App,Ajith Nair,Seed Funding,0.0,tiyo,['ajith nair'],seed funding,kolkata,False
2016-12-20,zoomcar,Consumer Internet,Self-Driven Cab booking platform,Cyber Carrier CL,Private Equity,0.0,zoomcar,['cyber carrier cl'],private equity,bengaluru,False
2016-12-20,byjus,Consumer Internet,Online Learning platform,International Financial Corporation,Private Equity,143.5,byjus,['international financial corporation'],private equity,bengaluru,False
2016-12-21,supr daily,Consumer Internet,Daily Subscription based Delivery service,"Dr. Apoorv Ranjan Sharma, Anil Jain, Anuj Golecha, Krishna Jhunjhunwala, Anirudh Damani",Seed Funding,0.0,supr daily,"['dr. apoorv ranjan sharma', 'anil jain', 'anuj golecha', 'krishna jhunjhunwala', 'anirudh damani']",seed funding,mumbai,False
2016-12-21,the bluebook,Consumer Internet,online to offline marketing platform,"Indian Angel Network, Let\\xe2\\x80\\x99s Venture",Seed Funding,4.78,the bluebook,"['indian angel network', ""let's venture""]",seed funding,bengaluru,False
2016-12-21,mamaearth,eCommerce,Babycare Products seller,Fireside Ventures & Others,Seed Funding,0.0,mamaearth,['fireside ventures & others'],seed funding,new delhi,False
2016-12-21,vegetall,eCommerce,Online Vegetable eTailer,The Chennai Angels,Seed Funding,1.55,vegetall,['the chennai angels'],seed funding,chennai,False
2016-12-22,innoplexus,Technology,Data as a Service Provider,HCS Venture capital fund,Private Equity,0.0,innoplexus,['hcs venture capital fund'],private equity,pune,False
2016-12-22,mindler,Consumer Internet,Career Planning & Assessment platform,Taxmann,Seed Funding,3.1,mindler,['taxmann'],seed funding,new delhi,False
2016-12-22,mcaffeine,eCommerce,Personal care product etailer,"Kaushal Agarwal, Harminder Sahani, KK Mehra, Pranay Jivrajka, Navjot Saini",Seed Funding,2.87,mcaffeine,"['kaushal agarwal', 'harminder sahani', 'kk mehra', 'pranay jivrajka', 'navjot saini']",seed funding,bengaluru,False
2016-12-23,enkast,Technology,Cloud based CRM for Agencies,Ivy League Alumni Angel Network,Private Equity,19.13,enkast,['ivy league alumni angel network'],private equity,bengaluru,False
2016-12-23,shopkirana,eCommerce,B2B platform for Merchants & Retailers,"Incubate Fund, Lead Angels Group & Others",Private Equity,0.0,shopkirana,"['incubate fund', 'lead angels group & others']",private equity,indore,False
2016-12-23,myadvo,Consumer Internet,Legal Advice Platform,"Pradyumna Dalmia, S. Somasegar & Others",Seed Funding,0.0,myadvo,"['pradyumna dalmia', 's. somasegar & others']",seed funding,new delhi,False
2016-12-23,asocon,Technology,Process management startup,Quarizon,Seed Funding,0.0,asocon,['quarizon'],seed funding,noida,False
2016-12-23,lexcomply,Consumer Internet,Compliance Management Software,Ajay Relan,Seed Funding,0.0,lexcomply,['ajay relan'],seed funding,new delhi,False
2016-12-26,the postbox,eCommerce,Art & Lifestyle ECommerce Store,"The Chennai Angels, Ritesh Mehta, Aruna Ganesh Ram",Seed Funding,0.0,the postbox,"['the chennai angels', 'ritesh mehta', 'aruna ganesh ram']",seed funding,chennai,False
2016-12-26,pandorum technologies,Technology,3D printed experimental Human Liver tissue creator,"Sachin Bansal, Binny Bansal",Seed Funding,0.0,pandorum technologies,"['sachin bansal', 'binny bansal']",seed funding,bengaluru,False
2016-12-26,dekkho,Consumer Internet,Video Streaming platform,undisclosed investors,Seed Funding,11.48,dekkho,['undisclosed investors'],seed funding,mumbai,False
2016-12-26,shadowfox,Logistics,On-Demand Delivery Service,Eight Roads Ventures,Private Equity,95.67,shadowfox,['eight roads ventures'],private equity,gurgaon,False
2016-12-27,shopx,eCommerce,SAAS ECommerce Retail app,Nandan Nilekani,Private Equity,47.84,shopx,['nandan nilekani'],private equity,bengaluru,False
2016-12-28,bookeventz,Consumer Internet,Online event-booking platform,"Lead Angels, Mumbai Angels, LetsVenture, Girish Mathrubootham, Anbu Pandian",Seed Funding,0.0,bookeventz,"['lead angels', 'mumbai angels', 'letsventure', 'girish mathrubootham', 'anbu pandian']",seed funding,mumbai,False
2016-12-29,healthifyme,Consumer Internet,Fitness Mobile App,NB Ventures,Private Equity,9.57,healthifyme,['nb ventures'],private equity,bengaluru,False
2016-12-29,letsmd,Consumer Internet,Healthcare plan comparison platform,"WaterBridge Ventures,",Seed Funding,0.0,letsmd,"['waterbridge ventures', '']",seed funding,new delhi,False
2016-12-29,justbooks,Consumer Internet,Library Chain Aggregator,CoCreate Ventures,Seed Funding,0.0,justbooks,['cocreate ventures'],seed funding,bengaluru,False
2016-12-30,instantpay,Consumer Internet,Digital payments & recharge platform,"RB Investments,\\xc2\\xa0 Kaleden Holdings",Private Equity,0.0,instantpay,"['rb investments', 'kaleden holdings']",private equity,new delhi,False
2016-11-01,pickmylaundry,Consumer Internet,On-Demand Washing & Dry Cleaning Services,"Kedar Lele, GHV Accelerator",Seed Funding,1.91,pickmylaundry,"['kedar lele', 'ghv accelerator']",seed funding,new delhi,False
2016-11-02,freshdesk,Consumer Internet,SAAS Based HelpDesk Services,"Sequoia Capital India, Accel Partners",Private Equity,526.18,freshdesk,"['sequoia capital india', 'accel partners']",private equity,chennai,False
2016-11-02,laundryanna,Consumer Internet,On-Demand Washing & Dry Cleaning Services,Undisclosed Investors,Seed Funding,1.44,laundryanna,['undisclosed investors'],seed funding,bengaluru,False
2016-11-02,letsmd,Consumer Internet,Healthcare Services Comparison Platform,"Calcutta Angels Network, LetsVenture, Anupam Mittal, Currae Healthtech Fund",Seed Funding,0.0,letsmd,"['calcutta angels network', 'letsventure', 'anupam mittal', 'currae healthtech fund']",seed funding,new delhi,False
2016-11-02,sattviko,Food & Beverage,Health Food Restaurant Chain,"Raman Roy, Ashish Gupta, Yogesh Andlay, Vaibhav Jain",Seed Funding,0.0,sattviko,"['raman roy', 'ashish gupta', 'yogesh andlay', 'vaibhav jain']",seed funding,new delhi,False
2016-11-03,zarget,Technology,SaaS-based web optimisation and marketing platform,Sequoia India,Private Equity,57.4,zarget,['sequoia india'],private equity,chennai,False
2016-11-03,doselect,Consumer Internet,Skill Showcasing platform,"3one4 Capital, Mumbai Angels, Aarin Capital",Seed Funding,0.0,doselect,"['3one4 capital', 'mumbai angels', 'aarin capital']",seed funding,bengaluru,False
2016-11-03,easypolicy,Consumer Internet,Online insurance Portal,"Unilazer Ventures,",Private Equity,95.67,easypolicy,"['unilazer ventures', '']",private equity,noida,False
2016-11-04,browntape,Technology,cloud-based software solutions company,Gati Ltd,Private Equity,0.0,browntape,['gati ltd'],private equity,goa,False
2016-11-04,connect india,Logistics,Last mile Delivery Network,Aavishkaar Venture Management,Private Equity,9.57,connect india,['aavishkaar venture management'],private equity,bengaluru,False
2016-11-04,corseco,Technology,AI-based Software as a Service Solution provider,"Ameera Shah, Vivek Bhargava",Seed Funding,1.44,corseco,"['ameera shah', 'vivek bhargava']",seed funding,new delhi,False
2016-11-04,vimmune,Consumer Internet,Immunisation Management Platform,Undisclosed investor,Seed Funding,0.0,vimmune,['undisclosed investor'],seed funding,bengaluru,False
2016-11-04,the gourmet jar,eCommerce,Gourmet Food etailer,Chandigarh Angels Network,Seed Funding,0.0,the gourmet jar,['chandigarh angels network'],seed funding,noida,False
2016-11-05,medzin,eCommerce,Online ordering & Delivery of medicines,A M Sikander,Seed Funding,0.43,medzin,['a m sikander'],seed funding,new delhi,False
2016-11-05,bizongo,eCommerce,Packaging Material Marketplace,"IDG Ventures, Accel Partners",Private Equity,28.7,bizongo,"['idg ventures', 'accel partners']",private equity,mumbai,False
2016-11-07,rivigo,Technology,Technology based Logistics platform,Warburg Pincus,Private Equity,717.52,rivigo,['warburg pincus'],private equity,gurgaon,False
2016-11-07,justride,Consumer Internet,Online Car Sharing platform,"Justin Kan, Qasar Younis, Paul Bucche, Susa Ventures, Kima Ventures, Axan Venture, SCM Holdings",Private Equity,28.7,jusride,"['justin kan', 'qasar younis', 'paul bucche', 'susa ventures', 'kima ventures', 'axan venture', 'scm holdings']",private equity,mumbai,False
2016-11-09,iim jobs,Consumer Internet,Online Job Portal,India Quotient,Private Equity,19.13,iim jobs,['india quotient'],private equity,new delhi,False
2016-11-09,square yards,Consumer Internet,Online Property Search Portal,ADAG Reliance Private Equity,Private Equity,114.8,square yards,['adag reliance private equity'],private equity,gurgaon,False
2016-11-10,golflan,Consumer Internet,Golf Session Online Bookings platform,"YourNest Angel Fund, iSON",Private Equity,9.57,golflan,"['yournest angel fund', 'ison']",private equity,new delhi,False
2016-11-10,yottaasys,Technology,Data Sciences platform,Gleevoaz Ventures,Private Equity,0.0,yottaasys,['gleevoaz ventures'],private equity,bengaluru,False
2016-11-10,tone tag,Technology,Contactless Payment Solution,"Arun Seth, T.V. Mohandas Pai, Anand Chandrasekaran, Deepak Ghaisas",Private Equity,0.0,tonetag,"['arun seth', 't.v. mohandas pai', 'anand chandrasekaran', 'deepak ghaisas']",private equity,bengaluru,False
2016-11-11,life in control,Consumer Internet,Online Diabetes Management platform,RoundGlass Partners,Private Equity,0.0,life in control,['roundglass partners'],private equity,gurgaon,False
2016-11-14,active,Technology,Banking & Fintech Platform,"Kalaari Capital, IDG Ventures India",Private Equity,28.7,active,"['kalaari capital', 'idg ventures india']",private equity,singapore,False
2016-11-14,elasticrun,Technology,Tech driven Logistic & distribution platform,"Kalaari Capital, Norwest Venture Partners",Private Equity,19.13,elastirun,"['kalaari capital', 'norwest venture partners']",private equity,pune,False
2016-11-15,nobroker,Consumer Internet,Online Rental discovery,Vijay Shekhar Sharma,Seed Funding,0.0,nobroker,['vijay shekhar sharma'],seed funding,bengaluru,False
2016-11-15,zefo,eCommerce,Used Furniture & Appliances Marketplace,"Sequoia India, BEENEXT, Helion Ventures",Private Equity,57.4,zefo,"['sequoia india', 'beenext', 'helion ventures']",private equity,bengaluru,False
2016-11-15,playsimple,Technology,Mobile Gaming portal,"SAIF Partners, IDG Ventures India",Private Equity,38.27,playsimple,"['saif partners', 'idg ventures india']",private equity,bengaluru,False
2016-11-16,stasis labs,Technology,Cloud based\\xc2\\xa0 health monitoring platform,"RTP-HC, Wonder Ventures, Techstars Ventures & Others",Private Equity,47.84,stasis labs,"['rtp-hc', 'wonder ventures', 'techstars ventures & others']",private equity,bengaluru,False
2016-11-17,scienaptic,Technology,Data Analytics platform,Pramod Bhasin,Seed Funding,0.0,scienaptic,['pramod bhasin'],seed funding,bengaluru,False
2016-11-17,koovs,eCommerce,Fashion eTailer,Times of India Group & Existing investors,Private Equity,129.15,koovs,['times of india group & existing investors'],private equity,new delhi,False
2016-11-17,lawrato,Consumer Internet,Free Legal Advice,Indian Angel Network,Seed Funding,0.0,lawrato,['indian angel network'],seed funding,new delhi,False
2016-11-17,trip tap toe,Consumer Internet,Online Travel Portal,R.S Sharma,Seed Funding,0.0,trip tap toe,['r.s sharma'],seed funding,gurgaon,False
2016-11-17,pictor imaging,Consumer Internet,Product Photography Mobile App,Quarizon,Seed Funding,1.41,pictor imaging,['quarizon'],seed funding,mumbai,False
2016-11-18,gramcover,Finance,Insurance Marketplace for the Rural Sector,Omnivore Capital,Seed Funding,9.57,gramcover,['omnivore capital'],seed funding,new delhi,False
2016-11-18,aermed,eCommerce,Online Pharmacy,Hitesh Windlass,Seed Funding,0.0,aermed,['hitesh windlass'],seed funding,mumbai,False
2016-11-18,workindia,Consumer Internet,Job Board for Clue Collar Jobs,Asuka Holdings,Seed Funding,0.0,workindia,['asuka holdings'],seed funding,mumbai,False
2016-11-21,bats on delivery,Consumer Internet,"Online food, Grocery ordering & Delivery",Devdeep Singh,Seed Funding,0.86,bats on delivery,['devdeep singh'],seed funding,gurgaon,False
2016-11-21,numberz,Technology,Cash Flow Management Solution for Businesses,"Kae Capital, Khosla Impact",Seed Funding,6.22,numberz,"['kae capital', 'khosla impact']",seed funding,gurgaon,False
2016-11-22,housing,Consumer Internet,Real Estate Portal,Softbank Group,Private Equity,47.84,housing,['softbank group'],private equity,mumbai,False
2016-11-22,awesummly,Consumer Internet,Short News Mobile App,"Vivek Bhargava, Ameera Shah",Seed Funding,1.41,awesummly,"['vivek bhargava', 'ameera shah']",seed funding,bengaluru,False
2016-11-22,volt,Consumer Internet,Ed-Tech Platform,YMS Mobitech,Seed Funding,0.0,volt,['yms mobitech'],seed funding,mumbai,False
2016-11-22,vymo,Technology,SaaS-based predictive analytics platform,Sequoia India,Private Equity,47.84,vymo,['sequoia india'],private equity,bengaluru,False
2016-11-22,shubhloans,Technology,Consumer Finance & Credit Score platform,"Sanjai Vohra, V. Bunty Bohra",Seed Funding,0.0,shubhloans,"['sanjai vohra', 'v. bunty bohra']",seed funding,bengaluru,False
2016-11-22,noddapp,Consumer Internet,App based networking platform,Undisclosed multiple investors,Seed Funding,1.41,noddapp,['undisclosed multiple investors'],seed funding,mumbai,False
2016-11-23,knowlarity,Consumer Internet,Cloud Telephony Platform,"Delta Partners, Sequoia India,\\xc2\\xa0 Mayfield, Blacksoil, Trifecta Capital",Private Equity,191.34,knowlarity,"['delta partners', 'sequoia india', 'mayfield', 'blacksoil', 'trifecta capital']",private equity,bengaluru,False
2016-11-23,infisecure,Technology,Bot Protection Solutions,"IDG Ventures, Axilor Ventures",Seed Funding,5.74,infisecure,"['idg ventures', 'axilor ventures']",seed funding,mumbai,False
2016-11-23,udaan,eCommerce,B2B Marketplace,"Lightspeed Venture Partners India, Lightspeed US",Private Equity,95.67,udaan,"['lightspeed venture partners india', 'lightspeed us']",private equity,bengaluru,False
2016-11-24,froyofit,Consumer Internet,Fitness Discovery Platform,Dr. Pooja Gandhi,Seed Funding,0.0,froyofit,['dr. pooja gandhi'],seed funding,indore,False
2016-11-24,betterplace,Consumer Internet,Background Verification Services,Venture Highway,Seed Funding,0.0,betterplace,['venture highway'],seed funding,bengaluru,False
2016-11-24,sharechat,Consumer Internet,Local Language Social Networking Platform,"Lightspeed India Partners, SAIF Partners, India Quotient, Venture Highway",Private Equity,38.27,sharechat,"['lightspeed india partners', 'saif partners', 'india quotient', 'venture highway']",private equity,mumbai,False
2016-11-24,uclean,Consumer Internet,Tech Enabled Laundry Service Provider,Franchise India,Private Equity,0.0,uclean,['franchise india'],private equity,gurgaon,False
2016-11-24,servify,Consumer Internet,Personal Device Assistant App,"Blume Ventures, BEENEXT, Barkawi Holdings GmbH, TM Service Technology Holdings Gmbh, Sreevathsa Prabhakar",Private Equity,0.0,servify,"['blume ventures', 'beenext', 'barkawi holdings gmbh', 'tm service technology holdings gmbh', 'sreevathsa prabhakar']",private equity,mumbai,False
2016-11-25,hubilo,Consumer Internet,End-to-end Event Organizers Solutions,"Girish Mathrubootham, VC Karthic, Miten Mehta, Umasankar Nistala, Rakesh Patel, Akash Bhavsar, Jeevanandhan Rajagopal, Vikas Chadha & Others",Seed Funding,0.0,hubilo,"['girish mathrubootham', 'vc karthic', 'miten mehta', 'umasankar nistala', 'rakesh patel', 'akash bhavsar', 'jeevanandhan rajagopal', 'vikas chadha & others']",seed funding,ahmedabad,False
2016-11-25,funongo,Consumer Internet,Digital Media Content and Distribution platform,Reliance Entertainment,Private Equity,0.0,funongo,['reliance entertainment'],private equity,mumbai,False
2016-11-25,121policy,Consumer Internet,Online Insurance Platform,Xelpmoc,Seed Funding,0.0,121policy,['xelpmoc'],seed funding,kolkata,False
2016-11-26,tapchief,Consumer Internet,Professional Expert Advice Platform,"Paytm, Aprameya Radhakrishna, Subramanya Venkat, Venk Krishnan",Seed Funding,0.0,tapchief,"['paytm', 'aprameya radhakrishna', 'subramanya venkat', 'venk krishnan']",seed funding,bengaluru,False
2016-11-28,kloseby,Consumer Internet,proximity based\\xc2\\xa0 Rewards platform,Undisclosed Investor,Seed Funding,0.96,kloseby,['undisclosed investor'],seed funding,bengaluru,False
2016-11-28,wholesalebox,eCommerce,B2B Wholesale Apparel Marketplace,"Manish Maheshwari, Contrarian Vriddhi Fund",Private Equity,19.13,wholesalebox,"['manish maheshwari', 'contrarian vriddhi fund']",private equity,jaipur,False
2016-11-29,crossahead,Consumer Internet,Creative Artists Discovery & Booking platform,Mohit Sharma,Seed Funding,0.0,crossahead,['mohit sharma'],seed funding,noida,False
2016-11-29,affordplan,Consumer Internet,Savings platform for Medical Expenses,"Prime Venture Partners, Kalaari Capital",Private Equity,28.7,affordplan,"['prime venture partners', 'kalaari capital']",private equity,new delhi,False
2016-11-30,handytrain,Consumer Internet,Mobile App for SAAS based Training,"Silver Range Investments, Lumina Datamatics, Shun Yoshida & Others",Private Equity,9.57,handytrain,"['silver range investments', 'lumina datamatics', 'shun yoshida & others']",private equity,goa,False
2016-11-30,shopsup,eCommerce,Hyperlocal Shopping App,"Anand Sankeshwar, Yang Shu",Seed Funding,9.21,shopsup,"['anand sankeshwar', 'yang shu']",seed funding,bengaluru,False
2016-11-30,indofash,eCommerce,Ethnic Indian Fashion Marketplace,"Shekhar Sahu, Nitesh Pant",Seed Funding,1.44,indofash,"['shekhar sahu', 'nitesh pant']",seed funding,bengaluru,False
2016-11-30,entropika,Technology,"AI, Machine learning Solutions","Dileep Bhatt, Milind Chaudhary",Seed Funding,1.91,entropik,"['dileep bhatt', 'milind chaudhary']",seed funding,bengaluru,False
2016-11-30,marianaiq,Technology,AI-driven B2B marketing platform,Exfinity Venture Partners,Private Equity,19.13,marianaiq,['exfinity venture partners'],private equity,bengaluru,False
2016-11-30,chai thela,Food & Beverage,Quick Service Restaurants,Quarizon,Seed Funding,2.09,chai thela,['quarizon'],seed funding,noida,False
2016-11-30,interviewpad,Technology,Engineering Interview facilitation platform,Krishna Rokhale,Seed Funding,0.96,interviewpad,['krishna rokhale'],seed funding,pune,False
2016-11-30,math buddy,Consumer Internet,Online Math Learn,Menterra Social Impact Fund,Seed Funding,4.21,math buddy,['menterra social impact fund'],seed funding,vadodara,False
2016-11-30,pulse,Consumer Internet,Campus Social Networking App,SAIF Partners,Private Equity,4.78,pulse,['saif partners'],private equity,bengaluru,False
2016-11-30,monkeybox,Consumer Internet,Healthy Food Delivery platform,Blume Ventures & Others,Seed Funding,0.0,monkeybox,['blume ventures & others'],seed funding,bengaluru,False
2016-11-30,carcrew,Consumer Internet,Online Car repair Marketplace,TVS Group,Seed Funding,4.78,carcrew,['tvs group'],seed funding,mumbai,False
2016-10-03,merakisan,eCommerce,Fruit & vegetable eTailer,Mahindra Univeg,Seed Funding,0.0,merakisan,['mahindra univeg'],seed funding,bengaluru,False
2016-10-03,mystifly,Consumer Internet,Airline Ticket Aggregator,Recruit Holdings,Private Equity,47.84,mystifly,['recruit holdings'],private equity,bengaluru,False
2016-10-03,helpchat,Consumer Internet,AI Powered Content & Commerce platform,"American Express Ventures, Sequoia Capital",Private Equity,0.0,helpchat,"['american express ventures', 'sequoia capital']",private equity,bengaluru,False
2016-10-03,uniphore,Technology,Speech Recognition Solutions,"IDG Ventures, Indian Angel Network (IAN), YourNest Angel Fund",Private Equity,19.13,uniphore,"['idg ventures', 'indian angel network (ian)', 'yournest angel fund']",private equity,chennai,False
2016-10-03,world art community,eCommerce,Art & Craft Marketplace,Viraj Tyagi & Others,Seed Funding,1.91,world art community,['viraj tyagi & others'],seed funding,gurgaon,False
2016-10-04,giftxoxo,eCommerce,Online Gifting platform,Mahindra Holidays & Resorts India Ltd,Private Equity,4.31,giftxoxo,['mahindra holidays & resorts india ltd'],private equity,bengaluru,False
2016-10-04,bharat bazaar,eCommerce,Online B2B Marketplace,"BeeNext, TV Mohandas Pai, Kunal Shah, Sandeep Tandon",Seed Funding,0.0,bharat bazaar,"['beenext', 'tv mohandas pai', 'kunal shah', 'sandeep tandon']",seed funding,mumbai,False
2016-10-04,goqii,Consumer Internet,Health & Fitness Wearable Device,Ratan Tata,Private Equity,0.0,goqii,['ratan tata'],private equity,mumbai,False
2016-10-04,india gifts portal,eCommerce,Online Gifting platform,"Naveen Arya, Tarun Joshi",Private Equity,19.13,india gifts portal,"['naveen arya', 'tarun joshi']",private equity,noida,False
2016-10-04,moglix,eCommerce,Industrial & Home products marketplace,"Accel Partners, Jungle Ventures, SeedPlus",Private Equity,40.18,moglix,"['accel partners', 'jungle ventures', 'seedplus']",private equity,noida,False
2016-10-04,netlinx,Consumer Internet,Internet Service Provider,"Xchange Investors NV, TransGlobal FZC",Private Equity,28.7,netlinx,"['xchange investors nv', 'transglobal fzc']",private equity,hyderabad,False
2016-10-04,scandid,Consumer Internet,Product Shopping Comparison App,3One4 Capital,Private Equity,0.0,scandid,['3one4 capital'],private equity,pune,False
2016-10-04,remitr,Consumer Internet,Foreign Currency Payments Platform,"Vijay Shekhar Sharma, Pravin Gandhi,\\xc2\\xa0 Smart Start Fund; Kunal Shah,\\xc2\\xa0 Sandeep Tandon, Vishal Gondal, & Others",Seed Funding,9.57,remitr,"['vijay shekhar sharma', 'pravin gandhi', 'smart start fund', 'kunal shah', 'sandeep tandon', 'vishal gondal', 'others']",seed funding,mumbai,False
2016-10-04,innerchef,Consumer Internet,Online food ordering platform,"Mistletoe, M&S Partners",Private Equity,23.92,innerchef,"['mistletoe', 'm&s partners']",private equity,gurgaon,False
2016-10-04,appsdaily,Consumer Internet,"Mobile Phone Theft, Damage Protection platform","Zodius Capital, Kalaari Capital, Qualcomm Ventures, Russian venture capital fund Ru-Net, Mumbai Angels",Private Equity,35.88,appdaily,"['zodius capital', 'kalaari capital', 'qualcomm ventures', 'russian venture capital fund ru-net', 'mumbai angels']",private equity,mumbai,False
2016-10-05,muhurtmaza,Consumer Internet,Online Puja Booking Service,Undisclosed Investor,Seed Funding,0.0,muhurtmaza,['undisclosed investor'],seed funding,pune,False
2016-10-05,azuro,Consumer Internet,Rental Property Finder platform,"White Unicorn Ventures, Kae Capital, Mumbai Angels",Private Equity,0.0,azuro,"['white unicorn ventures', 'kae capital', 'mumbai angels']",private equity,mumbai,False
2016-10-05,neurosynaptic,Technology,Remote Healthcare Delivery Solutions,"Indian Angel Network, Healthsquad, Axilor Ventures",Private Equity,0.0,neurosynaptic,"['indian angel network', 'healthsquad', 'axilor ventures']",private equity,bengaluru,False
2016-10-05,ue lifesciences,Technology,Mobile Health Technology Solutions,"Kiran Mazumdar-Shaw, Unitus Seed Fund",Private Equity,11.48,ue lifesciences,"['kiran mazumdar-shaw', 'unitus seed fund']",private equity,mumbai,False
2016-10-06,findmeashoe,Consumer Internet,Footwear Recommendation App,Ventureast Fund Advisors,Seed Funding,0.0,findmeashoe,['ventureast fund advisors'],seed funding,bengaluru,False
2016-10-06,realbox,Technology,Data Sciences Platform,Hyderabad Angels,Seed Funding,2.87,realbox,['hyderabad angels'],seed funding,noida,False
2016-10-06,sportido,Consumer Internet,Sports Discovery platform,Sumpoorna Group,Seed Funding,0.0,sportido,['sumpoorna group'],seed funding,noida,False
2016-10-06,gozefo,eCommerce,Used Furniture & Appliances Marketplace,"Helion Venture Partners, BeeNext",Private Equity,10.05,gozefo,"['helion venture partners', 'beenext']",private equity,bengaluru,False
2016-10-07,rayiot,Technology,Baby Monitoring Devices manufacturer,HAX Accelerator,Seed Funding,0.96,rayiot,['hax accelerator'],seed funding,bengaluru,False
2016-10-07,kooh sports,Technology,Sports Training & Technology,"HDFC, Faering Capital, Elevate Sports",Private Equity,21.05,kooh sports,"['hdfc', 'faering capital', 'elevate sports']",private equity,mumbai,False
2016-10-07,flexiloans,Consumer Internet,Online Funds Raising Platform,"Sanjay Nayar, Vikram Sud, Anil Jaggia, Narayan Seshadri",Private Equity,143.5,flexiloans,"['sanjay nayar', 'vikram sud', 'anil jaggia', 'narayan seshadri']",private equity,mumbai,False
2016-10-07,sibia analytics,Technology,Marketing & Customer Analytics Solutions,Radhakrishnan Natarajan & Others,Seed Funding,0.0,sibia analytics,['radhakrishnan natarajan & others'],seed funding,kolkata,False
2016-10-10,vithi,eCommerce,Online Hair Extension etailer,undisclosed investor,Seed Funding,3.59,vithi,['undisclosed investor'],seed funding,new delhi,False
2016-10-11,yupp tv,Consumer Internet,Internet-based TV streaming service provider,Emerald Media,Private Equity,478.35,yupp tv,['emerald media'],private equity,bengaluru,False
2016-10-11,deyor camps,Consumer Internet,Branded Camping location Aggregator,"Nitin Passi, Manickam Mahalingam, Udaan Angels, Rajesh Arora, Arkas Industries",Seed Funding,4.78,deyor camps,"['nitin passi', 'manickam mahalingam', 'udaan angels', 'rajesh arora', 'arkas industries']",seed funding,gurgaon,False
2016-10-12,ziploan,Consumer Internet,online lending platform,"GrowX Ventures, Sunil Kalra, Arun Venkatachalam,\\xc2\\xa0 Badal Malick",Seed Funding,0.0,ziploan,"['growx ventures', 'sunil kalra', 'arun venkatachalam', 'badal malick']",seed funding,new delhi,False
2016-10-13,faballey,ecommerce,online fashion brand store,"India Quotient, FAO Ventures, Indian Angel Network, Tushar Singh, Ranjan Sharma",Private Equity,19.13,faballey,"['india quotient', 'fao ventures', 'indian angel network', 'tushar singh', 'ranjan sharma']",private equity,noida,False
2016-10-13,shoekonnect,eCommerce,B2B Marketplace for Shoes,Indian Angel Network,Seed Funding,0.0,shoekonnect,['indian angel network'],seed funding,agra,False
2016-10-13,maya,Consumer Internet,Womens Health Tracker App,Rajan Anandan,Seed Funding,0.0,maya,['rajan anandan'],seed funding,bengaluru,False
2016-10-13,robovac,Technology,waterless car washing solution,Virendra Patel,Seed Funding,4.31,robovac,['virendra patel'],seed funding,ahmedabad,False
2016-10-14,newspatrolling,Consumer Internet,Online News portal,Undisclosed,Seed Funding,0.24,newspatrolling,['undisclosed'],seed funding,new delhi,False
2016-10-14,postman,Consumer Internet,API Platform,Nexus Venture Partners,Private Equity,66.97,postman,['nexus venture partners'],private equity,bengaluru,False
2016-10-14,isfc,Finance,Education Sector Lending,Gray Matters Capital,Private Equity,57.4,isfc,['gray matters capital'],private equity,hyderabad,False
2016-10-14,beatroute,Technology,SAAS based mobile application platform,Quarizon Consultancy Services LLP,Seed Funding,0.0,beatroute,['quarizon consultancy services llp'],seed funding,gurgaon,False
2016-10-14,kidsstoppress,Consumer Internet,Parenting and Baby care Platform,Karan Bhagat,Seed Funding,0.0,kidsstoppress,['karan bhagat'],seed funding,mumbai,False
2016-10-14,innov8,Consumer Internet,Co-Working Spaces aggregator,Punit Soni,Seed Funding,0.0,innov8,['punit soni'],seed funding,bengaluru,False
2016-10-15,dailyhunt,Consumer Internet,Vernacular content mobile app,"ByteDance, Arun Sarin, Matrix Partners, Sequoia Capital India, Omidyar Network,\\xc2\\xa0 Falcon Edge",Private Equity,239.18,dailyhunt,"['bytedance', 'arun sarin', 'matrix partners', 'sequoia capital india', 'omidyar network', 'falcon edge']",private equity,bengaluru,False
2016-10-15,tazzo bikes,Consumer Internet,Motorbike rental platform,DSG Consumer Partners,Seed Funding,2.17,tazzo bikes,['dsg consumer partners'],seed funding,hyderabad,False
2016-10-15,mykindofjob,Consumer Internet,Internet & Fresher Job platform,"Mayank Shah, Shreyans Shah",Seed Funding,9.57,mykindofjob,"['mayank shah', 'shreyans shah']",seed funding,mumbai,False
2016-10-17,trilyo,Technology,B2B SAAS based product,"Vishnu Bhat, Rajiv Lunkad, Naresh Ravindranath",Seed Funding,0.0,trilyo,"['vishnu bhat', 'rajiv lunkad', 'naresh ravindranath']",seed funding,bengaluru,False
2016-10-17,rooter,Consumer Internet,Sports Social Network mobile app,"Boman Irani, Dhruv Chitgopekar, Prantik Dasgupta",Seed Funding,0.0,rooter,"['boman irani', 'dhruv chitgopekar', 'prantik dasgupta']",seed funding,new delhi,False
2016-10-17,yumigo,Consumer Internet,App based Travel Discovery and Transactions platform,Hemant Sahni,Seed Funding,2.87,yumigo,['hemant sahni'],seed funding,gurgaon,False
2016-10-17,rentalpha,Others,equipment rental and leasing company,Bravia Capital,Private Equity,153.07,rentalpha,['bravia capital'],private equity,mumbai,False
2016-10-18,3dexter,Technology,3D Printing Solutions for Edu space,Newbie Promoters,Seed Funding,1.44,3dexter,['newbie promoters'],seed funding,new delhi,False
2016-10-18,babychakra,Consumer Internet,Parenting and Child Care portal,RoundGlass Partners,Private Equity,0.0,babychakra,['roundglass partners'],private equity,mumbai,False
2016-10-18,coppre,eCommerce,Copper based items etailer,Ganesh Natarajan,Seed Funding,0.0,coppre,['ganesh natarajan'],seed funding,pune,False
2016-10-18,mysun,Technology,Solar Energy harnessing products marketplace,General Catalyst Partners,Private Equity,23.92,mysun,['general catalyst partners'],private equity,noida,False
2016-10-18,epathsala,Technology,Cloud based ERP for Accreditation & ICT,"Hyderabad Angels, TLabs",Seed Funding,0.0,epathsala,"['hyderabad angels', 'tlabs']",seed funding,bengaluru,False
2016-10-19,furlenco,Consumer Internet,Online Furniture Rental platform,"Lightbox Ventures, Axis Capital & Others",Private Equity,287.01,furlenco,"['lightbox ventures', 'axis capital & others']",private equity,bengaluru,False
2016-10-19,fisdom,Consumer Internet,Personal Wealth Management Platform & App,"Saama Capital, Raghunandan G, Aprameya Radhakrishna",Private Equity,10.52,fisdom,"['saama capital', 'raghunandan g', 'aprameya radhakrishna']",private equity,bengaluru,False
2016-10-19,actofit,Technology,Wearable Technology platform & devices,Next Orbit Ventures Fund,Private Equity,7.18,actofit,['next orbit ventures fund'],private equity,mumbai,False
2016-10-20,stayology,Consumer Internet,Stay & Travel related services,Ranjan Pai,Seed Funding,0.0,stayology,['ranjan pai'],seed funding,bengaluru,False
2016-10-20,hipcask,Consumer Internet,Alcoholic beverage discovery platform,Mobikon,Seed Funding,0.0,hipcask,['mobikon'],seed funding,mumbai,False
2016-10-20,railyatri,Consumer Internet,Train Travel Info mobile app,"Helion Ventures, Blume ventures",Private Equity,0.0,railyatri,"['helion ventures', 'blume ventures']",private equity,noida,False
2016-10-21,chatongo,Consumer Internet,Hyperlocal\\xc2\\xa0 Communication Mobile app,Janak Jain,Seed Funding,2.87,chatongo,['janak jain'],seed funding,mumbai,False
2016-10-23,wotu,eCommerce,B2B Marketplace for traders,KAE capital,Seed Funding,0.0,wotu,['kae capital'],seed funding,bengaluru,False
2016-10-24,healthians,Consumer Internet,Health Test Discovery & Ordering service,BEENEXT,Private Equity,28.7,healthians,['beenext'],private equity,gurgaon,False
2016-10-24,box8,Consumer Internet,Online Food Ordering platform/App,"IIFL Seed Ventures Fund, Mayfield Ventures",Private Equity,71.75,box8,"['iifl seed ventures fund', 'mayfield ventures']",private equity,mumbai,False
2016-10-25,kredx,eCommerce,Invoice discounting marketplace,Sequoia Capital,Private Equity,57.4,kredx,['sequoia capital'],private equity,bengaluru,False
2016-10-25,creditmate,Consumer Internet,Credit Report Info platform,India Quotient,Seed Funding,4.78,creditmate,['india quotient'],seed funding,mumbai,False
2016-10-25,pickrr,Technology,Courier Logistics & Order management Solutions,Swastika Company Ltd,Seed Funding,0.0,pickrr,['swastika company ltd'],seed funding,new delhi,False
2016-10-25,satvakart,eCommerce,Online Grocery Etailer,Nimit Panigrahi,Seed Funding,0.0,satvakart,['nimit panigrahi'],seed funding,gurgaon,False
2016-10-25,soopermo,Technology,Android utility app suite creator,Lalit Vase,Seed Funding,0.96,soopermo,['lalit vase'],seed funding,gurgaon,False
2016-10-26,orangetwig,Consumer Internet,Social Media Marketing platform,Undisclosed investor,Seed Funding,9.57,orangetwig,['undisclosed investor'],seed funding,new delhi,False
2016-10-26,wooplr,Consumer Internet,Fashion Discovery App,"Astarc Ventures, Anand Chandrasekaran",Seed Funding,0.0,wooplr,"['astarc ventures', 'anand chandrasekaran']",seed funding,bengaluru,False
2016-10-26,the kettlery,eCommerce,Online Tea Etailer,"hooting Starts Sports LLP, Franchise India Brands",Private Equity,9.57,the kettlery,"['hooting starts sports llp', 'franchise india brands']",private equity,ahmedabad,False
2016-10-27,idea bubbles,Consumer Internet,Doctor Consulting platform,"1Crowd, Eureka Forbes Ltd, Shapoorji Pallonji & Co. Ltd.",Private Equity,6.7,idea bubbles,"['1crowd', 'eureka forbes ltd', 'shapoorji pallonji & co. ltd.']",private equity,bengaluru,False
2016-10-27,fr8,Technology,Truck Fleet Operation platform,Omnivore Partners,Private Equity,9.29,fr8,['omnivore partners'],private equity,chennai,False
2016-10-27,ather energy,Technology,Electric Vehicle Manufacturer,Hero MotoCorp,Private Equity,258.31,ather energy,['hero motocorp'],private equity,bengaluru,False
2016-10-28,pikkol,Logistics,Relocation Service provider,"Ajay Nanavati, Afsal Salu",Seed Funding,0.0,pikkol,"['ajay nanavati', 'afsal salu']",seed funding,bengaluru,False
2016-10-29,velmenni,Technology,LiFi based wireless communication provider,Kalaari Capital,Seed Funding,0.96,velmenni,['kalaari capital'],seed funding,new delhi,False
2016-10-29,volta motors,Technology,Electric Bike Manufacturer,Kalaari Capital,Seed Funding,0.96,volta motors,['kalaari capital'],seed funding,chennai,False
2016-10-29,cyclops,Technology,Clinical and Wearable Diagnostic Product creator,Kalaari Capital,Seed Funding,0.96,cyclops,['kalaari capital'],seed funding,bengaluru,False
2016-10-30,impact analytics,Technology,Business intelligence and data science Startup,"Aarin Capital, Michael Herzig, Ashish Lakhanpal",Private Equity,7.18,impact analytics,"['aarin capital', 'michael herzig', 'ashish lakhanpal']",private equity,bengaluru,False
2016-10-31,talent next,Consumer Internet,Talent Discovery & Audition management platform,Karanpal Singh & Others,Seed Funding,9.57,talent next,['karanpal singh & others'],seed funding,mumbai,False
2016-09-01,mad street den,Technology,Artificial Intelligence platform,"Sequoia India, Exfinity Ventures, growX ventures,",Private Equity,0.0,mad street den,"['sequoia india', 'exfinity ventures', 'growx ventures', '']",private equity,chennai,False
2016-09-01,mihup,Technology,Personal Digital Assistant,Accel Partners,Private Equity,64.1,mihup,['accel partners'],private equity,kolkata,False
2016-09-01,renowala,eCommerce,Home Improvement Marketplace,Pradeep Dhobale,Seed Funding,0.0,renowala,['pradeep dhobale'],seed funding,hyderabad,False
2016-09-01,lucideus,Technology,IT Risk Assessment and Digital Security Services provider.,Amit Choudhary,Seed Funding,0.0,lucideus,['amit choudhary'],seed funding,new delhi,False
2016-09-04,trackbizz,Technology,Field Force Automation System,Grasshoppers,Private Equity,0.0,trackbizz,['grasshoppers'],private equity,kochi,False
2016-09-05,social quotient,Technology,Platform for Social Causes,"Anita Dongre, Yash Dongre, Milind Sarwate",Seed Funding,0.0,social quotient,"['anita dongre', 'yash dongre', 'milind sarwate']",seed funding,mumbai,False
2016-09-05,stalk buy love,eCommerce,Fashion Apparel eTailer,William Bissel,Seed Funding,0.0,stalkbuylove,['william bissel'],seed funding,new delhi,False
2016-09-06,eshakti,eCommerce,Women\xe2\x80\x99s Fashion Apparel eTailer,"Infina Finance Pvt. Ltd, Uday Kotak",Private Equity,12.92,eshakti,"['infina finance pvt. ltd', 'uday kotak']",private equity,chennai,False
2016-09-06,cheersoye!,Consumer Internet,Online Gift Vouchers platform,Undisclosed Investors,Seed Funding,4.78,cheersoye!,['undisclosed investors'],seed funding,mumbai,False
2016-09-06,lenskart,eCommerce,Online Eyewear eTailer,PremjiInvest,Private Equity,0.0,lenskart,['premjiinvest'],private equity,new delhi,False
2016-09-06,bigstylist,Consumer Internet,Hyperlocal doorstep Beauty Services provider,Info Edge (India) Ltd,Private Equity,8.61,bigstylist,['info edge (india) ltd'],private equity,mumbai,False
2016-09-07,zilingo,eCommerce,Online Fashion Retailer,"Venturra Capital, Sequoia India, Susquehanna International Group.\\xc2\\xa0 Wavemaker Partners, Beenext, Beenos, Digital Garage",Private Equity,76.54,zilingo,"['venturra capital', 'sequoia india', 'susquehanna international group.  wavemaker partners', 'beenext', 'beenos', 'digital garage']",private equity,bangalore/ bangkok,True
2016-09-07,alternacare,Consumer Internet,Online Doctor Consulting platform,Eros Labs,Seed Funding,4.78,alternacare,['eros labs'],seed funding,new delhi,False
2016-09-07,simplilearn,Education,Online Certification programs,InnoVen Capital India,Private Equity,57.4,simplilearn,['innoven capital india'],private equity,bengaluru,False
2016-09-07,prozo,eCommerce,Study Material Marketplace,"Earlsfield Capital, Sailender Solanki, Rajiv Solanki",Seed Funding,3.01,prozo,"['earlsfield capital', 'sailender solanki', 'rajiv solanki']",seed funding,gurgaon,False
2016-09-08,toprankers,Education,Online Test Preparation platform,"CareerNet Consulting Pvt. Ltd, Ideation Initiative Pvt. Ltd,",Seed Funding,6.41,toprankers,"['careernet consulting pvt. ltd', 'ideation initiative pvt. ltd', '']",seed funding,bengaluru,False
2016-09-08,buildtraders,eCommerce,Online Construction Materials Marketplace,Idein Ventures,Seed Funding,1.91,buildtraders,['idein ventures'],seed funding,bengaluru,False
2016-09-09,byjus,Education,Online Learning App,"Chan Zuckerberg Initiative, Times Internet Ltd, Sequoia Capital, Sofina, Lightspeed Ventures",Private Equity,478.35,byjus,"['chan zuckerberg initiative', 'times internet ltd', 'sequoia capital', 'sofina', 'lightspeed ventures']",private equity,bengaluru,False
2016-09-09,nobroker,Consumer Internet,Online Home Rental platform,Anand Chandrasekaran,Seed Funding,0.0,nobroker,['anand chandrasekaran'],seed funding,bengaluru,False
2016-09-10,freshboxx,eCommerce,Fruits & vegetable eTailer,Ravi Linganuri,Seed Funding,0.0,freshboxx,['ravi linganuri'],seed funding,hubli,False
2016-09-10,cureinstant,Consumer Internet,Social Health Networking Platform,Dr. Rameshwar Kumar,Seed Funding,1.44,cureinstant,['dr. rameshwar kumar'],seed funding,new delhi,False
2016-09-10,poshtic,Consumer Internet,Online health & Wellness platform,"havya Sharma, Amit Nagar",Seed Funding,4.31,poshtic,"['havya sharma', 'amit nagar']",seed funding,noida,False
2016-09-10,karmacircles,Consumer Internet,Peer-to-peer Social Learning platform,"Harinder Takhar, Zain Raj, Dr. Prasad Kaipa, Abaran Deep, Aseem Sood, Mustafa Patni",Seed Funding,0.0,karmacircles,"['harinder takhar', 'zain raj', 'dr. prasad kaipa', 'abaran deep', 'aseem sood', 'mustafa patni']",seed funding,new delhi,False
2016-09-12,purple style labs,Consumer Internet,Personal Styling Online platform,"Augment Ventures, Rahul Kayan, Nikhil Golcha, Shubham Gupta, Roy Kwan",Seed Funding,4.29,purple style labs,"['augment ventures', 'rahul kayan', 'nikhil golcha', 'shubham gupta', 'roy kwan']",seed funding,mumbai,False
2016-09-12,inuxu,Technology,Online Advertising Solutions,Fork Media,Private Equity,28.7,inuxu,['fork media'],private equity,pune,False
2016-09-12,nykaa,eCommerce,Online Beauty products eTailer,"Sunil Munjal, Mariwala family",Private Equity,117.67,nykaa,"['sunil munjal', 'mariwala family']",private equity,mumbai,False
2016-09-12,glam studios,Consumer Internet,Beauty Salon Aggregator,"Pradeep Mirani, Aqeel Ahmed, Anand Ladsariya, Nitin Agarwal",Seed Funding,2.87,glamstudios,"['pradeep mirani', 'aqeel ahmed', 'anand ladsariya', 'nitin agarwal']",seed funding,noida,False
2016-09-13,findow,Consumer Internet,Fashion Discovery Mobile app,Raj Singh Bhandal,Seed Funding,0.0,findow,['raj singh bhandal'],seed funding,bengaluru,False
2016-09-13,ideachakki,Consumer Internet,Restaurant Menu & Food mobile app,Ratan Tata,Seed Funding,0.0,ideachakki,['ratan tata'],seed funding,delhi,False
2016-09-13,shoekonnect,eCommerce,Footwear & Leather B2B App,Indian Angels Network,Seed Funding,0.0,shoekonnect,['indian angels network'],seed funding,agra,False
2016-09-13,nearbuy,Consumer Internet,Online Deals & Discount platform,BlackSoil Capital Pvt. Ltd.,Private Equity,23.92,nearbuy,['blacksoil capital pvt. ltd.'],private equity,gurgaon,False
2016-09-14,zeroinfy,Consumer Internet,Online Video Lectures platform,Calcutta Angels Network,Seed Funding,0.0,zeroinfy,['calcutta angels network'],seed funding,kolkata,False
2016-09-14,flocareer,Consumer Internet,Jobs & Skill Validation platform,"Balasubramanian Krishnamurthy, Sidhartha Hazarika & Others",Seed Funding,1.44,flocareer,"['balasubramanian krishnamurthy', 'sidhartha hazarika & others']",seed funding,bengaluru,False
2016-09-14,lenspick,eCommerce,eyewear eTailer,Scadea Solutions Inc,Private Equity,0.0,lenspick,['scadea solutions inc'],private equity,bengaluru,False
2016-09-15,infeedo,Consumer Internet,Employee engagement platform,"Dheeraj Jain, Palash Jain, Anupam Mittal, Ameera Shah,\\xc2\\xa0 Vivek Bhargava, Rahul Singh, Ambarish Gupta,",Seed Funding,1.91,infeedo,"['dheeraj jain', 'palash jain', 'anupam mittal', 'ameera shah', 'vivek bhargava', 'rahul singh', 'ambarish gupta', '']",seed funding,gurgaon,False
2016-09-15,furlenco,eCommerce,Online furniture rental startup,Lightbox Ventures and others,Private Equity,47.84,furlenco,"['lightbox ventures', 'others']",private equity,bengaluru,False
2016-09-15,gopigeon,Consumer Internet,on-demand logistics service provider,Nexus Venture Partners,Private Equity,14.35,gopigeon,['nexus venture partners'],private equity,bengaluru,False
2016-09-16,newsdistill,Consumer Internet,City based News Aggregator App,"Ganesh Narasimhan, Ramana Thumu, Sudhir Mallem",Seed Funding,0.96,newsdistill,"['ganesh narasimhan', 'ramana thumu', 'sudhir mallem']",seed funding,hyderabad,False
2016-09-16,doctorinsta,Consumer Internet,Online Doctor Consultations,RoundGlass Partners,Private Equity,9.57,doctorinsta,['roundglass partners'],private equity,gurgaon,False
2016-09-19,milofy,Consumer Internet,Couple Socialization App,Accel Partners,Seed Funding,7.18,milofy,['accel partners'],seed funding,bengaluru,False
2016-09-19,liqvid,Technology,Integrated eLearning content solutions,Gray Matters Capital,Private Equity,0.0,liqvid,['gray matters capital'],private equity,new delhi,False
2016-09-19,swiggy,Consumer Internet,Online Food Ordering & Delivery,Bessemer Venture Partners,Private Equity,143.5,swiggy,['bessemer venture partners'],private equity,bengaluru,False
2016-09-20,codemojo,Consumer Internet,Customer Engagement Platform,CIO Angel Network,Seed Funding,0.0,codemojo,['cio angel network'],seed funding,bengaluru,False
2016-09-20,justlikenew,eCommerce,Online gadget Repair Services Marketplace,LetsVenture,Seed Funding,4.78,justlikenew,['letsventure'],seed funding,hyderabad,False
2016-09-20,joehukum,Technology,Enterprise customer engagement solutions,Sumit Jain,Seed Funding,0.0,joehukum,['sumit jain'],seed funding,new delhi,False
2016-09-21,co life,Consumer Internet,shared living and working spaces platform,Undisclosed Investors,Seed Funding,9.57,co life,['undisclosed investors'],seed funding,bengaluru,False
2016-09-21,purpledocs,Consumer Internet,Electronic Health care records platform,"KellyGamma, Lead Angels & Others",Seed Funding,0.0,purpledocs,"['kellygamma', 'lead angels & others']",seed funding,vadodara,False
2016-09-21,pepperfry,eCommerce,Furniture eTailer,"Goldman Sachs Group, Zodius Technology Fund, Norwest Venture Partners, Bertelsmann India",Private Equity,299.45,pepperfry,"['goldman sachs group', 'zodius technology fund', 'norwest venture partners', 'bertelsmann india']",private equity,mumbai,False
2016-09-21,equickies,eCommerce,Online Book etailer,Lothal Angel Ventures,Seed Funding,2.85,equickies,['lothal angel ventures'],seed funding,ahmedabad,False
2016-09-21,khel now,Consumer Internet,Mobile-based social networking platform,Anglian Omega Network,Seed Funding,3.35,khel now,['anglian omega network'],seed funding,new delhi,False
2016-09-22,gadgetwood,Consumer Internet,On-Demand Gadget repair services platform,Carpediem Capital,Private Equity,57.4,gadgetwood,['carpediem capital'],private equity,new delhi,False
2016-09-22,dailyrounds,Consumer Internet,Mobile App for Doctors,"Accel Partners, Beenext, Powerhouse Ventures, Akusa Holdings",Private Equity,0.0,dailyrounds,"['accel partners', 'beenext', 'powerhouse ventures', 'akusa holdings']",private equity,bengaluru,False
2016-09-22,flixy games,Technology,Mobile Game Publisher for Indian audience,Rebright Partners,Seed Funding,4.07,flixy games,['rebright partners'],seed funding,bengaluru,False
2016-09-22,hashtaag,Technology,Mobile App Development company,Undisclosed investors,Seed Funding,9.57,hashtaag,['undisclosed investors'],seed funding,bengaluru,False
2016-09-22,pharmarack,Technology,SAAS application for Pharma Industry,"Currae Healthtech Fund, Unicorn India Ventures",Private Equity,7.13,pharmarack,"['currae healthtech fund', 'unicorn india ventures']",private equity,pune,False
2016-09-23,cloudcherry,Technology,CRM SAAS Platform,"Vertex Ventures, Cisco Ventures, IDG Ventures",Private Equity,57.4,cloudcherry,"['vertex ventures', 'cisco ventures', 'idg ventures']",private equity,chennai,False
2016-09-23,parentlane,Consumer Internet,Social Platform for babycare and parenting,Rohit MA,Seed Funding,0.0,parentlane,['rohit ma'],seed funding,bengaluru,False
2016-09-23,first moms club,Consumer Internet,Social Network for Mothers,Idea Wave Labs,Seed Funding,0.0,first moms club,['idea wave labs'],seed funding,mumbai,False
2016-09-23,inmotion,Technology,Financial platform for daily wage earning communities,"Prashant Tandon, Gaurav Agarwal, Gaurav Bhogle, Shrishti Sahu, Shantanu Mathur, Prabhat Aggarwal",Seed Funding,0.0,inmotion,"['prashant tandon', 'gaurav agarwal', 'gaurav bhogle', 'shrishti sahu', 'shantanu mathur', 'prabhat aggarwal']",seed funding,noida,False
2016-09-26,lets barter,Consumer Internet,Goods & Services Barter Platform,Scale Ventures Funds,Seed Funding,0.0,lets barter,['scale ventures funds'],seed funding,new delhi,False
2016-09-26,evengini,Consumer Internet,Event Registration and Ticketing platform,Procam International Pvt. Ltd,Private Equity,0.0,evengini,['procam international pvt. ltd'],private equity,chennai,False
2016-09-27,tinystep,Consumer Internet,Parenting Network Platform,Flipkart Logistics Pvt. Ltd,Private Equity,15.12,tinystep,['flipkart logistics pvt. ltd'],private equity,bengaluru,False
2016-09-27,canvs,Consumer Internet,Community Platform for Artists and Designers,Pratik Seal,Seed Funding,0.0,canvs,['pratik seal'],seed funding,mumbai,False
2016-09-28,beardo,eCommerce,Mens Grooming products etailer,Venture Catalysts,Seed Funding,4.78,beardo,['venture catalysts'],seed funding,ahmedabad,False
2016-09-28,instacar,Consumer Internet,Out-Station Taxi Rental Platform,Swastika Co Ltd.,Seed Funding,9.57,instacar,['swastika co ltd.'],seed funding,indore,False
2016-09-28,celes care,Consumer Internet,Virtual Health Clinic for Women,Endiya Partners,Seed Funding,9.57,celes care,['endiya partners'],seed funding,hyderabad,False
2016-09-28,druva,Technology,Cloud Based Data Protection Solution,"Sequoia India, EDBI, Blue Cloud Ventures, Hercules Capital",Private Equity,487.92,druva,"['sequoia india', 'edbi', 'blue cloud ventures', 'hercules capital']",private equity,pune,False
2016-09-29,promon,eCommerce,Local Commerce Platform,Now Capital,Seed Funding,1.72,promon,['now capital'],seed funding,new delhi,False
2016-09-29,fastudent,eCommerce,Education eCommerce platform,"Kanwaljit Singh, Ajay Lakhotia, Pavan Ongole, Ashish Gupta",Seed Funding,0.0,fastudent,"['kanwaljit singh', 'ajay lakhotia', 'pavan ongole', 'ashish gupta']",seed funding,noida,False
2016-09-29,unocoin,Consumer Internet,Bitcoin Wallet,"Blume Ventures, Mumbai Angels, ah! Ventures, Digital Currency Group, Boost VC, Bank to the Future and Funders Club",Private Equity,14.35,unocoin,"['blume ventures', 'mumbai angels', 'ah! ventures', 'digital currency group', 'boost vc', 'bank to the future', 'funders club']",private equity,bengaluru,False
2016-09-30,demyto,Consumer Internet,Vehicle maintenance Services platform,Deepak Nathani,Seed Funding,0.0,demyto,['deepak nathani'],seed funding,pune,False
2016-09-30,zeta,Technology,Enterprise Cloud Solutions,Bhavin Turakhia,Private Equity,181.77,zeta,['bhavin turakhia'],private equity,mumbai,False
2016-09-30,kalaage,Consumer Internet,Social Networking Platform for Writers,Rajasthan Angel Innovators Network,Seed Funding,0.0,kalaage,['rajasthan angel innovators network'],seed funding,jaipur,False
2016-08-01,healthkart,eCommerce,Online Pharmacy & Health Marketplace,"Sequoia Capital India, Omidyar Network, Kae Capital",Private Equity,114.8,healthkart,"['sequoia capital india', 'omidyar network', 'kae capital']",private equity,gurgaon,False
2016-08-01,medinfi,Consumer Internet,Doctor & Clinic\\xc2\\xa0 Discovery Platform,"Mudit Saxena, Evan Lim",Seed Funding,1.91,medinfi,"['mudit saxena', 'evan lim']",seed funding,bengaluru,False
2016-08-01,repaireasy,Consumer Internet,Gadget Repair Services Platform,Undisclosed HNIs,Seed Funding,2.63,repaireasy,['undisclosed hnis'],seed funding,pune,False
2016-08-01,voonik,eCommerce,Online Women\\xe2\\x80\\x99s Fashion Marketplace,InnoVen Capital,Private Equity,28.7,voonik,['innoven capital'],private equity,bengaluru,False
2016-08-01,tokri,Consumer Internet,Hyperlocal Grocery Delivery platform,Syska LED group,Private Equity,23.92,tokri,['syska led group'],private equity,pune,False
2016-08-02,sheroes,Consumer Internet,Online Job and Career Platform for Women,"Lumis Partners, The HR Fund, Rajul Garg, Quintillion Media",Private Equity,17.22,sheroes,"['lumis partners', 'the hr fund', 'rajul garg', 'quintillion media']",private equity,noida,False
2016-08-02,daily ninja,Consumer Internet,Hyperlocal daily needs Products delivery platform,"Venk Krishnan, Aprameya Radhakrishna, Anupam Mittal, Kunal Shah, Tracxn Labs, Subramanya SV, Ravi Garkipati",Seed Funding,0.0,dailyninja,"['venk krishnan', 'aprameya radhakrishna', 'anupam mittal', 'kunal shah', 'tracxn labs', 'subramanya sv', 'ravi garkipati']",seed funding,bengaluru,False
2016-08-02,yumlane,Food & Beverage,Retail Food & Snack Offline centres,"Binny Bansal, Anupam Mittal, Sachin Bhatia, Darius Pandole, Kunal Khattar, Dheerag Jain",Seed Funding,9.57,yumlane,"['binny bansal', 'anupam mittal', 'sachin bhatia', 'darius pandole', 'kunal khattar', 'dheerag jain']",seed funding,mumbai,False
2016-08-03,xcode,Healthcare,Personal Genomics,RoundGlass Partners,Private Equity,0.0,xcode,['roundglass partners'],private equity,chennai,False
2016-08-03,extracarbon,Consumer Internet,Waste Recycle Management platform,Brand Capital,Seed Funding,2.15,extracarbon,['brand capital'],seed funding,gurgaon,False
2016-08-03,flickbay,Consumer Internet,Mobile Based Bollywood Discovery platform,Paul Roy,Seed Funding,8.51,flickbay,['paul roy'],seed funding,mumbai,False
2016-08-04,petoo,Consumer Internet,Food Delivery Platform,Existing Investors,Seed Funding,4.78,petoo,['existing investors'],seed funding,bengaluru,False
2016-08-04,lehlehsports,Others,Sports Arena discovery,Anglian Omega Network,Seed Funding,0.0,lehlehsports,['anglian omega network'],seed funding,new delhi,False
2016-08-05,tricog,Healthcare,Healthcare Analytics Platform,"Inventus Capital Partners, Blume Ventures & Others",Private Equity,0.0,tricog,"['inventus capital partners', 'blume ventures & others']",private equity,bengaluru,False
2016-08-06,vst travels,Technology,Travel Ticket Booking Software,Promatus Group,Seed Funding,0.26,vst travels,['promatus group'],seed funding,kerala,False
2016-08-08,adpushup,Technology,Ad optimization Platform,"Geniee, Inc, Purvi Capital",Private Equity,0.0,adpushup,"['geniee', 'inc', 'purvi capital']",private equity,new delhi,False
2016-08-08,wefly indoor skydiving,Others,Indoor Skydiving Sports Provider,Swastika Company Ltd.,Seed Funding,0.38,wefly indoor skydiving,['swastika company ltd.'],seed funding,mumbai,False
2016-08-08,mojarto,eCommerce,"Original Art, Digital Prints etailer",Undisclosed Investors,Seed Funding,4.26,mojarto,['undisclosed investors'],seed funding,gurgaon,False
2016-08-08,zipgrid,Consumer Internet,Community services platform,1Crowd (through crowd funding),Seed Funding,1.91,zipgrid,['1crowd (through crowd funding)'],seed funding,mumbai,False
2016-08-09,mobident,Healthcare,Dental Protection Solution,Centre for Innovation Incubation and Entrepreneurship (CIIE),Seed Funding,0.0,mobident,"['centre for innovation incubation', 'entrepreneurship (ciie)']",seed funding,bengaluru,False
2016-08-09,zeolr/respiron,Technology,Healthcare related IoT platform,Centre for Innovation Incubation and Entrepreneurship (CIIE),Seed Funding,0.0,zeolr/respiron,"['centre for innovation incubation', 'entrepreneurship (ciie)']",seed funding,new delhi,False
2016-08-10,vebbler,Consumer Internet,Photo Sharing Mobile App,"Anupam Mittal, Sharad Sharma & 14 others",Seed Funding,4.78,vebbler,"['anupam mittal', 'sharad sharma & 14 others']",seed funding,bengaluru,False
2016-08-10,bombay shaving company,eCommerce,Men\\xe2\\x80\\x99s Grooming Product etailer,"Noshir Kaka, Subramanian Ramadorai, Kiran Deshpande, Pankaj Gupta, Ravi Nigam & Others",Seed Funding,5.74,bombay shaving company,"['noshir kaka', 'subramanian ramadorai', 'kiran deshpande', 'pankaj gupta', 'ravi nigam & others']",seed funding,new delhi,False
2016-08-11,travelyaari,Consumer Internet,Online ticket booking platform,"Gujarat Venture Finance Limited (GVFL), Bennett Coleman & Co. Ltd",Private Equity,66.97,travelyaari,"['gujarat venture finance limited (gvfl)', 'bennett coleman & co. ltd']",private equity,bengaluru,False
2016-08-11,91springboard,Consumer Internet,Co-Working Spaces Discovery & Booking platform,"Khattar Holdings, ThirtyThree Investments, Soumitra Sharma, Deepak Sharma, Sumit Dayal and others",Private Equity,0.0,91springboard,"['khattar holdings', 'thirtythree investments', 'soumitra sharma', 'deepak sharma', 'sumit dayal', 'others']",private equity,mumbai,False
2016-08-11,genextstudents,Consumer Internet,Online Tutoring Service provider,1Crowd (through crowdfunding),Seed Funding,2.0,genextstudents,['1crowd (through crowdfunding)'],seed funding,mumbai,False
2016-08-11,zenoti,Technology,Cloud Based Software Solutions Provider,"Norwest Venture Partners, Accel India",Private Equity,143.5,zenoti,"['norwest venture partners', 'accel india']",private equity,hyderabad,False
2016-08-12,crofarm,Technology,Agri-Tech supply chain Solution provider,"Mukul Singhal, Rohit Jain, Himanshu Aggrawal, Sunil Goyal Ashish Gupta,",Private Equity,14.35,crofarm,"['mukul singhal', 'rohit jain', 'himanshu aggrawal', 'sunil goyal ashish gupta', '']",private equity,gurgaon,False
2016-08-12,faircent,Consumer Internet,peer-to-peer lending platform,Brand Capital,Private Equity,14.35,faircent,['brand capital'],private equity,gurgaon,False
2016-08-12,innovaccer,Technology,Integrated Enterprise Analytics Platform,Westbridge Capital Partners,Private Equity,149.25,innovaccer,['westbridge capital partners'],private equity,noida,False
2016-08-12,cuberoot,Technology,Data Analytics & Audience Management Platform,Undisclosed Investors,Seed Funding,4.78,cuberoot,['undisclosed investors'],seed funding,gurgaon,False
2016-08-12,funcastic,Consumer Internet,B2C vernacular podcast aggregator platform,"HT Media Ltd, North Base Media",Seed Funding,0.0,funcastic,"['ht media ltd', 'north base media']",seed funding,new delhi,False
2016-08-15,buttercups,ECommerce,Women Intimate Wear eTailer,"Anand Chandrasekaran, Kanwaljit Singh, Manoj Varghese",Seed Funding,0.0,buttercups,"['anand chandrasekaran', 'kanwaljit singh', 'manoj varghese']",seed funding,bengaluru,False
2016-08-16,zappfresh,ECommerce,Raw Meat Products eTailer,Ashvin Chadha,Seed Funding,0.0,zappfresh,['ashvin chadha'],seed funding,gurgaon,False
2016-08-16,oyorooms,Consumer Internet,Budget Hotels Aggregator,SoftBank Group,Private Equity,593.15,oyorooms,['softbank group'],private equity,new delhi,False
2016-08-16,hike,Consumer Internet,Mobile Messaging App,"Tencent Holdings, Foxconn Technology Group, Tiger Global, SoftBank Group, Bharti Enterprises",Private Equity,1674.22,hike,"['tencent holdings', 'foxconn technology group', 'tiger global', 'softbank group', 'bharti enterprises']",private equity,new delhi,False
2016-08-16,joolz,eCommerce,Online Jewellery Store,"Powerhouse Ventures, M&S Partners",Private Equity,4.78,joolz,"['powerhouse ventures', 'm&s partners']",private equity,mumbai,False
2016-08-16,salebhai,eCommerce,"Sweets, Dry Fruits & Handicrafts etailer",Brand Capital,Private Equity,14.35,salebhai,['brand capital'],private equity,ahmedabad,False
2016-08-16,makkajai,Technology,Online & Mobile learning for kids,"Anand Chandrasekaran, Ananth Narayanan, Mekin Maheshwari, Ravi Garikipati, Divyesh Shah, Swastika Company Ltd",Seed Funding,2.39,makkajai,"['anand chandrasekaran', 'ananth narayanan', 'mekin maheshwari', 'ravi garikipati', 'divyesh shah', 'swastika company ltd']",seed funding,pune,False
2016-08-16,gradopedia,Consumer Internet,Career progression Portal,Undisclosed Dubai based HNIs,Seed Funding,0.0,gradopedia,['undisclosed dubai based hnis'],seed funding,mumbai,False
2016-08-17,maalgaadi,Logistics,Online Logistics Marketplace,"Swan Angel Network,Sachin Khandelwal and others",Seed Funding,3.59,maalgaadi,"['swan angel network', 'sachin khandelwal', 'others']",seed funding,indore,False
2016-08-17,zipi,Technology,Mobile Chatbot App,Swan Angel Network,Seed Funding,0.0,zipi,['swan angel network'],seed funding,bengaluru,False
2016-08-17,appknox,Technology,Mobile security solutions,"SeedPlus, Infocomm Investments, Accel Partners RNT Associates",Private Equity,6.46,appknox,"['seedplus', 'infocomm investments', 'accel partners rnt associates']",private equity,bengaluru,False
2016-08-17,pikkol,Logistics,Packers & Movers,Indian Angel Network,Seed Funding,0.0,pikkol,['indian angel network'],seed funding,bengaluru,False
2016-08-18,meesho,eCommerce,Mobile based eCommerce SAAS platform,"Kashyap Deorah, Rajul Garg, Maninder Gulati",Seed Funding,0.0,meesho,"['kashyap deorah', 'rajul garg', 'maninder gulati']",seed funding,bengaluru,False
2016-08-18,sesame software,Technology,Financial Technology Solutions Provider,Speridian Technologies,Private Equity,0.0,sesame software,['speridian technologies'],private equity,kozhikode,False
2016-08-19,quikr,Consumer Internet,Classified Listings platform,Brand Capital,Private Equity,191.34,quikr,['brand capital'],private equity,mumbai,False
2016-08-19,digio,Technology,Aadhar based Document Signing platform,Rainmatter,Private Equity,3.59,digio,['rainmatter'],private equity,bengaluru,False
2016-08-19,ziffity,Technology,Full Service Ecommerce Agency,Aspire Systems,Private Equity,0.0,ziffity,['aspire systems'],private equity,chennai,False
2016-08-22,zzungry,Consumer Internet,Food Delivery platform,"Satish Vasudeva, Madhusudhan Jujare & Others",Seed Funding,0.0,zzungry,"['satish vasudeva', 'madhusudhan jujare & others']",seed funding,bengaluru,False
2016-08-22,puro wellness,healthcare,"Organic,\\xc2\\xa0 Natural\\xc2\\xa0 Food substitute manufacturer",Torrent Group,Private Equity,353.98,puro wellness,['torrent group'],private equity,mumbai,False
2016-08-22,fitternity,Consumer Internet,Fitness Gym & Services Discovery platform,"Saha Fund, Exfinity Venture Partners & Others",Private Equity,0.0,fitternity,"['saha fund', 'exfinity venture partners & others']",private equity,mumbai,False
2016-08-23,tac security,Technology,Cyber-Security Solutions Provider,Vijay Kedia,Seed Funding,0.0,tac security,['vijay kedia'],seed funding,new delhi,False
2016-08-23,notesgen,Consumer Internet,Online Notes Sharing Portal,"Riju Gupta, Kamal Chabra",Seed Funding,0.96,notesgen,"['riju gupta', 'kamal chabra']",seed funding,new delhi,False
2016-08-23,nearu,Consumer Internet,Marketing app for retailers,Dr. Goutam Challagalla,Seed Funding,0.0,nearu,['dr. goutam challagalla'],seed funding,mumbai,False
2016-08-23,octo,Technology,Artificial Intelligence based marketing platform,"Outbox Ventures, Jaspreet Bindra, Arjun Malhotra, Rohan Malhotra, Sidharth Rao, Rakesh Agrawal",Seed Funding,1.91,octo,"['outbox ventures', 'jaspreet bindra', 'arjun malhotra', 'rohan malhotra', 'sidharth rao', 'rakesh agrawal']",seed funding,new delhi,False
2016-08-24,shaadisaga,Consumer Internet,Wedding Website Creator,"ah! Ventures, Anupam Mittal, Kunal Shah, Sandeep Tandon, Dheeraj Jain, Rohit Chokhani",Seed Funding,0.0,shaadisaga,"['ah! ventures', 'anupam mittal', 'kunal shah', 'sandeep tandon', 'dheeraj jain', 'rohit chokhani']",seed funding,new delhi,False
2016-08-24,unaacademy,Consumer Internet,Free Interactive education platform,"Blume Ventures, Sachin Bansal, Vijay Shekhar Sharma, Binny Bansal,\\xc2\\xa0 Kunal Shah, Sandeep Tandon, Ashish Tulsian",Private Equity,9.57,unacademy,"['blume ventures', 'sachin bansal', 'vijay shekhar sharma', 'binny bansal', 'kunal shah', 'sandeep tandon', 'ashish tulsian']",private equity,bengaluru,False
2016-08-24,advenio,Technology,Clinical Imaging Solution Provider,Kalaari Capital,Seed Funding,0.96,advenio,['kalaari capital'],seed funding,chandigarh,False
2016-08-24,guarented,eCommerce,Home Furnishing rental marketplace,Kalaari Capital,Seed Funding,4.78,guarented,['kalaari capital'],seed funding,bengaluru,False
2016-08-24,beyond evolution,Technology,Mobile Apps & Tech Services provider,"Vineet Taneja, Kamal Puri",Seed Funding,0.0,beyond evolution,"['vineet taneja', 'kamal puri']",seed funding,gurgaon,False
2016-08-24,uber dreams,eCommerce,Dreams fulfilling marketplace,Mohit Lalvani,Seed Funding,4.78,uber dreams,['mohit lalvani'],seed funding,mumbai,False
2016-08-24,convegenius,Education,Edutainment platform,Michael and Susan Dell Foundation,Private Equity,8.61,convegenius,"['michael', 'susan dell foundation']",private equity,noida,False
2016-08-24,urbanladder,eCommerce,Online Furniture Store,Trifecta Capital,Private Equity,28.7,urbanladder,['trifecta capital'],private equity,mumbai,False
2016-08-24,encashea,Consumer Internet,Scrap Collection and Recycling platform,"Kunal Shah, Sandeep Tandon, Tracxn Labs",Seed Funding,0.0,encashea,"['kunal shah', 'sandeep tandon', 'tracxn labs']",seed funding,bengaluru,False
2016-08-25,engineerbabu,Technology,Mobile App & Web Development company,Scale Ventures,Seed Funding,0.0,engineerbabu,['scale ventures'],seed funding,indore,False
2016-08-25,cult,Healthcare,Health and Fitness Centres,CureFit,Private Equity,28.7,cult,['curefit'],private equity,bengaluru,False
2016-08-25,witworks,Technology,Consumer IoT Startup,"Fireside Ventures, Investopad, P39 Capital, Anupam Mittal, Pranay Jivrajka, Maninder Gulati, Abhinav Sinha",Seed Funding,0.0,witworks,"['fireside ventures', 'investopad', 'p39 capital', 'anupam mittal', 'pranay jivrajka', 'maninder gulati', 'abhinav sinha']",seed funding,bengaluru,False
2016-08-25,nearfox,Consumer Internet,Local Lifestyle Content and Discovery Platform,"Globevestor Angel Fund, Devendra Rane, Ravi Jain,\\xc2\\xa0 Arpan Nagdeve",Seed Funding,0.0,nearfox,"['globevestor angel fund', 'devendra rane', 'ravi jain', 'arpan nagdeve']",seed funding,mumbai,False
2016-08-25,zoomcar,Consumer Internet,Self-driven car booking platform,Ford Smart Mobility Llc,Private Equity,229.61,zoomcar,['ford smart mobility llc'],private equity,bengaluru,False
2016-08-26,plix,Consumer Internet,Photo and Video Sharing App,Instalabs,Seed Funding,4.78,plix,['instalabs'],seed funding,gurgaon,False
2016-08-26,mobikwik,Consumer Internet,Digital Wallet platform,Net1 UEPS Technologies Inc,Private Equity,382.68,mobikwik,['net1 ueps technologies inc'],private equity,gurgaon,False
2016-08-26,mydidi,Consumer Internet,"on-demand, hyper-local Cleaning services provider",Undisclosed Ex Mckinsey Directors and Partners,Seed Funding,5.26,mydidi,"['undisclosed ex mckinsey directors', 'partners']",seed funding,mumbai,False
2016-08-26,crownit,Consumer Internet,Cashback Mobile app,"Kunal Shah & Sandeep Tandon, Girish Mathrubootham, Anand Chandrasekaran",Seed Funding,0.0,crownit,"['kunal shah & sandeep tandon', 'girish mathrubootham', 'anand chandrasekaran']",seed funding,gurgaon,False
2016-08-29,loantap,Consumer Internet,Lending platform for Salaried professionals,"Dr. Abhishek Pandey, Jaysukh Sapra",Private Equity,28.7,loantap,"['dr. abhishek pandey', 'jaysukh sapra']",private equity,mumbai,False
2016-08-29,runnr,Consumer Internet,hyperlocal Logistics services provider,"Nexus Venture Partners, Blume Ventures",Private Equity,66.97,runnr,"['nexus venture partners', 'blume ventures']",private equity,bengaluru,False
2016-08-29,zolo,Consumer Internet,on-demand online talent marketplace,Hitouch AG,Private Equity,0.0,zolo,['hitouch ag'],private equity,noida,False
2016-08-29,notion press,Consumer Internet,Self-Publishing books platform,Undisclosed HNI investors,Private Equity,9.57,notion press,['undisclosed hni investors'],private equity,chennai,False
2016-08-29,livspace,Consumer Internet,Online portal for Home Design,"Bessemer Venture Partners, Jungle Ventures, Helion Ventures",Private Equity,143.5,livspace,"['bessemer venture partners', 'jungle ventures', 'helion ventures']",private equity,bengaluru,False
2016-08-30,iaugmentor labs,Technology,Assessment & Learning Platform,Rajasthan Angel Investor Network & Others,Seed Funding,1.43,iaugmentor labs,['rajasthan angel investor network & others'],seed funding,gurgaon,False
2016-08-30,daybox,Consumer Internet,Fruit & Vegetable Delivery platform,"Ashutosh Lawania, Rajul Jain, Badal Malick, Rishi Gupta & Others",Seed Funding,0.99,daybox,"['ashutosh lawania', 'rajul jain', 'badal malick', 'rishi gupta & others']",seed funding,new delhi,False
2016-08-30,paytm,eCommerce,Mobile Wallet & ECommerce platform,MediaTek Inc.,Private Equity,574.02,paytm,['mediatek inc.'],private equity,bengaluru,False
2016-08-30,cropin,Technology,Agriculture Technology Solutions,Sophia Investment ApS,Private Equity,19.13,cropin,['sophia investment aps'],private equity,bengaluru,False
2016-08-30,canvera,Consumer Internet,Photographer Discovery & Information platform,Info Edge (India) Ltd,Private Equity,28.7,canvera,['info edge (india) ltd'],private equity,bengaluru,False
2016-08-30,prime focus technologies,Technology,Hybrid Cloud technology enabled Media ERP platform,Ambit Pragma,Private Equity,0.0,prime focus technologies,['ambit pragma'],private equity,mumbai,False
2016-08-31,flyrobe,eCommerce,Online fashion rental platform,"IDG Ventures, Sequoia Capital, GREE Ventures",Private Equity,50.71,flyrobe,"['idg ventures', 'sequoia capital', 'gree ventures']",private equity,mumbai,False
2016-08-31,inclov,Consumer Internet,Matchmaking App for Disabled,"Sarbvir Singh, Raghav Bahl",Seed Funding,0.0,inclov,"['sarbvir singh', 'raghav bahl']",seed funding,mumbai,False
2016-07-01,razorpay,Consumer Internet,Online Payment Gateway,MasterCard,Private Equity,0.0,razorpay,['mastercard'],private equity,bengaluru,False
2016-07-01,darwinbox,Technology,HR Software Services Startup,"3one4 Capital, Tracxn Labs, Aaruha Technology Fund, Endiya Partners",Seed Funding,0.0,darwinbox,"['3one4 capital', 'tracxn labs', 'aaruha technology fund', 'endiya partners']",seed funding,hyderabad,False
2016-07-01,venture catalysts,Consumer Internet,Seed Investment & Innovation Platform,Zaffiro Ventures,Seed Funding,4.78,venture catalysts,['zaffiro ventures'],seed funding,mumbai,False
2016-07-01,pressplay tv,Consumer Internet,Video Content Discovery Platform,"Sequoia Capital, SD Ventures, Vistaar Investment Advisors Pvt. Ltd.",Private Equity,0.0,pressplay tv,"['sequoia capital', 'sd ventures', 'vistaar investment advisors pvt. ltd.']",private equity,new delhi,False
2016-07-02,playment,Consumer Internet,Mobile Marketplace for Crowdsourced Work,SAIF Partners,Private Equity,6.7,playment,['saif partners'],private equity,bengaluru,False
2016-07-04,wealthtrust,Consumer Internet,Wealth Management App,India Quotient,Seed Funding,0.0,wealthtrust,['india quotient'],seed funding,mumbai,False
2016-07-04,curefit,Consumer Internet,Online Preventive Healthcare Platform,"Accel Partners, IDG Ventures, Kalaari Capital",Private Equity,143.5,curefit,"['accel partners', 'idg ventures', 'kalaari capital']",private equity,bengaluru,False
2016-07-04,stitchwood,eCommerce,Custom Furniture Online,Deepak Gupta,Seed Funding,1.91,stitchwood,['deepak gupta'],seed funding,mumbai,False
2016-07-04,grab,Logistics,hyperlocal logistics service,Aramex Ventures Llc,Private Equity,19.13,grab,['aramex ventures llc'],private equity,mumbai,False
2016-07-04,fulfil,Consumer Internet,Cloud Based ERP Software,Rajan Anandan,Seed Funding,0.0,fulfil,['rajan anandan'],seed funding,us,False
2016-07-04,neogrowth,Finance,SME Lending platform,"IIFL Wealth Management Seed Venture Fund, Omidyar Network, Khosla Impact, Aspada",Private Equity,153.07,neogrowth,"['iifl wealth management seed venture fund', 'omidyar network', 'khosla impact', 'aspada']",private equity,mumbai,False
2016-07-05,seedoc,Consumer Internet,Video Based Doctor Consulting platform App,YourNest Angel Fund\\xc2\\xa0 & Others,Private Equity,9.57,seedoc,['yournest angel fund  & others'],private equity,gurgaon,False
2016-07-05,bookmyshow,Consumer Internet,Event & Movie Ticketing platform,"Stripes Group, Network 18, Accel Partners, SAIF Partners",Private Equity,784.49,bookmyshow,"['stripes group', 'network 18', 'accel partners', 'saif partners']",private equity,mumbai,False
2016-07-05,flyrobe,eCommerce,Online fashion rental platform,"Sequoia Capital, Rohit Bansal, Kunal Bahl, Sandeep Tandon, Kunal Shah, Zishaan Hayath,\\xc2\\xa0 Abhishek Jain",Seed Funding,16.26,flyrobe,"['sequoia capital', 'rohit bansal', 'kunal bahl', 'sandeep tandon', 'kunal shah', 'zishaan hayath', 'abhishek jain']",seed funding,mumbai,False
2016-07-06,happilyunmarried,eCommerce,Online Merchandize etailer,Info Edge (India) Ltd,Private Equity,7.08,happilyunmarried,['info edge (india) ltd'],private equity,new delhi,False
2016-07-06,dont scratch your head,Technology,Full Stack Offline & Online ERP Solution,"Gaurav Singhvi, Zaffiro Ventures",Seed Funding,2.39,dont scratch your head,"['gaurav singhvi', 'zaffiro ventures']",seed funding,ahmedabad,False
2016-07-06,wedding wishlist,Consumer Internet,"Wedding Wishlist, Gifts & Registry Creation platform","Kirthiga Reddy, Renuka Ramanath,Cherry Tin",Seed Funding,2.84,wedding wishlist,"['kirthiga reddy', 'renuka ramanath', 'cherry tin']",seed funding,chennai,False
2016-07-07,appdaily,Technology,Mobile Security App development & Distribution,"Kalaari Capital, Qualcomm Ventures, ru-Net, Zodius Technology Opportunities Fund,",Private Equity,19.13,appdaily,"['kalaari capital', 'qualcomm ventures', 'ru-net', 'zodius technology opportunities fund', '']",private equity,mumbai,False
2016-07-07,adytude,Consumer Internet,Gamified Consumer Insights Portal,Indian Angel Network,Private Equity,9.57,adytude,['indian angel network'],private equity,new delhi,False
2016-07-07,quickli,Logistics,On-Demand Delivery Startup,"AVG Group, 500 Startups",Private Equity,0.0,quickli,"['avg group', '500 startups']",private equity,gurgaon,False
2016-07-07,spectravr,Technology,Virtual Reality Content Studio,Rothenberg Ventures,Seed Funding,0.0,spectravr,['rothenberg ventures'],seed funding,mumbai,False
2016-07-08,pitstop,Consumer Internet,Online Car Repair and Servicing Booking platform,"Alex Chua, Rahul Garg",Seed Funding,0.0,pitstop,"['alex chua', 'rahul garg']",seed funding,bengaluru,False
2016-07-08,holachef,Consumer Internet,Online Food Ordering & Delivery Platform,"Kalaari Capital, India Quotient",Private Equity,18.66,holachef,"['kalaari capital', 'india quotient']",private equity,mumbai,False
2016-07-11,purplle,eCommerce,Beauty Products Marketplace,"JSW Ventures, Blume Ventures & IvyCap Ventures",Private Equity,57.4,purplle,"['jsw ventures', 'blume ventures & ivycap ventures']",private equity,mumbai,False
2016-07-11,trak n tell,Technology,Car Tracking & Safety System,Brian Acton,Private Equity,33.48,trak n tell,['brian acton'],private equity,gurgaon,False
2016-07-11,overcart,eCommerce,Unboxed & refurbished electronic products marketplace,"JSW Ventures, Omidyar Network, Sattva Capital, Venture Works",Private Equity,28.7,overcart,"['jsw ventures', 'omidyar network', 'sattva capital', 'venture works']",private equity,gurgaon,False
2016-07-12,sirionlabs,Technology,SAAS based Service Agreement Management,Sequoia Capital,Private Equity,117.2,sirionlabs,['sequoia capital'],private equity,gurgaon,False
2016-07-12,gyandhan,Consumer Internet,Education Focused Financing Platform,"Stanford Angels & Entrepreneurs, Harvard Angels",Seed Funding,0.0,gyandhan,"['stanford angels & entrepreneurs', 'harvard angels']",seed funding,new delhi,False
2016-07-12,mintm,Consumer Internet,Digital Marketing & AdTech Platform,"Mumbai Angels,\\xc2\\xa0 Times Internet",Private Equity,0.0,mintm,"['mumbai angels', 'times internet']",private equity,bengaluru,False
2016-07-12,hitgrit,Consumer Internet,Online Legal Consultation platform,"Ashish Mahajan, Sarvesh Sharma",Seed Funding,0.0,hitgrit,"['ashish mahajan', 'sarvesh sharma']",seed funding,chandigarh,False
2016-07-12,find my stay,Consumer Internet,Online Budget Hotel Aggregator & Booking Platform,"Rishi Parti, Yogesh Bansal",Seed Funding,0.0,find my stay,"['rishi parti', 'yogesh bansal']",seed funding,new delhi,False
2016-07-13,yaap,Consumer Internet,"Online Content Discovery, Creation & Distribution Platform",Rainmaker Ventures,Private Equity,47.84,yaap,['rainmaker ventures'],private equity,new delhi,False
2016-07-13,utoo cabs,Consumer Internet,Cab aggregation & Rental platform,Ajay Piramal,Seed Funding,0.0,utoo cabs,['ajay piramal'],seed funding,chennai,False
2016-07-13,twigly,Consumer Internet,Online Food Ordering & Delivery Startup,"Tracxn Labs, Hyderabad Angels, Kunal Shah, Gaurav Bhalotia",Seed Funding,5.74,twigly,"['tracxn labs', 'hyderabad angels', 'kunal shah', 'gaurav bhalotia']",seed funding,gurgaon,False
2016-07-13,sharechat,Consumer Internet,Vernacular Language Content Creation & Sharing App,"SAIF Partners, India Quotient",Private Equity,12.92,sharechat,"['saif partners', 'india quotient']",private equity,bengaluru,False
2016-07-13,urban tailor,Consumer Internet,E-Tailoring service provider,Unitus Seed Fund,Private Equity,0.0,urban tailor,['unitus seed fund'],private equity,bengaluru,False
2016-07-13,rentmojo,Consumer Internet,Online Furniture Renting Platform,"Accel Partners, IDG Ventures India",Private Equity,47.84,rentmojo,"['accel partners', 'idg ventures india']",private equity,bengaluru,False
2016-07-13,cityfurnish,Consumer Internet,Online Furniture Renting Platform,Brand Capital,Seed Funding,0.0,cityfurnish,['brand capital'],seed funding,gurgaon,False
2016-07-13,heal institute,Healthcare,Sports Focused Healthcare Startup,"Jaspal Bindra, Parth Jindal",Seed Funding,0.0,heal institute,"['jaspal bindra', 'parth jindal']",seed funding,mumbai,False
2016-07-14,augrav,eCommerce,Personalized precious Jewellery etailer,Keiretsu Forum,Seed Funding,4.31,augrav,['keiretsu forum'],seed funding,coimbatore,False
2016-07-14,shoppinpal,Technology,M-Commerce Solutions for Retail Stores,"Plug and Play Tech Center, Steelhead Ventures & Others",Private Equity,10.24,shoppinpal,"['plug', 'play tech center', 'steelhead ventures & others']",private equity,pune,False
2016-07-14,transtutors / askiitians,Consumer Internet,Online Education & Tutoring portals,500 Startups,Private Equity,0.0,transtutors / askiitians,['500 startups'],private equity,new delhi,False
2016-07-15,workapps,Technology,Enterprise Work Management Software,SRI Capital,Seed Funding,9.57,workapps,['sri capital'],seed funding,pune,False
2016-07-15,bankerbay,Consumer Internet,Online Investment Banking platform,undisclosed investors,Private Equity,19.13,bankerbay,['undisclosed investors'],private equity,bengaluru,False
2016-07-15,baggout,eCommerce,Women\\xe2\\x80\\x99s Fashion etailer,"Sumit Jain, Sumit Jain, Anurag Gupta, Varun Khanna, Faraz Khan",Seed Funding,0.0,baggout,"['sumit jain', 'sumit jain', 'anurag gupta', 'varun khanna', 'faraz khan']",seed funding,new delhi,False
2016-07-15,tripshelf,eCommerce,Travel Package Marketplace,GEMS group,Seed Funding,2.39,tripshelf,['gems group'],seed funding,new delhi,False
2016-07-15,satvacart,eCommerce,Online Grocers,"Abhijit Avasthi, Karan Chellani, SP Vijay",Seed Funding,0.0,satvacart,"['abhijit avasthi', 'karan chellani', 'sp vijay']",seed funding,new delhi,False
2016-07-15,ridlr,Consumer Internet,Public Transport Mobile App,"Times Internet, Innoven Capital, Matrix Partners India, Qualcomm Ventures",Private Equity,57.4,ridlr,"['times internet', 'innoven capital', 'matrix partners india', 'qualcomm ventures']",private equity,mumbai,False
2016-07-18,yellowdig,Consumer Internet,Online Learning Platform,SRI Capital,Seed Funding,6.22,yellowdig,['sri capital'],seed funding,pune,False
2016-07-18,zuppler,Consumer Internet,Online Food Ordering platform,SRI Capital,Seed Funding,6.22,zuppler,['sri capital'],seed funding,new delhi,False
2016-07-18,bluestone,eCommerce,Jewellery Etailer,"IIFL and Accel Partners, Kalaari Capital, IvyCap Ventures, RB Investments",Private Equity,287.01,bluestone,"['iifl', 'accel partners', 'kalaari capital', 'ivycap ventures', 'rb investments']",private equity,mumbai,False
2016-07-18,underdogs,Technology,Game Development Startup,Intelli Reboot Digital Pvt. Ltd,Private Equity,0.0,underdogs,['intelli reboot digital pvt. ltd'],private equity,mumbai,False
2016-07-18,imageprovision,Technology,Image Analysis Solutions,Satish Jamdar,Seed Funding,0.0,imageprovision,['satish jamdar'],seed funding,pune,False
2016-07-19,sagacito,Technology,Cloud-Based Enterprise Solutions,Star India Pvt. Ltd,Private Equity,95.67,sagacito,['star india pvt. ltd'],private equity,new delhi,False
2016-07-19,deal4loans / wishfin,Consumer Internet,\\nLoans Comparison platform\\n\\n\\n\\n     (adsbygoogle = window.adsbygoogle || []).push({});\\n\\n,Franklin Templeton International Services Pvt. Ltd,Private Equity,143.5,deal4loans / wishfin,['franklin templeton international services pvt. ltd'],private equity,noida,False
2016-07-19,niyo solutions,Technology,Payroll & Benefits Software solutions,Prime Venture Partners,Private Equity,9.57,niyo solutions,['prime venture partners'],private equity,bengaluru,False
2016-07-19,applop,Consumer Internet,Mobile Apps SaaS Platform,Green House Ventures Accelerator,Seed Funding,2.39,applop,['green house ventures accelerator'],seed funding,gurgaon,False
2016-07-20,tax2win,Consumer Internet,Online Tax Filing Portal,Undisclosed Investors,Private Equity,9.57,tax2win,['undisclosed investors'],private equity,jaipur,False
2016-07-20,truckola,Logistics,Tech-focused cargo transport startup,"Abhishek Agarwal, Krishnakumar Nataraj, Sarath Sura, Shanti Mohan, Sarthak and Nihit Agarwal, Suramya Gupta",Seed Funding,5.69,truckola,"['abhishek agarwal', 'krishnakumar nataraj', 'sarath sura', 'shanti mohan', 'sarthak', 'nihit agarwal', 'suramya gupta']",seed funding,mumbai,False
2016-07-20,iserve financial,Consumer Internet,Loan Comparison & Deals platform,Nilesh Shah,Seed Funding,0.0,iserve financial,['nilesh shah'],seed funding,pune,False
2016-07-21,mytaxiindia,Consumer Internet,Online Car rental booking platform,Nihon Kotsu Co,Private Equity,9.57,mytaxiindia,['nihon kotsu co'],private equity,new delhi,False
2016-07-21,aberuk,eCommerce,Online Marketplace for books,Swastika Company Pvt Ltd,Seed Funding,0.0,aberuk,['swastika company pvt ltd'],seed funding,bengaluru,False
2016-07-21,wiwigo,Consumer Internet,Inter-City Taxi Booking platform,Indian Angel Network,Seed Funding,5.69,wiwigo,['indian angel network'],seed funding,bengaluru,False
2016-07-21,drums food,Food & Beverage,Yogurt and Ice Cream maker,"Verlinvest, DSG Consumer Partners",Private Equity / Series A Extension,0.0,drums food,"['verlinvest', 'dsg consumer partners']",private equity / series a extension,mumbai,False
2016-06-01,chikoop,Consumer Internet,Free Ad based Voice Calling,Undisclosed Investors,Seed Funding,0.0,chikoop,['undisclosed investors'],seed funding,indore,False
2016-06-01,bridgei2i,Technology,Data Analytics Platform,Edelweiss Private Equity,Private Equity,0.0,bridgei2i,['edelweiss private equity'],private equity,bengaluru,False
2016-06-02,droom,eCommerce,Online marketplace for used automobiles,"Beenext, Digital Garage, Lightbox, Beenos",Private Equity,0.0,droom,"['beenext', 'digital garage', 'lightbox', 'beenos']",private equity,new delhi,False
2016-06-02,visit,Consumer Internet,On-Demand Healthcare Service provider,MapmyIndia,Seed Funding,0.0,visit,['mapmyindia'],seed funding,new delhi,False
2016-06-02,atomberg,Technology,"smart, energy efficient home appliance manufacturer",Parampara Capital,Private Equity,9.57,atomberg,['parampara capital'],private equity,mumbai,False
2016-06-02,coutloot,eCommerce,Fashion Re-Commerce Platform,Venture Catalysts,Seed Funding,0.0,coutloot,['venture catalysts'],seed funding,mumbai,False
2016-06-02,limo,Consumer Internet,Bus Aggregator Mobile app,Rainmaker Ventures,Private Equity,9.57,limo,['rainmaker ventures'],private equity,mumbai,False
2016-06-03,icliniq,Consumer Internet,Doctor Consultation platform,MadhanKumar Madathupalayam,Seed Funding,0.0,icliniq,['madhankumar madathupalayam'],seed funding,bengaluru,False
2016-06-03,gogo truck,Consumer Internet,Truck Aggregator & Booking platform,Undisclosed Investor,Seed Funding,0.72,gogo truck,['undisclosed investor'],seed funding,chennai,False
2016-06-03,vyome biosciences,Healthcare,Treatment Development for Antibiotic-resistant diseases,Romulus Capital,Private Equity,19.13,vyome biosciences,['romulus capital'],private equity,new delhi,False
2016-06-06,sillymonks,Consumer Internet,Digital Media and Entertainment Startup,Sreenivasa Reddy Musani,Seed Funding,4.29,sillymonks,['sreenivasa reddy musani'],seed funding,hyderabad,False
2016-06-07,cuemath,Education,K-12 Maths Learning Courses,"Sequoia Capital, Unitus Seed Fund",Private Equity,38.27,cuemath,"['sequoia capital', 'unitus seed fund']",private equity,bengaluru,False
2016-06-07,krazybee,Consumer Internet,Student Micro-Loan platform,"Yeahmobi, Fenqile",Private Equity,19.13,krazybee,"['yeahmobi', 'fenqile']",private equity,bengaluru,False
2016-06-07,intgrea,Technology,Post merger Integration Partners,Undisclosed Investor,Seed Funding,0.96,intgrea,['undisclosed investor'],seed funding,bengaluru,False
2016-06-07,helpshift,Technology,Mobile CRM Platform,"Microsoft Ventures, Salesforce Ventures",Private Equity,220.04,helpshift,"['microsoft ventures', 'salesforce ventures']",private equity,pune,False
2016-06-07,creditvidya,Technology,Credit Scoring Platform,Kalaari Capital,Private Equity,9.57,creditvidya,['kalaari capital'],private equity,mumbai,False
2016-06-08,grey campus,Consumer Internet,Online Learning Platform,Sarath Sura,Seed Funding,9.57,grey campus,['sarath sura'],seed funding,hyderabad,False
2016-06-08,listup,eCommerce,Location based Classified Mobile app,"Kae Capital, Kunal Shah, Sandeep Tandon",Seed Funding,4.78,listup,"['kae capital', 'kunal shah', 'sandeep tandon']",seed funding,mumbai,False
2016-06-08,6degree,Technology,Tech-enabled Fashion Talent platform,Indian Angel Network,Seed Funding,1.91,6degree,['indian angel network'],seed funding,mumbai,False
2016-06-08,shopwati,Consumer Internet,Online Fashion Discussion Community,Sanjiv Rai,Seed Funding,0.0,shopwati,['sanjiv rai'],seed funding,gurgaon,False
2016-06-08,cookifi,Consumer Internet,Online Chef Discovery & Booking Service,"Kunal Shah, Aneesh Reddy, Tracxn Labs, Venkat Tadanki, Krishna Mehra, Amit Rathore",Seed Funding,0.0,cookifi,"['kunal shah', 'aneesh reddy', 'tracxn labs', 'venkat tadanki', 'krishna mehra', 'amit rathore']",seed funding,bengaluru,False
2016-06-08,storeking,eCommerce,Connecting Small Town Consumers to E-Commerce,Axiata Digital,Private Equity,153.07,storeking,['axiata digital'],private equity,bengaluru,False
2016-06-08,wired hub,Real Estate,Co-Working Spaces,"Ankit Maheshwari, Anand Singh",Seed Funding,0.0,wired hub,"['ankit maheshwari', 'anand singh']",seed funding,jaipur,False
2016-06-08,myseniordoctor,Consumer Internet,Online medical support platform,BlackJag Partners,Seed Funding,1.91,myseniordoctor,['blackjag partners'],seed funding,gurgaon,False
2016-06-09,teabox,eCommerce,Online Tea Store,Cameron Jones,Seed Funding,0.0,teabox,['cameron jones'],seed funding,siliguri,False
2016-06-09,extraaedge,Consumer Internet,Student Acquisition Platform,"Ritesh Dwivedy, Priti Padhy",Seed Funding,0.0,extraaedge,"['ritesh dwivedy', 'priti padhy']",seed funding,pune,False
2016-06-09,epaylater,Technology,Fin-Tech Platform,3 undisclosed HNIs,Seed Funding,19.13,epaylater,['3 undisclosed hnis'],seed funding,mumbai,False
2016-06-10,kyazoonga,eCommerce,Online event ticketing Platform,Ratan Tata,Seed Funding,0.0,kyazoonga,['ratan tata'],seed funding,mumbai,False
2016-06-10,paytunes,Consumer Internet,Mobile based rewards platform,"CIO Angel Network, Indian Angel Network",Private Equity,4.78,paytunes,"['cio angel network', 'indian angel network']",private equity,new delhi,False
2016-06-10,kickstart jobs,Technology,Entry level hiring platform,"Vivek Joshi, Mohit Satyanand, Amit Banati, Arun Khanna",Seed Funding,0.0,kickstart jobs,"['vivek joshi', 'mohit satyanand', 'amit banati', 'arun khanna']",seed funding,gurgaon,False
2016-06-10,freshee,FMCG,Household packaging & Storage product manufacturer,Edelweiss Private Equity,Private Equity,0.0,freshee,['edelweiss private equity'],private equity,mumbai,False
2016-06-10,madrat games,Technology,Wearable Gaming Platform,"Ratan Tata, Bhavish Aggarwal, Ankit Bhati, Binny Bansal, Girish Mathrubootham",Seed Funding,0.0,madrat games,"['ratan tata', 'bhavish aggarwal', 'ankit bhati', 'binny bansal', 'girish mathrubootham']",seed funding,bengaluru,False
2016-06-11,jazzmyride,eCommerce,Auto Parts & Accessories eTailer,TVS Automobile Solutions Ltd,Private Equity,0.0,jazzmyride,['tvs automobile solutions ltd'],private equity,new delhi,False
2016-06-11,autosense,Technology,Data Analytics based Customer Management Services,TVS Automobile Solutions Ltd,Private Equity,0.0,autosense,['tvs automobile solutions ltd'],private equity,new delhi,False
2016-06-11,redsun telematics,Consumer Internet,Internet of Things Platform,TVS Automobile Solutions Ltd,Private Equity,0.0,redsun telematics,['tvs automobile solutions ltd'],private equity,chennai,False
2016-06-13,khanagadi,Consumer Internet,Online Food Delivery for Train Travelers,50K Ventures,Seed Funding,0.0,khanagadi,['50k ventures'],seed funding,jaipur,False
2016-06-13,bombay shirt company,eCommerce,Online custom Shirt retailer,undisclosed investor,Private Equity,9.57,bombay shirt company,['undisclosed investor'],private equity,mumbai,False
2016-06-13,matrubharti,Consumer Internet,e-Book Publisher,Viridian Capital,Seed Funding,0.29,matrubharti,['viridian capital'],seed funding,Unknown,False
2016-06-14,edtechreview,Consumer Internet,Education based online portal,EVC Ventures,Seed Funding,0.0,edtechreview,['evc ventures'],seed funding,new delhi,False
2016-06-14,bonhomia,Food & Beverage,Premium Tea & Coffee Capsules maker,Valpro Capital and existing investors,Private Equity,0.0,bonhomia,"['valpro capital', 'existing investors']",private equity,new delhi,False
2016-06-14,gobolt,Logistics,B2B Logistics provider,MCube8,Seed Funding,0.0,gobolt,['mcube8'],seed funding,new delhi,False
2016-06-14,jivox,Technology,Data Driven Advertising platform,"You & Mr Jones, Fortisure Ventures, Diaz Nesamoney",Private Equity,57.4,jivox,"['you & mr jones', 'fortisure ventures', 'diaz nesamoney']",private equity,bengaluru,False
2016-06-14,sminq,Consumer Internet,Queue management Mobile app,"Saama Capital, Blume Ventures & Vaibhav Domkundwar",Seed Funding,9.57,sminq,"['saama capital', 'blume ventures & vaibhav domkundwar']",seed funding,pune,False
2016-06-14,curejoy,Consumer Internet,Online Alternative health community platform,Accel Partners India,Private Equity,42.09,curejoy,['accel partners india'],private equity,bengaluru,False
2016-06-15,oneway.cab,Consumer Internet,Taxi Rental Platform,Indian Angel Network,Seed Funding,4.31,oneway.cab,['indian angel network'],seed funding,vadodara,False
2016-06-15,grabonrent,eCommerce,On-demand product rental marketplace,IvyCap Ventures and Unicorn India Ventures,Private Equity,0.0,grabonrent,"['ivycap ventures', 'unicorn india ventures']",private equity,bengaluru,False
2016-06-16,diro labs,Consumer Internet,Contact Management Mobile App,Info Edge (India) Ltd,Private Equity,4.31,diro labs,['info edge (india) ltd'],private equity,new delhi,False
2016-06-16,unnati helpers,Consumer Internet,Help Hiring Platform,Info Edge (India) Ltd,Private Equity,5.74,unnati helpers,['info edge (india) ltd'],private equity,gurgaon,False
2016-06-16,athletto,Consumer Internet,Sports Venue discovery and booking platform,Atul Ingle,Seed Funding,0.0,athletto,['atul ingle'],seed funding,bengaluru,False
2016-06-16,saavn,Consumer Internet,Web/Mobile Music Streaming service,Guy Oseary,Private Equity,0.0,saavn,['guy oseary'],private equity,usa,False
2016-06-16,voonik,eCommerce,Online Women\\xe2\\x80\\x99s Fashion Marketplace,Sequoia Capital,Private Equity,191.34,voonik,['sequoia capital'],private equity,bengaluru,False
2016-06-16,thinkphi,Technology,Sustainable Green Tech Solution developer,Nimmagadda Prasad,Seed Funding,0.0,thinkphi,['nimmagadda prasad'],seed funding,mumbai,False
2016-06-17,cleartax,Consumer Internet,Online Tax Filing Platform,"Ravi Adusumalli, SAIF Partners",Private Equity,114.8,cleartax,"['ravi adusumalli', 'saif partners']",private equity,new delhi,False
2016-06-17,silvan innovation labs,Technology,Home Automation Solutions,Infuse Ventures,Private Equity,8.61,silvan innovation labs,['infuse ventures'],private equity,bengaluru,False
2016-06-17,greythr,Technology,Payroll & HR Software Developer,"New Enterprise Associates (NEA), Blume Ventures",Private Equity,49.75,greythr,"['new enterprise associates (nea)', 'blume ventures']",private equity,bengaluru,False
2016-06-17,duffl,eCommerce,Fashion Rental Marketplace,BetOnIndia Technology Pvt Ltd,Seed Funding,0.0,duffl,['betonindia technology pvt ltd'],seed funding,bengaluru,False
2016-06-17,byg,Consumer Internet,Fitness centre Discovery & Booking Mobile app,"Sanjay Verma, Amit Khanna (LetsVenture)",Seed Funding,0.0,byg,"['sanjay verma', 'amit khanna (letsventure)']",seed funding,bengaluru,False
2016-06-20,dipper,eCommerce,Freight Logistics Marketplace,Undisclosed investor,Seed Funding,0.0,dipper,['undisclosed investor'],seed funding,new delhi,False
2016-06-20,qonfuse,Consumer Internet,Online Test Papers for competitive exams,Hamraj Kumar,Seed Funding,0.0,qonfuse,['hamraj kumar'],seed funding,new delhi,False
2016-06-20,the indian iris,Consumer Internet,Govt Policy Research & Information portal,Timbru Ventures,Seed Funding,0.0,the indian iris,['timbru ventures'],seed funding,ahmedabad,False
2016-06-21,onspoon,Consumer Internet,Online Platform for Event Sponsorship,Swan Angel Network,Seed Funding,1.44,onspoon,['swan angel network'],seed funding,mumbai,False
2016-06-21,restate,Consumer Internet,Real Estate Platform,Idein Ventures,Seed Funding,0.0,restate,['idein ventures'],seed funding,bengaluru,False
2016-06-21,cleartrip,Consumer Internet,Online Travel Agency,"Concur Technologies, Gund Investment",Private Equity,0.0,cleartrip,"['concur technologies', 'gund investment']",private equity,mumbai,False
2016-06-21,procmart,Consumer Internet,Online Procurement Marketplace,IndiaMart,Private Equity,0.0,procmart,['indiamart'],private equity,noida,False
2016-06-21,celerix,Technology,Fintech Product Development & Services Startup,Bitkemy Ventures,Seed Funding,3.83,celerix,['bitkemy ventures'],seed funding,bengaluru,False
2016-06-21,naturenama,Consumer Internet,Online Outdoors & travel,Unicorn Venture,Seed Funding,2.15,naturenama,['unicorn venture'],seed funding,mumbai,False
2016-06-21,cyclopsmedtech,Technology,Medical Technology Provider,CP Bothra,Seed Funding,0.0,cyclopsmedtech,['cp bothra'],seed funding,bengaluru,False
2016-06-21,syona cosmetics,FMCG,Beauty Products & Training to Salons & Spas,The Chennai Angels,Seed Funding,1.44,syona cosmetics,['the chennai angels'],seed funding,chennai,False
2016-06-21,prettysecrets,eCommerce,Women Lingerie Store,"RB Investments PTE Ltd, Orios Venture Partners",Private Equity,57.4,prettysecrets,"['rb investments pte ltd', 'orios venture partners']",private equity,mumbai,False
2016-06-22,spiderg,Consumer Internet,Online invoice app for SMEs,"Rahul Kirloskar, Fusion Tech Ventures, Adi Saravanan, Pravin Dongre, Mahendra Doshi",Seed Funding,1.44,spiderg,"['rahul kirloskar', 'fusion tech ventures', 'adi saravanan', 'pravin dongre', 'mahendra doshi']",seed funding,pune,False
2016-06-23,fareye,Technology,Logistics Management Software,Saif Partners,Private Equity,33.48,fareye,['saif partners'],private equity,new delhi,False
2016-06-23,the uolo,Consumer Internet,School Parent Communication App,"Purvi Ventures, Rajul Garg, Vipin Arora",Seed Funding,2.01,the uolo,"['purvi ventures', 'rajul garg', 'vipin arora']",seed funding,bengaluru,False
2016-06-23,staqu,Technology,Artificial Intelligence based search platform,Indian Angel Network,Seed Funding,0.0,staqu,['indian angel network'],seed funding,gurgaon,False
2016-06-23,padhopadhao,Consumer Internet,Home Tutors search & Discovery,Rise India,Private Equity,0.0,padhopadhao,['rise india'],private equity,new delhi,False
2016-06-24,drivify,Consumer Internet,Professional Driver discovery & Booking Mobile app,"Jitendra Gupta, Pankaj Tripathi",Seed Funding,0.48,drivify,"['jitendra gupta', 'pankaj tripathi']",seed funding,mumbai,False
2016-06-24,pratilipi,Consumer Internet,Multi-Lingual self-publishing platform,Nexus Venture Partners,Seed Funding,0.0,pratilipi,['nexus venture partners'],seed funding,bengaluru,False
2016-06-24,parablu,Technology,Cloud Data Security & Privacy Solutions,Kalaari Capital,Seed Funding,4.78,parablu,['kalaari capital'],seed funding,bengaluru,False
2016-06-24,schedulers logistics,Logistics,Cold Storage Logistics solutions,GVFL,Private Equity,57.4,schedulers logistics,['gvfl'],private equity,mumbai,False
2016-06-24,leap india,Others,Supply Chain Equipment & Services provider,Mayfield Ventures,Private Equity,28.7,leap india,['mayfield ventures'],private equity,mumbai,False
2016-06-24,kabadiexpress,Others,Free Door Step Scrap Pickup Service,Undisclosed investor,Seed Funding,1.42,kabadiexpress,['undisclosed investor'],seed funding,new delhi,False
2016-06-27,yourdost,Consumer Internet,Online counselling & Personal coaching platform,"SAIF Partners, Aprameya Radhakrishnan, Phanindra Sama, Subba Rao Telidevara, Vibhu Garg, Paula Ravindra Mariwala, Gaurav Bhalotia",Seed Funding,11.48,yourdost,"['saif partners', 'aprameya radhakrishnan', 'phanindra sama', 'subba rao telidevara', 'vibhu garg', 'paula ravindra mariwala', 'gaurav bhalotia']",seed funding,bengaluru,False
2016-06-27,gomalon,Consumer Internet,Online Spa & Salon discovery & Booking platform,Undisclosed investor,Seed Funding,0.96,gomalon,['undisclosed investor'],seed funding,bengaluru,False
2016-06-27,voler cars,Consumer Internet,Self-Driven Car rental platform,"Kanodia family, Amit Banka",Seed Funding,0.0,voler cars,"['kanodia family', 'amit banka']",seed funding,new delhi,False
2016-06-27,travelyaari,Consumer Internet,Online ticket booking platform,GVFL Ltd,Private Equity,28.7,travelyaari,['gvfl ltd'],private equity,bengaluru,False
2016-06-28,fabhotels,Consumer Internet,Online Hotel aggregator & Booking platform,"Accel Partners, RB Investments",Private Equity,76.54,fabhotels,"['accel partners', 'rb investments']",private equity,gurgaon,False
2016-06-28,locanix,Technology,GPS based SaaS Solutions,Undisclosed investors,Seed Funding,2.87,locanix,['undisclosed investors'],seed funding,ahmedabad,False
2016-06-28,lendingkart,Consumer Internet,Online Working Capital Business Loans Platform,"Bertelsmann India Investments, Mayfield India, Saama Capital, India Quotient",Private Equity,306.14,lendingkart,"['bertelsmann india investments', 'mayfield india', 'saama capital', 'india quotient']",private equity,ahmedabad,False
2016-06-28,hello tax,Consumer Internet,Online Tax Filing Platform,Sanjeev Sinha,Seed Funding,2.82,hello tax,['sanjeev sinha'],seed funding,new delhi,False
2016-06-28,mysuperbrain,Consumer Internet,Online Talent Discovery Platform for Kids,Soniks Consulting,Seed Funding,0.0,mysuperbrain,['soniks consulting'],seed funding,hyderabad,False
2016-06-28,blogbeats,Consumer Internet,Online Blogging Platform,Undisclosed Investor,Seed Funding,0.0,blogbeats,['undisclosed investor'],seed funding,bengaluru,False
2016-06-29,letreach,eCommerce,ECommerce SAAS Solutions,vCommission,Private Equity,0.96,letreach,['vcommission'],private equity,new delhi,False
2016-06-29,trendieapp,Technology,Visual Content Marketing,Harsh Vardhan Hada,Seed Funding,0.48,trendieapp,['harsh vardhan hada'],seed funding,kolkata,False
2016-06-29,impactguru,Consumer Internet,Crowdfunding Platform,Piyush Jain,Seed Funding,0.0,impactguru,['piyush jain'],seed funding,mumbai,False
2016-06-29,velvetcase,eCommerce,Online designer jewellery marketplace,"Uniqorn Ventures Fund, TV Mohandas Pai, S Somasegar",Private Equity,14.35,velvetcase,"['uniqorn ventures fund', 'tv mohandas pai', 's somasegar']",private equity,mumbai,False
2016-06-30,meru cabs,Consumer Internet,Online/ Mobile Tax Cab booking,Brand Capital,Private Equity,239.18,meru cabs,['brand capital'],private equity,mumbai,False
2016-06-30,campus diaries,Consumer Internet,Student focussed Content Discovery portal,Aarin Capital,Seed Funding,2.1,campus diaries,['aarin capital'],seed funding,bengaluru,False
2016-06-30,scripbox,Consumer Internet,Online Mutual Fund Investment platform,"Omidyar Network, Accel Partners & existing investors",Private Equity,0.0,scripbox,"['omidyar network', 'accel partners & existing investors']",private equity,bengaluru,False
2016-06-30,biryani blues,Food & Beverage,QSR Chain,Carpediem Capital & Others,Private Equity,3.52,biryani blues,['carpediem capital & others'],private equity,gurgaon,False
2016-05-01,motomojo,Consumer Internet,Mobile based Vehicle maintenance App,"Niloufer Dundh, Fauzan Rahim, Balamurugan Mani,",Seed Funding,0.0,motomojo,"['niloufer dundh', 'fauzan rahim', 'balamurugan mani', '']",seed funding,mumbai,False
2016-05-01,get my parking,Technology,Parking Technology Platform,The Chennai Angels,Seed Funding,3.6,get my parking,['the chennai angels'],seed funding,new delhi,False
2016-05-01,prescribez,Consumer Internet,Health Service Aggregator Platform,Ankush Mehta,Seed Funding,1.39,prescribez,['ankush mehta'],seed funding,pune,False
2016-05-02,airwood,Technology,Agri Data & Analytics Platform,StartupXseed Ventures,Seed Funding,0.0,airwood,['startupxseed ventures'],seed funding,chennai,False
2016-05-03,mobikwik,Consumer Internet,Mobile & Digital Wallet,"GMO Payment Gateway, MediaTek",Private Equity,478.35,mobikwik,"['gmo payment gateway', 'mediatek']",private equity,gurgaon,False
2016-05-03,idreamcareer,Consumer Internet,Career Planning Services Portal,Brand Capital,Private Equity,0.0,idreamcareer,['brand capital'],private equity,new delhi,False
2016-05-03,zwayam,Consumer Internet,Online Recruitment Platform,Undisclosed investors,Seed Funding,2.39,zwayam,['undisclosed investors'],seed funding,bengaluru,False
2016-05-03,boibanit,Consumer Internet,Online Food Delivery platform,Undisclosed investors,Seed Funding,0.0,oibanit,['undisclosed investors'],seed funding,vadodara,False
2016-05-03,zuver,Consumer Internet,Car driver Discovery App,"Shruth & Smith Group, Hermes Group",Seed Funding,1.72,zuver,"['shruth & smith group', 'hermes group']",seed funding,mumbai,False
2016-05-03,prepathon,Education,Competitive Exam learning platform,Blume Ventures,Private Equity,0.0,prepathon,['blume ventures'],private equity,mumbai,False
2016-05-04,easyroads,Consumer Internet,Road Trip planning Mobile app,"Rohan Angrish, Hrishi Oberoi, Rahul Mehta, Kapil Hetamsaria, Pranav Dedhia",Seed Funding,1.91,easyroads,"['rohan angrish', 'hrishi oberoi', 'rahul mehta', 'kapil hetamsaria', 'pranav dedhia']",seed funding,mumbai,False
2016-05-04,lenskart,eCommerce,Eyewear & Accessories etailer,"International Finance Corp, TPG Growth, Adveq Management, IDG Ventures, Ratan Tata, Kris Gopalakrishnan",Private Equity,574.02,lenskart,"['international finance corp', 'tpg growth', 'adveq management', 'idg ventures', 'ratan tata', 'kris gopalakrishnan']",private equity,new delhi,False
2016-05-04,seclore,Technology,Enterprise Security Technology platform,"Sistema Asia Fund, Helion Venture, VentureEast, India Alternatives",Private Equity,114.8,seclore,"['sistema asia fund', 'helion venture', 'ventureeast', 'india alternatives']",private equity,mumbai,False
2016-05-04,solartown,Technology,Solar Rooftop system installation company,Grex.in,Seed Funding,1.91,solartown,['grex.in'],seed funding,chennai,False
2016-05-04,comarete,Technology,Telecom & Media IT services company,Grex.in,Seed Funding,1.91,comarete,['grex.in'],seed funding,pune,False
2016-05-04,mydentistchoice,eCommerce,Medical Supplies eTailer,Undisclosed investors,Seed Funding,1.44,mydentistchoice,['undisclosed investors'],seed funding,hyderabad,False
2016-05-04,active,Technology,Intelligent Tech platform for Finance vertical,Kalaari Capital Accelerator Program,Seed Funding,4.78,active,['kalaari capital accelerator program'],seed funding,singapore,False
2016-05-04,affordplan,Technology,Affordable non-emergency medical service health plans,Kalaari Capital Accelerator Program,Seed Funding,4.78,affordplan,['kalaari capital accelerator program'],seed funding,new delhi,False
2016-05-04,indee,Consumer Internet,Web Video Streaming Platform,Kalaari Capital Accelerator Program,Seed Funding,4.78,indee,['kalaari capital accelerator program'],seed funding,bengaluru,False
2016-05-05,unbxd,Technology,eCommerce product discovery software,"IDG Ventures, Inventus Capital, Indian Angel Network",Private Equity,0.0,unbxd,"['idg ventures', 'inventus capital', 'indian angel network']",private equity,new delhi,False
2016-05-05,weballigator,Consumer Internet,Cloud Based Software Solutions,Group of undisclosed Angel Investors & HNIs,Seed Funding,3.59,weballigator,['group of undisclosed angel investors & hnis'],seed funding,bengaluru,False
2016-05-06,eduace services,Education,Education Workshops & mentoring programs,MoMagic Technologies,Private Equity,9.57,eduace services,['momagic technologies'],private equity,lucknow,False
2016-05-06,meesho,eCommerce,Social commerce platform,Rajul Garg & Others,Seed Funding,0.0,meesho,['rajul garg & others'],seed funding,bengaluru,False
2016-05-07,zebroads,Logistics,Logistics and Warehousing services,Undisclosed investors,Seed Funding,0.72,zebroads,['undisclosed investors'],seed funding,hyderabad,False
2016-05-09,locus,Technology,Logistics Intelligence platform,"Exfinity Venture Partners, Blume Ventures, BeeNext, Rajesh Ranavat",Private Equity,26.31,locus,"['exfinity venture partners', 'blume ventures', 'beenext', 'rajesh ranavat']",private equity,bengaluru,False
2016-05-09,toko innovations,Consumer Internet,Children\\xe2\\x80\\x99s Entertainment Portal,"Roopak Saluja, Vishal Khare",Seed Funding,4.31,toko innovations,"['roopak saluja', 'vishal khare']",seed funding,bengaluru,False
2016-05-09,rentickle,eCommerce,"Furniture, appliances Portal","Manish Kheterpal, Vinay Mittal, Dinesh Mittal, Sandeep Gupta",Seed Funding,2.39,rentickle,"['manish kheterpal', 'vinay mittal', 'dinesh mittal', 'sandeep gupta']",seed funding,new delhi,False
2016-05-10,healthifyme,Consumer Internet,Health & Fitness App,"IDG Ventures India, Inventus Capital, Blume Ventures",Private Equity,57.4,healthifyme,"['idg ventures india', 'inventus capital', 'blume ventures']",private equity,bengaluru,False
2016-05-10,zarget,Consumer Internet,Conversion Rate Optimization Platform,"Accel Partners, Matrix Partners, Girish Mathrubootham",Private Equity,14.35,zarget,"['accel partners', 'matrix partners', 'girish mathrubootham']",private equity,chennai,False
2016-05-10,innonano research,Technology,Clean Water Technology,NanoHoldings,Private Equity,172.21,innonano research,['nanoholdings'],private equity,chennai,False
2016-05-10,schoolwear,eCommerce,School Uniform & Supplies Marketplace,Undisclosed investors,Seed Funding,14.35,schoolwear,['undisclosed investors'],seed funding,mumbai,False
2016-05-10,swiggy,Consumer Internet,Food Delivery Platform,"Norwest Venture Partners, DST Global, Accel Partners",Private Equity,66.97,swiggy,"['norwest venture partners', 'dst global', 'accel partners']",private equity,bengaluru,False
2016-05-11,zenify,Consumer Internet,Home rental Discovery & Booking Portal,Undisclosed Investors,Private Equity,8.61,zenify,['undisclosed investors'],private equity,bengaluru,False
2016-05-11,faircent,Consumer Internet,Online Peer to Peer Lending platform,"JM Financial Products Ltd, Arun Tadanki, Doreswamy Nandkishore, Kshitij Jain",Private Equity,0.0,faircent,"['jm financial products ltd', 'arun tadanki', 'doreswamy nandkishore', 'kshitij jain']",private equity,gurgaon,False
2016-05-11,fractal analytics,Technology,Data Analytics Company,Khazanah Nasional Berhad,Private Equity,956.7,fractal analytics,['khazanah nasional berhad'],private equity,mumbai,False
2016-05-12,unacademy,Consumer Internet,Free Online Education Platform,"Blume Ventures, Rajan Anandan, Sumit Jain, Aprameya Radhakrishna, Sujeet Kumar, Phanindra Sama",Seed Funding,4.78,unacademy,"['blume ventures', 'rajan anandan', 'sumit jain', 'aprameya radhakrishna', 'sujeet kumar', 'phanindra sama']",seed funding,bengaluru,False
2016-05-12,capital float,Consumer Internet,Online Lending Platform,"Creation Investments Capital Management, SAIF Partners, Sequoia Capital, Aspada Ventures",Private Equity,239.18,capital float,"['creation investments capital management', 'saif partners', 'sequoia capital', 'aspada ventures']",private equity,bengaluru,False
2016-05-12,life circle,Healthcare,Senior Healthcare Services,GROUPE SOS,Private Equity,1.44,life circle,['groupe sos'],private equity,hyderabad,False
2016-05-12,dream wallets,Consumer Internet,Online Crowdfunding platform,"Rakesh Gupta, Aditya Aggarwal, Siddharth Banerjee, Vikas Ranjan, Anshul Jindal, Sunil Koul, and Sanjeev Agrawal",Seed Funding,0.0,dream wallets,"['rakesh gupta', 'aditya aggarwal', 'siddharth banerjee', 'vikas ranjan', 'anshul jindal', 'sunil koul', 'and sanjeev agrawal']",seed funding,jaipur,False
2016-05-12,shabdnagari,Consumer Internet,Hindi social networking portal,ah! Ventures,Seed Funding,0.0,shabdnagari,['ah! ventures'],seed funding,kanpur,False
2016-05-12,galleri5,Consumer Internet,Visual Content Discovery platform,"Phanindra Sama, Raghunandan G,",Seed Funding,0.0,galleri5,"['phanindra sama', 'raghunandan g', '']",seed funding,bengaluru,False
2016-05-12,derbii,Logistics,Carpooling Services,Anurag Chauhan,Seed Funding,0.0,derbii,['anurag chauhan'],seed funding,gurgaon,False
2016-05-13,stayzilla,Consumer Internet,Budget Room Aggregator Booking platform,"Matrix Partners, Nexus Ventures",Private Equity,129.15,stayzilla,"['matrix partners', 'nexus ventures']",private equity,chennai,False
2016-05-13,wow express,Logistics,E-Commerce Logistics Solutions,Undisclosed Investors & Tamarind Family Private Trust,Private Equity,21.05,wowexpress,['undisclosed investors & tamarind family private trust'],private equity,mumbai,False
2016-05-16,smartivity,eCommerce,Smart Learning products,"S Chand, AdvantEdge Partners",Private Equity,9.57,smartivity,"['s chand', 'advantedge partners']",private equity,delhi,False
2016-05-16,bedbathmore,Consumer Internet,Home Decor eMarketplace,"Kinnevik Group, Rocket Internet",Private Equity,0.0,bedbathmore,"['kinnevik group', 'rocket internet']",private equity,mumbai,False
2016-05-17,murgency,Consumer Internet,Medical Emergency Response App,Rata Tata,Private Equity,0.0,murgency,['rata tata'],private equity,mumbai,False
2016-05-17,crownit,Consumer Internet,Mobile customer rewards management platform,"Undisclosed investors, Accel Partners, Helion Venture Partners",Private Equity,0.0,crownit,"['undisclosed investors', 'accel partners', 'helion venture partners']",private equity,gurgaon,False
2016-05-17,blinge,eCommerce,Apparel Rental platform,"Anupam Mittal, Anuj Srivastava, Ankit Nagori",Seed Funding,0.0,blinge,"['anupam mittal', 'anuj srivastava', 'ankit nagori']",seed funding,mumbai,False
2016-05-18,thesmartq,Consumer Internet,Food Ordering Mobile App,YourNest Angel Fund,Seed Funding,2.39,thesmartq,['yournest angel fund'],seed funding,bengaluru,False
2016-05-18,purplehealth,Consumer Internet,Online health-on-demand platform,Katabole Technology Venture,Seed Funding,0.96,purplehealth,['katabole technology venture'],seed funding,trivandrum,False
2016-05-18,fundamentor,Education,Aptitude Development Program,Subramanya SV,Seed Funding,0.0,fundamentor,['subramanya sv'],seed funding,pune,False
2016-05-18,edupristine,Education,Online Certification Courses,"Kaizen Management Advisors, DeVry Inc",Private Equity,95.67,edupristine,"['kaizen management advisors', 'devry inc']",private equity,mumbai,False
2016-05-18,bhiveworkspace,Reality,Co-Working Spaces,Blume Ventures,Private Equity,9.57,bhiveworkspace,['blume ventures'],private equity,bengaluru,False
2016-05-18,parentlane,Consumer Internet,Parenting & Child Care app,"Sujeet Kumar, Aprameya, Sumit Jain, Subramanya Venkat, Venk, Ravi Machani, Hitesh Gupta, Rohit Choudhary",Seed Funding,0.0,parentlane,"['sujeet kumar', 'aprameya', 'sumit jain', 'subramanya venkat', 'venk', 'ravi machani', 'hitesh gupta', 'rohit choudhary']",seed funding,bengaluru,False
2016-05-19,appie,Consumer Internet,Location-based offline retail discovery platform,Undisclosed investors,Seed Funding,9.57,appie,['undisclosed investors'],seed funding,mumbai,False
2016-05-19,niki,Technology,Artificial Intelligence Platform,Ratan Tata,Private Equity,0.0,niki,['ratan tata'],private equity,bengaluru,False
2016-05-19,taxivaxi,Consumer Internet,Cab Aggregating Platform,Undisclosed HNIs,Seed Funding,4.78,taxivaxi,['undisclosed hnis'],seed funding,new delhi,False
2016-05-19,veqta,Consumer Internet,On Demand Digital Sports Network,"Chatsworth Management, ITW Digital",Seed Funding,4.78,veqta,"['chatsworth management', 'itw digital']",seed funding,new delhi,False
2016-05-20,i2ifunding,Consumer Internet,Online Peer to Peer Funding,Undisclosed Investors,Seed Funding,2.87,i2ifunding,['undisclosed investors'],seed funding,noida,False
2016-05-23,edurev,Consumer Internet,Online Learning Platform,Pradeep Reddy Kamasan,Seed Funding,0.0,edurev,['pradeep reddy kamasan'],seed funding,gurgaon,False
2016-05-23,hoppingo,Consumer Internet,Fashion Discovery platform,vCommission,Seed Funding,0.85,hoppingo,['vcommission'],seed funding,new delhi,False
2016-05-24,eatonomist,Consumer Internet,Food Delivery Platform,MCube Capital Advisors Pvt Ltd,Seed Funding,0.0,eatonomist,['mcube capital advisors pvt ltd'],seed funding,gurgaon,False
2016-05-24,goalwise,Consumer Internet,Online investment platform,Undisclosed HNIs,Seed Funding,9.57,goalwise,['undisclosed hnis'],seed funding,bengaluru,False
2016-05-25,roast,Consumer Internet,Mobile entertainment App,Indian Angel Network,Seed Funding,0.0,roast,['indian angel network'],seed funding,new delhi,False
2016-05-25,address health,Healthcare,Pediatric Primary Healthcare Network,Gray Matters Capital,Private Equity,14.35,address health,['gray matters capital'],private equity,bengaluru,False
2016-05-25,arcatron mobility,Technology,Mobility Devices for differently abled,Sudhir Mehta,Seed Funding,0.96,arcatron mobility,['sudhir mehta'],seed funding,pune,False
2016-05-25,shethepeople,Consumer Internet,Digital platform for Women,Anand Mahindra,Seed Funding,0.0,shethepeople,['anand mahindra'],seed funding,new delhi,False
2016-05-26,cleartax,Consumer Internet,Online Income Tax Filing platform,"FF Angel, Sequoia Capital",Private Equity,19.13,cleartax,"['ff angel', 'sequoia capital']",private equity,bengaluru,False
2016-05-26,consure medical,Healthcare,Medical Devices Kit manufacturer,"Accel Partners, Indian Angel Network, India Innovation Fund India Venture Partners",Private Equity,0.0,consure medical,"['accel partners', 'indian angel network', 'india innovation fund india venture partners']",private equity,new delhi,False
2016-05-26,mchamp,Consumer Internet,Celebrity Entertainment Contest App,MoMagic Technologies,Seed Funding,4.54,mchamp,['momagic technologies'],seed funding,new delhi,False
2016-05-27,pianta,Consumer Internet,Online healthcare service discovery platform,"Kunal Shah, Sandeep Tandon",Seed Funding,0.0,pianta,"['kunal shah', 'sandeep tandon']",seed funding,bengaluru,False
2016-05-30,vahanalytics,Technology,Safe driving Analytics platform,"Anirudh Damani, Vikram Lakhotia",Seed Funding,1.91,vahanalytics,"['anirudh damani', 'vikram lakhotia']",seed funding,mumbai,False
2016-05-31,play your sport,Consumer Internet,Location based Sports & Fitness Discovery App,Ashish Gupta and other undisclosed investors,Seed Funding,0.0,play your sport,"['ashish gupta', 'other undisclosed investors']",seed funding,new delhi,False
2016-05-31,koovs,eCommerce,Apparel & Lifestyle eTailer,HT Media Ltd,Private Equity,42.09,koovs,['ht media ltd'],private equity,new delhi,False
2016-05-31,ccavenue,Consumer Internet,Payment Gateway,NSI Infinium Global Pvt. Ltd,Private Equity,85.15,ccavenue,['nsi infinium global pvt. ltd'],private equity,mumbai,False
2016-05-31,1mg,eCommerce,Online Pharmacy,HBM Healthcare Investments,Private Equity,0.0,1mg,['hbm healthcare investments'],private equity,gurgaon,False
2016-05-31,tpot,Food & Beverage,QSR Chain,Ashish Gupta,Seed Funding,0.0,tpot,['ashish gupta'],seed funding,gurgaon,False
2016-05-31,machadalo,Consumer Internet,Hyperlocal Advertising Platform,Undisclosed Investors,Seed Funding,1.67,machadalo,['undisclosed investors'],seed funding,mumbai,False
2016-04-01,dil mil,Consumer Internet,Matchmaking Mobile App,"Nelstone Ventures, Transmedia Capital, Maiden Lane Ventures, CSC Upshot & Angel investors",Private Equity,25.83,dil mil,"['nelstone ventures', 'transmedia capital', 'maiden lane ventures', 'csc upshot & angel investors']",private equity,sfo / bangalore,True
2016-04-01,picsdream,Consumer Internet,Online Marketplace for Photographers,Raman Roy,Seed Funding,0.0,picsdream,['raman roy'],seed funding,delhi,False
2016-04-01,process 9,Consumer Internet,online translation and transliteration,"Indian Angel Network, Alok Sharma, Kris Gopalakrishnan, Saurabh Srivastava, and Ajai Chowdhry",Seed Funding,0.0,process 9,"['indian angel network', 'alok sharma', 'kris gopalakrishnan', 'saurabh srivastava', 'and ajai chowdhry']",seed funding,gurgaon,False
2016-04-04,housing,Consumer Internet,Real Estate Portal,Vineet Singh,Private Equity,0.0,housing,['vineet singh'],private equity,mumbai,False
2016-04-04,roll mafia,Food & Beverage,Rolls & Biryanis QSR chain,Equentia Natural Resource & Other undisclosed investors,Seed Funding,0.0,rollmafia,['equentia natural resource & other undisclosed investors'],seed funding,pune,False
2016-04-04,hungama,Consumer Internet,Digital Media Entertainment Portal,Xiaomi Inc,Private Equity,239.18,hungama,['xiaomi inc'],private equity,mumbai,False
2016-04-04,highway delite,Consumer Internet,Various Highway Help Services,N.S. Raghavan Centre for Entrepreneurial Learning,Seed Funding,0.0,highway delite,['n.s. raghavan centre for entrepreneurial learning'],seed funding,bengaluru,False
2016-04-05,cult fitness,Healthcare,Healthcare training programs,Mukesh Bansal,Seed Funding,0.0,cult fitness,['mukesh bansal'],seed funding,bengaluru,False
2016-04-05,haptik,Technology,Personal Assistant App,Times Internet Ltd,Private Equity,0.0,haptik,['times internet ltd'],private equity,mumbai,False
2016-04-05,servify,Consumer Internet,Gadget & Appliances Service App,"Blume Ventures, Barkawi Holdings GmbH, TM Service Technology Holdings GmbH",Private Equity,0.0,servify,"['blume ventures', 'barkawi holdings gmbh', 'tm service technology holdings gmbh']",private equity,mumbai,False
2016-04-06,shipsy,Logistics,Logistics Solutions,DTDC Express Ltd,Private Equity,9.57,shipsy,['dtdc express ltd'],private equity,gurgaon,False
2016-04-06,gear6,Consumer Internet,Online bike service and repairs platform,Ninestarter,Seed Funding,4.78,gear6,['ninestarter'],seed funding,bengaluru,False
2016-04-06,myglamm,Consumer Internet,Mobile based on-demand Beauty Services platform,L\\xe2\\x80\\x99Occitane,Private Equity,57.4,myglamm,"[""l'occitane""]",private equity,mumbai,False
2016-04-06,petoo,Consumer Internet,Online Food Delivery Platform,Axilor Ventures,Private Equity,9.57,petoo,['axilor ventures'],private equity,bengaluru,False
2016-04-07,truly social,Consumer Internet,Mobile Gaming Studio,Nazara Technologies Pvt Ltd,Private Equity,0.0,truly social,['nazara technologies pvt ltd'],private equity,london,False
2016-04-08,little black book,Consumer Internet,"Curated Food, event & Lifestyle guide","IDG, Indian Angel Network",Seed Funding,0.0,little black book,"['idg', 'indian angel network']",seed funding,new delhi,False
2016-04-08,vahan,Education,Mobile Education Platform,Villgro,Seed Funding,0.0,vahan,['villgro'],seed funding,chennai,False
2016-04-08,imedilane,Consumer Internet,Online Health Diagnosis platform,"Mahendra Patel, Nilender Chauhan",Seed Funding,0.38,imedilane,"['mahendra patel', 'nilender chauhan']",seed funding,new delhi,False
2016-04-11,living local,Consumer Internet,Social discovery platform,Rattan Chadha,Seed Funding,1.91,living local,['rattan chadha'],seed funding,mumbai,False
2016-04-11,vegfru,eCommerce,Online Fruit & Vegetable Marketplace,Wingify,Seed Funding,0.0,vegfru,['wingify'],seed funding,new delhi,False
2016-04-11,oyo,Consumer Internet,Online Branded Budget Room Booking Service,"Softbank, Sequoia Capital, Lightspeed Venture Partners, Greenoaks Capital, DSG Consumer Partners and Venture Nursery",Private Equity,956.7,oyo,"['softbank', 'sequoia capital', 'lightspeed venture partners', 'greenoaks capital', 'dsg consumer partners', 'venture nursery']",private equity,new delhi,False
2016-04-11,priceraja,Consumer Internet,Price Comparison Portal,Prashant Puri,Seed Funding,2.87,priceraja,['prashant puri'],seed funding,gurgaon,False
2016-04-12,magicx,Consumer Internet,On-Demand Task Management App,"Kris Gopalakrishnan, Dr. Ranjan Pai",Seed Funding,9.57,magicx,"['kris gopalakrishnan', 'dr. ranjan pai']",seed funding,bengaluru,False
2016-04-12,happydemic,Consumer Internet,Artist Discovery & Booking platform,Shaan,Seed Funding,0.0,happydemic,['shaan'],seed funding,mumbai,False
2016-04-12,lendenclub,Finance,Peer-to-Peer Lending Platform,"Anirudh Damani, Daud Ali, Narendra Karnavat, Vikas Kapoor, Vikram Lakhotia, Krishna Jhunjhunwaala, Jayesh Shah",Seed Funding,0.0,lendenclub,"['anirudh damani', 'daud ali', 'narendra karnavat', 'vikas kapoor', 'vikram lakhotia', 'krishna jhunjhunwaala', 'jayesh shah']",seed funding,mumbai,False
2016-04-12,indi,Consumer Internet,Video Social Network,Anil Kapoor,Seed Funding,0.0,indi,['anil kapoor'],seed funding,Unknown,False
2016-04-13,legalraasta,Consumer Internet,Online legal Services for Startups,"Pravin Khandelwal, Yatin Kumar Jain",Seed Funding,9.57,legalraasta,"['pravin khandelwal', 'yatin kumar jain']",seed funding,new delhi,False
2016-04-13,raincan,Consumer Internet,Subscription-based grocery delivery Mobile App,Dr. Aniruddha Malpani,Seed Funding,1.44,raincan,['dr. aniruddha malpani'],seed funding,pune,False
2016-04-13,hippily,eCommerce,Fashion ECommerce App,"Dr. Sridhar Ramaswamy, Rakesh Mathur",Seed Funding,2.39,hippily,"['dr. sridhar ramaswamy', 'rakesh mathur']",seed funding,mumbai,False
2016-04-13,kredx,eCommerce,Invoice discounting\\xc2\\xa0 Marketplace,"Prime Venture Partners,",Seed Funding,7.18,kredx,"['prime venture partners', '']",seed funding,bengaluru,False
2016-04-14,wedwise,Consumer Internet,Wedding related services community,StartUp Equity Partners,Seed Funding,0.0,wedwise,['startup equity partners'],seed funding,new delhi,False
2016-04-14,beaconstalk,Technology,contextual mobile advertising,"Rajeev Agrawal, Prashant Gooty",Seed Funding,0.96,beaconstalk,"['rajeev agrawal', 'prashant gooty']",seed funding,mumbai,False
2016-04-15,deal 4loans,Consumer Internet,Loan Comparison Portal,"Ram Shriram, Neeraj Arora, Puru Vashishtha",Seed Funding,0.0,deal 4loans,"['ram shriram', 'neeraj arora', 'puru vashishtha']",seed funding,noida,False
2016-04-15,renewbuy,Consumer Internet,Online Car & Bike Insurance Comparison portal,Mount Nathan Advisors,Seed Funding,9.57,renewbuy,['mount nathan advisors'],seed funding,new delhi,False
2016-04-15,blue box media,Consumer Internet,Online Tech Portals,"Mahavir Pratap Sharma, Ajay Data, Yogesh Chaudhary, Sanjay Phophaliya, Siddharth Agarwal, Kamal Kothari",Seed Funding,0.0,blue box media,"['mahavir pratap sharma', 'ajay data', 'yogesh chaudhary', 'sanjay phophaliya', 'siddharth agarwal', 'kamal kothari']",seed funding,jaipur,False
2016-04-15,vyomo,Consumer Internet,On-Demand Beauty Service provider,Naturals Salon Chain,Private Equity,143.5,vyomo,['naturals salon chain'],private equity,new delhi,False
2016-04-15,organicshop,eCommerce,Marketplace for organic products,"Vivek Nathani, Yogesh Chaudhary, Mahavir Pratap Sharma, Kamal Kothari, H C Jain",Seed Funding,0.0,organicshop,"['vivek nathani', 'yogesh chaudhary', 'mahavir pratap sharma', 'kamal kothari', 'h c jain']",seed funding,jaipur,False
2016-04-15,mind your fleet,Consumer Internet,Car Rental Software,Undisclosed Investors,Seed Funding,0.0,mindyourfleet,['undisclosed investors'],seed funding,noida,False
2016-04-15,nestaway,Consumer Internet,Furnished Home Rental Platform,Tiger Global,Private Equity,287.01,nestaway,['tiger global'],private equity,bengaluru,False
2016-04-15,tapchief,Consumer Internet,Expert Advice Platform,Vijay Shekhar Sharma,Seed Funding,1.44,tapchief,['vijay shekhar sharma'],seed funding,bengaluru,False
2016-04-18,rapido,Consumer Internet,Bike Aggregator App,"Pawan Munjal, AdvantEdge Partners, Astarc Ventures",Private Equity,0.0,rapido,"['pawan munjal', 'advantedge partners', 'astarc ventures']",private equity,bengaluru,False
2016-04-18,yufta,eCommerce,Women\\xe2\\x80\\x99s Fashion ECommerce Portal,Ajay Data & other HNIs,Seed Funding,0.0,yufta,['ajay data & other hnis'],seed funding,bengaluru,False
2016-04-18,smytten,eCommerce,Online Discovery and Shopping Platform,Rajan Anandan,Seed Funding,0.0,smytten,['rajan anandan'],seed funding,gurgaon,False
2016-04-18,houssup,Consumer Internet,interior design and home furnishing portal,"Mitin Patel, Gaurav Agarwal",Seed Funding,0.0,houssup,"['mitin patel', 'gaurav agarwal']",seed funding,jaipur,False
2016-04-18,jugnoo,Consumer Internet,On-demand Delivery & Logistics platform,Paytm & existing investors,Private Equity,95.67,jugnoo,['paytm & existing investors'],private equity,chandigarh,False
2016-04-18,tork motocycles,Auto,Electric Motorcycle Manufacturer,"Bhavish Aggarwal, Ankit Bhati",Seed Funding,0.0,tork motocycles,"['bhavish aggarwal', 'ankit bhati']",seed funding,pune,False
2016-04-19,betaout,eCommerce,customer intelligence and marketing automation platform,"Stanford Angels, LetsVenture, Chennai Angels, Hyderabad Angels, Mumbai Angels",Private Equity,14.35,etaout,"['stanford angels', 'letsventure', 'chennai angels', 'hyderabad angels', 'mumbai angels']",private equity,noida,False
2016-04-19,driverscart,Consumer Internet,on-demand chauffeur provider,ah! Ventures,Seed Funding,4.31,driverscart,['ah! ventures'],seed funding,chennai,False
2016-04-19,lenskart,eCommerce,Eyewear etailing platform,Ratan Tata,Private Equity,0.0,lenskart,['ratan tata'],private equity,new delhi,False
2016-04-19,collegedekho,Consumer Internet,College & Student information platform,Man Capital,Private Equity,19.13,collegedekho,['man capital'],private equity,new delhi,False
2016-04-19,oyofit,Consumer Internet,Fitness Services Aggregator platform,RN Agarwal,Seed Funding,0.0,oyofit,['rn agarwal'],seed funding,bengaluru,False
2016-04-19,oliveboard,Consumer Internet,Online exam practice & preparation platform,India Educational Investment Fund,Private Equity,0.0,oliveboard,['india educational investment fund'],private equity,bengaluru,False
2016-04-19,simplilearn,Consumer Internet,Online certification platform,Brand Capital,Private Equity,0.0,simplilearn,['brand capital'],private equity,bengaluru,False
2016-04-20,1mg,eCommerce,Online Pharmacy,"Maverick Capital Ventures, Sequoia Capital, Omidyar Network",Private Equity,143.5,1mg,"['maverick capital ventures', 'sequoia capital', 'omidyar network']",private equity,gurgaon,False
2016-04-20,fashalot,Consumer Internet,Fashion and Store discovery mobile app,"YourNest Angel Fund, Rajul Garg",Seed Funding,0.0,fashalot,"['yournest angel fund', 'rajul garg']",seed funding,new delhi,False
2016-04-20,broomberg,Consumer Internet,Cleaning Services Provider,Undisclosed Angel investors & HNIs,Seed Funding,0.0,broomberg,['undisclosed angel investors & hnis'],seed funding,new delhi,False
2016-04-21,m.paani,Consumer Internet,Loyalty rewards platform,"Blume Ventures, Adil Allana, Aprameya Radhakrishna, Gautam Ivatury, Signal Point Partners",Seed Funding,0.0,mpaani,"['blume ventures', 'adil allana', 'aprameya radhakrishna', 'gautam ivatury', 'signal point partners']",seed funding,mumbai,False
2016-04-21,yufta,eCommerce,hyperlocal fashion retail platform,Ajay Data & undisclosed HNIs,Seed Funding,0.0,yufta,['ajay data & undisclosed hnis'],seed funding,jaipur,False
2016-04-21,mishtag,Consumer Internet,"Style, Fashion Discovery Mobile app","M&Y Partners, SVG Media, Anthil Ventures & others",Seed Funding,0.0,mishtag,"['m&y partners', 'svg media', 'anthil ventures & others']",seed funding,new delhi,False
2016-04-21,advanced structures india,Auto,Automotive Design and Engineering company,GirnarSoft,Private Equity,0.0,advanced structures india,['girnarsoft'],private equity,bengaluru,False
2016-04-22,licious,eCommerce,Mobile based Meat ordering App,Mayfield India II Management Ltd,Private Equity,28.7,licious,['mayfield india ii management ltd'],private equity,bengaluru,False
2016-04-22,knolskae,Consumer Internet,Educational Gamification & Simulation platform,"Inventus Capital Partners, HR Fund",Private Equity,0.0,knolskae,"['inventus capital partners', 'hr fund']",private equity,bengaluru,False
2016-04-22,druva,Technology,Converged Backup & Data Protection Solutions for Enterprises,"NTT Finance, Telephone Corporation",Private Equity,0.0,druva,"['ntt finance', 'telephone corporation']",private equity,pune,False
2016-04-22,toko innovation studios,Consumer Internet,Children\xe2\x80\x99s Entertainment Games & Products,Indian Angel network,Seed Funding,4.31,toko innovation studios,['indian angel network'],seed funding,new delhi,False
2016-04-25,commut,Consumer Internet,Shuttle Service Provider,50K Ventures,Seed Funding,1.91,commut,['50k ventures'],seed funding,hyderabad,False
2016-04-25,intouchapp,Consumer Internet,Contact Management Mobile App,Blume Ventures,Seed Funding,0.0,intouchapp,['blume ventures'],seed funding,pune,False
2016-04-25,dropkaffe,Food & Beverage,Ready-to-Drink Beverage Producer,"GrowthStory, Apurva Salapuria, Hitesh Oberoi, Sidharth Pansari, Nirupa Shankar",Seed Funding,5.26,dropkaffe,"['growthstory', 'apurva salapuria', 'hitesh oberoi', 'sidharth pansari', 'nirupa shankar']",seed funding,bengaluru,False
2016-04-26,transerv,Consumer Internet,Digital Payments platform,"IDFC SPICE Fund, Micromax Informatics",Private Equity,143.5,transerv,"['idfc spice fund', 'micromax informatics']",private equity,mumbai,False
2016-04-26,cleartax,Consumer Internet,Online filing of Tax returns,"Max Levchin, Scott Banister",Private Equity,12.44,cleartax,"['max levchin', 'scott banister']",private equity,bengaluru,False
2016-04-26,roposo,eCommerce,Social Fashion ECommerce Discovery platform,Bertelsmann India Investments,Private Equity,143.5,roposo,['bertelsmann india investments'],private equity,gurgaon,False
2016-04-27,milkbasket,Consumer Internet,Micro Grocery Delivery Platform,EVC Ventures,Seed Funding,4.78,milkbasket,['evc ventures'],seed funding,gurgaon,False
2016-04-27,careongo,Consumer Internet,Online Pharmacy,"Farooq Oomerbhoy, Anupam Mittal, Anand Mittal, Ravi Garikipati, Vibhu Garg, Singapore Angel Network, Konglo Ventures",Seed Funding,0.0,careongo,"['farooq oomerbhoy', 'anupam mittal', 'anand mittal', 'ravi garikipati', 'vibhu garg', 'singapore angel network', 'konglo ventures']",seed funding,Unknown,False
2016-04-27,railyatri,Consumer Internet,Train Related Information portal,"Nandan Nilekani, Helion Ventures, Omidyar Networks, Blume Ventures",Private Equity,0.0,railyatri,"['nandan nilekani', 'helion ventures', 'omidyar networks', 'blume ventures']",private equity,noida,False
2016-04-27,ichr,Consumer Internet,Mobile based Children health Information app,Undisclosed,Seed Funding,4.31,ichr,['undisclosed'],seed funding,new delhi,False
2016-04-27,murgency,Consumer Internet,Medical Emergency Response App,Axilor Ventures,Private Equity,0.0,murgency,['axilor ventures'],private equity,mumbai,False
2016-04-28,the wedding brigade,Consumer Internet,Online Wedding Information Portal,Blume Ventures & Other unnamed Investors,Seed Funding,5.74,the wedding brigade,['blume ventures & other unnamed investors'],seed funding,mumbai,False
2016-04-28,docsapp,Consumer Internet,Online Doctor Discovery & Chat platform,"Rebright Partners, Anand Rajaraman, Venky Harinarayan",Private Equity,11.48,docsapp,"['rebright partners', 'anand rajaraman', 'venky harinarayan']",private equity,bengaluru,False
2016-04-29,impact guru,Consumer Internet,Online Crowdfunding platform for NGOs & Social Projects,"RB Investments, Fundnel",Seed Funding,4.78,impactguru,"['rb investments', 'fundnel']",seed funding,mumbai,False
2016-04-29,letreach,eCommerce,ECommerce SAAS Solutions,vCommission,Private Equity,0.96,letreach,['vcommission'],private equity,new delhi,False
2016-03-01,driveu,Consumer Internet,Chauffeurs Discovery for private car owners,Unitus Seed Fund,Seed Funding,0.0,driveu,['unitus seed fund'],seed funding,bengaluru,False
2016-03-01,gympik,Consumer Internet,"Fitness Centres, Gym Discovery online marketplace",RoundGlass Partners,Private Equity,0.0,gympik,['roundglass partners'],private equity,bengaluru,False
2016-03-01,testbook,Consumer Internet,Online Test Preparation Platform,S Chand & Co,Private Equity,0.0,testbook,['s chand & co'],private equity,mumbai,False
2016-03-01,iqlect,Technology,Big Data Analytics Platform,"Lip-Bu Tan, Michael Marks, Nicolas Braithwaite",Private Equity,0.0,iqlect,"['lip-bu tan', 'michael marks', 'nicolas braithwaite']",private equity,bengaluru,False
2016-03-02,momark,Consumer Internet,Mobile Wallet Aggregation platform,YourNest Angel Fund,Private Equity,5.74,momark,['yournest angel fund'],private equity,noida,False
2016-03-02,skedool,Consumer Internet,AI based Office Assistant Mobile App,"Kludein LLC\\nPhanindra Sama, Narayan Ramachandran, Pranav Pai",Seed Funding,0.0,skedool,"['kludein llc', 'phanindra sama', 'narayan ramachandran', 'pranav pai']",seed funding,seattle / bangalore,True
2016-03-02,systemantics,Technology,Industrial robots maker,"Nandan Nilekani, Accel Partners",Private Equity,13.39,systemantics,"['nandan nilekani', 'accel partners']",private equity,bengaluru,False
2016-03-03,vertuals,Technology,Audio Visual Digital Content creators for Brands,Dino Morea,Seed Funding,0.0,vertuals,['dino morea'],seed funding,mumbai,False
2016-03-03,imarticus learning,Education,Financial Services & Analytics Education Institute,"Blinc Advisors, Amit Nanavati, Tashwinder Singh, Taranjit Jaswal, Amit Khanna",Private Equity,9.57,imarticus learning,"['blinc advisors', 'amit nanavati', 'tashwinder singh', 'taranjit jaswal', 'amit khanna']",private equity,mumbai,False
2016-03-03,shouut,Consumer Internet,Social Discovery Mobile app,Undisclosed investor,Seed Funding,4.78,shouut,['undisclosed investor'],seed funding,new delhi,False
2016-03-04,tinystep,Consumer Internet,Parenting Social Network Platform,Matt Glickman,Private Equity,0.0,tinystep,['matt glickman'],private equity,bengaluru,False
2016-03-04,aahaa,ECommerce,Office Products Super Store,"YourNest Angel Fund,",Private Equity,9.57,aahaa,"['yournest angel fund', '']",private equity,chennai,False
2016-03-04,arcatron mobility,Technology,Smart wheelchair Design and Development,"Sudhir Mehta, Anoop Hingorani",Seed Funding,0.0,arcatron mobility,"['sudhir mehta', 'anoop hingorani']",seed funding,pune,False
2016-03-04,ftcash,Consumer Internet,Mobile Payments Platform,IvyCap Ventures,Seed Funding,1.44,ftcash,['ivycap ventures'],seed funding,kolkata,False
2016-03-04,civilsdaily,Consumer Internet,Civil Services News Aggregator,Manoj Kumar & Other undisclosed investors,Seed Funding,0.0,civilsdaily,['manoj kumar & other undisclosed investors'],seed funding,new delhi,False
2016-03-04,zappka,Consumer Internet,Mobile App discovery and review platform,"Daman Soni, Rajat Gupta & Others",Seed Funding,0.96,zappka,"['daman soni', 'rajat gupta & others']",seed funding,gurgaon,False
2016-03-04,tarusa world,ECommerce,Handicraft products eTailer,Mohit Gulati,Seed Funding,0.0,tarusa world,['mohit gulati'],seed funding,mumbai,False
2016-03-04,medecube,Healthcare,Healthcare related Services provider,Artiman Ventures,Private Equity,38.27,medecube,['artiman ventures'],private equity,gurgaon,False
2016-03-07,n.o.w,Consumer Internet,Bike Taxi Service & Hyperlocal Delivery App,"Ruchirans Jaipuria, Anuj Sanghi",Seed Funding,4.78,n.o.w,"['ruchirans jaipuria', 'anuj sanghi']",seed funding,noida,False
2016-03-07,ninjacart,ECommerce,B2B marketplace for Farmers & Retailers,"Accel Partners, Qualcomm Ventures, M&S Partners, Zop Smart",Private Equity,28.7,ninjacart,"['accel partners', 'qualcomm ventures', 'm&s partners', 'zop smart']",private equity,bengaluru,False
2016-03-07,reach,Consumer Internet,Cross Platform P2P file sharing mobile app,"Rebright Partners, Sol Primero, Sudhir Anandarao, Ankur Warikoo, Ankur Singla",Seed Funding,4.78,reach,"['rebright partners', 'sol primero', 'sudhir anandarao', 'ankur warikoo', 'ankur singla']",seed funding,bengaluru,False
2016-03-07,vanity cube,Consumer Internet,Hyperlocal Beauty Services platform,Unicorn Ventures,Seed Funding,2.39,vanitycube,['unicorn ventures'],seed funding,new delhi,False
2016-03-07,wooplr,ECommerce,Curated Fashion ECommerce portal,"Naveen Tewari, Abhay Singhal, Amit Gupta, Piyush Shah, Raghunandan G, Rajiv Mehta",Seed Funding,0.0,wooplr,"['naveen tewari', 'abhay singhal', 'amit gupta', 'piyush shah', 'raghunandan g', 'rajiv mehta']",seed funding,bengaluru,False
2016-03-07,medidaili,Consumer Internet,Medical Support service platform,Undisclosed private investors,Seed Funding,0.96,medidaili,['undisclosed private investors'],seed funding,bengaluru,False
2016-03-08,finomena,Technology,Credit Worthiness Big Data Analytics,Matrix Partners India,Private Equity,0.0,finomena,['matrix partners india'],private equity,new delhi,False
2016-03-08,cookaroo,Consumer Internet,Food Delivery Platform,Vijay Krishna Yadav,Seed Funding,0.0,cookaroo,['vijay krishna yadav'],seed funding,bengaluru,False
2016-03-08,vphrase analytics,Technology,AI based data analytics platform,"Apoorv Ranjan Sharma, Daud Ali and others",Seed Funding,0.0,vphrase analytics,"['apoorv ranjan sharma', 'daud ali', 'others']",seed funding,mumbai,False
2016-03-08,lovecycles,Consumer Internet,Women\\xe2\\x80\\x99s health Tracker,Prime Venture Partners,Seed Funding,7.18,lovecycles,['prime venture partners'],seed funding,bengaluru,False
2016-03-08,kartrocket,ECommerce,ECommerce SAAS platform,"Undisclosed Japanese investor, Bertelsmann India Investments, Nirvana Digital India Fund, Nirvana Digital Investment Holding Co Ltd, 500 Start-Ups",Private Equity,76.54,kartrocket,"['undisclosed japanese investor', 'bertelsmann india investments', 'nirvana digital india fund', 'nirvana digital investment holding co ltd', '500 start-ups']",private equity,new delhi,False
2016-03-08,dunzo,Consumer Internet,Daily Task Management App,"Aspada Investment Advisors, Blume Ventures.",Seed Funding,6.22,dunzo,"['aspada investment advisors', 'blume ventures.']",seed funding,bengaluru,False
2016-03-09,indiamart,ECommerce,B2B Marketplace for SMBs,Amadeus Capital,Private Equity,0.0,indiamart,['amadeus capital'],private equity,noida,False
2016-03-09,smartvizx,Technology,Virtual Reality Solutions,"Indian Angel Network, Stanford Angels, Entrepreneurs India",Seed Funding,4.78,smartvizx,"['indian angel network', 'stanford angels', 'entrepreneurs india']",seed funding,noida,False
2016-03-09,mygubbi,Real Estate,Interior Design & Home D\\xc3\\xa9cor Solutions,"Vipul Parekh, ajesh K Murthy,",Seed Funding,23.92,mygubbi,"['vipul parekh', 'ajesh k murthy', '']",seed funding,bengaluru,False
2016-03-09,nukkad shops,Consumer Internet,Hyperlocal Grocery Delivery Service,PurpleTalk Inc,Seed Funding,9.57,nukkad shops,['purpletalk inc'],seed funding,hyderabad,False
2016-03-09,cloudacar,Consumer Internet,Carpooling Mobile App,"Amit Choudhary, Anuj Puri",Seed Funding,0.0,cloudacar,"['amit choudhary', 'anuj puri']",seed funding,pune,False
2016-03-09,justride,Consumer Internet,Self Drive Car Rental,Dheeraj Jain & Other angel investors,Seed Funding,3.83,jusride,['dheeraj jain & other angel investors'],seed funding,mumbai,False
2016-03-09,yana,Consumer Internet,Personal AI Transaction Engine App,"Puneet Gupta,",Seed Funding,0.0,yana,"['puneet gupta', '']",seed funding,gurgaon,False
2016-03-10,big fish ventures,Food & Beverage,premium dining lounges Chain,Undisclosed investors,Private Equity,106.19,big fish ventures,['undisclosed investors'],private equity,new delhi,False
2016-03-10,stylflip,ECommerce,Pre-Owned Fashion marketplace mobile app,"Raj Gala Shah, Zaheer Memon",Seed Funding,0.0,stylflip,"['raj gala shah', 'zaheer memon']",seed funding,mumbai,False
2016-03-10,icertis,Technology,Contract Management Software Solutions platform,"Ignition Partners, Greycroft Partners, Fidelity Growth Partners India",Private Equity,143.5,icertis,"['ignition partners', 'greycroft partners', 'fidelity growth partners india']",private equity,pune/seattle,True
2016-03-10,supplified,ECommerce,Construction material eTailer,Mohit Goel,Seed Funding,9.57,supplified,['mohit goel'],seed funding,new delhi,False
2016-03-11,jollyfoodfellow,Technology,Food Related Marketing & Branding platform,Janak Parikh,Seed Funding,0.0,jollyfoodfellow,['janak parikh'],seed funding,ahmedabad,False
2016-03-14,pinkblue,ECommerce,Medical Supplies eTailer,"Hari Krishna, Ajay Modani, Dr V Ravinder, Anirudh Rastogi, Abhishek Jain, Rakesh Gakhar, Rajeev Mudumba, Nagendra Prasad Bhanuprakash",Seed Funding,2.14,pinkblue,"['hari krishna', 'ajay modani', 'dr v ravinder', 'anirudh rastogi', 'abhishek jain', 'rakesh gakhar', 'rajeev mudumba', 'nagendra prasad bhanuprakash']",seed funding,bengaluru,False
2016-03-14,truckingcube,Logistics,"Domestic, Commercial, and Industrial Goods Movers",Agarwal Movers Group,Private Equity,142.55,truckingcube,['agarwal movers group'],private equity,new delhi,False
2016-03-14,eswasthya,Consumer Internet,Online Medicine Delivery Aggregator,Hemang Sahani,Seed Funding,0.0,eswasthya,['hemang sahani'],seed funding,ahmedabad,False
2016-03-15,flipclass,Consumer Internet,Tutor Search Platform,"S Chand and Co Pvt Ltd, Blume Ventures",Private Equity,9.57,flipclass,"['s chand', 'co pvt ltd', 'blume ventures']",private equity,bengaluru,False
2016-03-15,proximit,Technology,Advertising Technology,Funding through 1Crowd platform,Seed Funding,1.44,proximit,['funding through 1crowd platform'],seed funding,pune,False
2016-03-15,withme,Consumer Internet,Personalized Fashion App,"Alex Kuruvilla, Pradeep Guha, Saket Dhankar, Rajan Pandhare",Seed Funding,2.39,withme,"['alex kuruvilla', 'pradeep guha', 'saket dhankar', 'rajan pandhare']",seed funding,gurgaon,False
2016-03-16,gapoon,Consumer Internet,Hyperlocal Home Maintenance services,"Chandrashekar Tallapragada, Pankaj Kapoor",Seed Funding,1.72,gapoon,"['chandrashekar tallapragada', 'pankaj kapoor']",seed funding,bengaluru,False
2016-03-16,avagmah,Consumer Internet,Online Education Portal,"Kris Gopalakrishnan, Atul Nishar",Seed Funding,0.0,avagmah,"['kris gopalakrishnan', 'atul nishar']",seed funding,bengaluru,False
2016-03-16,workindia,Consumer Internet,Online Job Board,Beenext,Seed Funding,0.0,workindia,['beenext'],seed funding,mumbai,False
2016-03-16,wealthy,Consumer Internet,Online Investment management portal,"Zishaan Hayath, Abhishek Goyal, Arjun and Rohan Malhotra, Harpreet Singh Grover, Gagan Dugal",Seed Funding,2.39,wealthy,"['zishaan hayath', 'abhishek goyal', 'arjun', 'rohan malhotra', 'harpreet singh grover', 'gagan dugal']",seed funding,bengaluru,False
2016-03-17,pramati,Healthcare,Specialized Patient Care platform,Undisclosed investors,Seed Funding,1.91,pramati,['undisclosed investors'],seed funding,noida,False
2016-03-17,qlivery,Consumer Internet,Ondemand Concierge Service,Swastika Company Ltd,Seed Funding,2.2,qlivery,['swastika company ltd'],seed funding,gurgaon,False
2016-03-17,healthenablr,Consumer Internet,Doctor Discovery and booking platform,Undisclosed investors,Seed Funding,7.65,healthenablr,['undisclosed investors'],seed funding,mumbai,False
2016-03-17,liftiee,Consumer Internet,Car/ bike Pooling App,"Rannvijay Singh, Anita Hassanandani",Seed Funding,1.03,liftiee,"['rannvijay singh', 'anita hassanandani']",seed funding,mumbai,False
2016-03-18,hello curry,Food & Beverage,Quick Service Restaurant Chain,Sashi Reddi & Other unnamed investors,Private Equity,14.35,hello curry,['sashi reddi & other unnamed investors'],private equity,hyderabad,False
2016-03-19,gosporto,Consumer Internet,Online Sports discovery and booking platform,Naveen Gupta,Seed Funding,0.29,gosporto,['naveen gupta'],seed funding,new delhi,False
2016-03-21,oneclickwash,Consumer Internet,Online Laundry & Washing service Booking & Delivery,Unitus Seed Fund,Seed Funding,0.0,oneclickwash,['unitus seed fund'],seed funding,gurgaon,False
2016-03-21,girnar software,Consumer Internet,Online News Media Network,Google Capital,Private Equity,0.0,girnar software,['google capital'],private equity,jaipur,False
2016-03-21,room on call,Consumer Internet,Budget hotel aggregator,CASHurDRIVE Marketing Pvt Ltd,Private Equity,19.13,room on call,['cashurdrive marketing pvt ltd'],private equity,gurgaon,False
2016-03-22,byjus,Consumer Internet,Educational Video Content Creator,"Sequoia India, Sofina",Private Equity,717.52,byjus,"['sequoia india', 'sofina']",private equity,bengaluru,False
2016-03-22,bigbasket,eCommerce,Online Grocery Shop,Abraaj Group,Private Equity,1435.05,bigbasket,['abraaj group'],private equity,bengaluru,False
2016-03-22,drivojoy,Consumer Internet,On-demand 2-wheeler Servicing platform,"Indian Angel Network, Tracxn Labs & Others",Seed Funding,5.74,drivojoy,"['indian angel network', 'tracxn labs & others']",seed funding,bengaluru,False
2016-03-22,smartron,Technology,Internet of Things Device manufacturer,Sachin Tendulkar,Private Equity,0.0,smartron,['sachin tendulkar'],private equity,bengaluru,False
2016-03-22,lifcare,Consumer Internet,Online Pharmacy portal,"Rajul Garg, Alok Mittal, Kunal Shah, Rishi Mandawat, Dheeraj Jain, Sandeep Tandon, Dexter Angel Circle",Seed Funding,0.0,lifcare,"['rajul garg', 'alok mittal', 'kunal shah', 'rishi mandawat', 'dheeraj jain', 'sandeep tandon', 'dexter angel circle']",seed funding,jaipur,False
2016-03-22,creditseva,Consumer Internet,Online Credit management tools,"Pix Vine Capital, Infocomm Development Authority of Singapore",Seed Funding,3.44,creditseva,"['pix vine capital', 'infocomm development authority of singapore']",seed funding,hyderabad,False
2016-03-22,cityshor,Consumer Internet,online lifestyle media recommendation portal,GAIN,Seed Funding,0.0,cityshor,['gain'],seed funding,ahmedabad,False
2016-03-23,endless robotics,Technology,Interior Painting Automation,"Devidas Desai, Vipul Gautam, Singapore Angel Network",Seed Funding,0.96,endless robotics,"['devidas desai', 'vipul gautam', 'singapore angel network']",seed funding,hyderabad,False
2016-03-23,sp robotics,Technology,Robotic Classes for Students,"Indian Angel Network,",Seed Funding,2.87,sp robotics,"['indian angel network', '']",seed funding,chennai,False
2016-03-23,stalkbuylove,eCommerce,Fashion eTailer,"500 Startups, Littlerock, Singularity Ventures",Seed Funding,0.0,stalkbuylove,"['500 startups', 'littlerock', 'singularity ventures']",seed funding,new delhi,False
2016-03-23,ekincare,Consumer Internet,Healthcare related solutions,"BitChemy Ventures, Maheshwari Investments Pvt Ltd, Anshoo Gaur, Rama Krishna Reddy, Sandeep Seerapu",Private Equity,3.16,ekincare,"['bitchemy ventures', 'maheshwari investments pvt ltd', 'anshoo gaur', 'rama krishna reddy', 'sandeep seerapu']",private equity,hyderabad,False
2016-03-23,hashlearn,Consumer Internet,Mobile based private tutoring services,"Bhavish Aggarwal, Binny Bansal,\\xc2\\xa0 Rajan Anandan, Mekin Maheshwar, Sunil Kalra, Anupam Mittal, Krishna Mehra, Singapore Angel Network",Seed Funding,0.0,hashlearn,"['bhavish aggarwal', 'binny bansal', 'rajan anandan', 'mekin maheshwar', 'sunil kalra', 'anupam mittal', 'krishna mehra', 'singapore angel network']",seed funding,Unknown,False
2016-03-23,wheelstreet,Consumer Internet,Online Bike Rental platform,Broadbean Capital services,Private Equity,4.78,wheelstreet,['broadbean capital services'],private equity,bengaluru,False
2016-03-24,horntell,Consumer Internet,Unified Push Notification service,"Bharanidharan Viswanathan, Sanjiv Mittal, Shobhit Shukla, Rahul Agarwal",Seed Funding,1.44,horntell,"['bharanidharan viswanathan', 'sanjiv mittal', 'shobhit shukla', 'rahul agarwal']",seed funding,gurgaon,False
2016-03-28,schoolkart,eCommerce,Online Marketplace for Schools,Undisclosed investors,Seed Funding,2.87,schoolkart,['undisclosed investors'],seed funding,noida,False
2016-03-29,healtheminds,Consumer Internet,Online mental healthcare,Robin Utthappa,Seed Funding,0.0,healtheminds,['robin utthappa'],seed funding,bengaluru,False
2016-03-29,babygogo,Consumer Internet,Child healthcare experts aggregator mobile app,"Rajul Garg, Daljit Singh, Aditya Vij, Kishore Kumar, Shuchin Bajaj",Seed Funding,2.87,babygogo,"['rajul garg', 'daljit singh', 'aditya vij', 'kishore kumar', 'shuchin bajaj']",seed funding,new delhi,False
2016-03-29,veritas finance,Finance,Asset Based Lending platform,Sarva Capital,Private Equity,44.96,veritas finance,['sarva capital'],private equity,chennai,False
2016-03-29,qikship,Consumer Internet,Mobile based Logistics provider,undisclosed investors,Seed Funding,1.91,qikship,['undisclosed investors'],seed funding,new delhi,False
2016-03-29,fixnix,Consumer Internet,GRC SAAS Platform,Jay Vijayan,Seed Funding,4.78,fixnix,['jay vijayan'],seed funding,chennai,False
2016-03-30,true balance,Technology,Mobile Balance Check App,SoftBank Ventures Korea,Private Equity,0.0,true balance,['softbank ventures korea'],private equity,gurgaon,False
2016-03-30,touchkin,Healthcare,Predictive Healthcare platform,"Alok Mittal, Amit Gupta, Anuj Srivastava, Himanshu Aggarwal, Raghunandan G, Puneet Agarwal",Seed Funding,3.83,touchkin,"['alok mittal', 'amit gupta', 'anuj srivastava', 'himanshu aggarwal', 'raghunandan g', 'puneet agarwal']",seed funding,bengaluru,False
2016-03-31,switchme,Consumer Internet,Home Loan Rate comparison platform,"Mohandas Pai, Hiro Mashita, Singapore Angel Network, 500 Startups, Rajan Anandan, Ajay Sarupria",Seed Funding,0.0,switchme,"['mohandas pai', 'hiro mashita', 'singapore angel network', '500 startups', 'rajan anandan', 'ajay sarupria']",seed funding,mumbai,False
2016-03-31,transcell,Healthcare,Family Stem Cell Banking Services,Indian Angel Network,Seed Funding,0.0,transcell,['indian angel network'],seed funding,hyderabad,False
2016-02-01,blue tokai coffee,ECommerce,Specialty Coffee Etailer,Snow Leopard Technology Ventures,Seed Funding,0.0,blue tokai coffee,['snow leopard technology ventures'],seed funding,new delhi,False
2016-02-02,altizone,Technology,IoT & M2M Solutions,"Wipro Ventures,\\xc2\\xa0 Lumis Partners",Private Equity,38.27,altizone,"['wipro ventures', 'lumis partners']",private equity,pune,False
2016-02-02,oust app,Consumer Internet,Competitive Exam Preparation Platform,"T V Mohandas Pai,\\xc2\\xa0 Aarin Capital",Seed Funding,0.0,oust app,"['t v mohandas pai', 'aarin capital']",seed funding,bengaluru,False
2016-02-02,strike,Consumer Internet,Mobile Email productivity tool,Multiple investors through Ten Minute Million competition,Seed Funding,0.22,strike,['multiple investors through ten minute million competition'],seed funding,bengaluru,False
2016-02-02,maaxmarket,Consumer Internet,Marketing Automation platform,Multiple investors through Ten Minute Million competition,Seed Funding,0.22,maaxmarket,['multiple investors through ten minute million competition'],seed funding,Unknown,False
2016-02-02,gamooz,Technology,Augmented Reality Solutions,Multiple investors through Ten Minute Million competition,Seed Funding,0.22,gamooz,['multiple investors through ten minute million competition'],seed funding,gurgaon,False
2016-02-02,soundsurround,Technology,Audio Technology Solutions,Multiple investors through Ten Minute Million competition,Seed Funding,0.22,soundsurround,['multiple investors through ten minute million competition'],seed funding,mumbai,False
2016-02-03,mazkara,Consumer Internet,Beauty & Wellness Platform,Dunamis Ventures Pte Ltd.,Seed Funding,9.57,mazkara,['dunamis ventures pte ltd.'],seed funding,pune / dubai,True
2016-02-03,roadgods,ECommerce,Auto Spare Parts eTailer,Green House Ventures (GHV),Seed Funding,0.96,roadgods,['green house ventures (ghv)'],seed funding,new delhi,False
2016-02-03,pindropmusic,Consumer Internet,Music Discovery Mobile App,Green House Ventures (GHV),Seed Funding,0.96,pindropmusic,['green house ventures (ghv)'],seed funding,noida,False
2016-02-03,woodpie,Consumer Internet,Book Recommendation Service,Ingram Content Group,Seed Funding,0.29,woodpie,['ingram content group'],seed funding,bengaluru,False
2016-02-04,perfumery,ECommerce,Fragrances & Perfume eTailer,Oranda Global & Others,Seed Funding,0.29,perfumery,['oranda global & others'],seed funding,new delhi,False
2016-02-05,magic crate,Education,Children Education Platform,"TV Mohandas Pai, Aarin Capital",Seed Funding,0.0,magic crate,"['tv mohandas pai', 'aarin capital']",seed funding,bengaluru,False
2016-02-05,zendrive,Technology,Safe Driving Data & Analytics platform,"Sherpa Capital, Nyca Partners and Thomvest Ventures",Private Equity,129.15,zendrive,"['sherpa capital', 'nyca partners', 'thomvest ventures']",private equity,bangalore / sfo,True
2016-02-05,smartcooky,ECommerce,Marketplace for Health Foods,"Vandana Luthra,",Private Equity,0.0,smartcooky,"['vandana luthra', '']",private equity,new delhi,False
2016-02-05,turtlemint,Consumer Internet,online personalized insurance platform,Nexus Venture Partners,Private Equity,0.0,turtlemint,['nexus venture partners'],private equity,mumbai,False
2016-02-05,bhive,Real Estate,Workspace Rentals,"Raghunandan G, Venturesity, Arihant Patni",Seed Funding,0.0,bhive,"['raghunandan g', 'venturesity', 'arihant patni']",seed funding,bengaluru,False
2016-02-05,gingercrush,Ecommerce,Personalized Products & Merchandize eTailer,"Saha Fund, TV Mohandas Pai, Zia Mody, Mumbai Angels, Ananda Kallugadde, Rakesh Desai, Rakesh Malhotra",Private Equity,9.57,gingercrush,"['saha fund', 'tv mohandas pai', 'zia mody', 'mumbai angels', 'ananda kallugadde', 'rakesh desai', 'rakesh malhotra']",private equity,vadodara,False
2016-02-05,american vision,Consumer Internet,Optical Store Aggregator Platform,Undisclosed investors,Seed Funding,0.77,american vision,['undisclosed investors'],seed funding,pune,False
2016-02-05,dawailelo,Consumer Internet,Healthcare Services & Online Pharmacy Mobile App,Undisclosed investors,Seed Funding,0.5,dawailelo,['undisclosed investors'],seed funding,varanasi,False
2016-02-06,heads up for tails,Ecommerce,Pet Products eTailer,Undisclosed investors,Seed Funding,9.57,heads up for tails,['undisclosed investors'],seed funding,new delhi,False
2016-02-06,livenutrifit,Healthcare,Weight loss & Healthcare Info portal,"Mohit Goel, Vinod Jain & Others",Seed Funding,0.0,livenutrifit,"['mohit goel', 'vinod jain & others']",seed funding,new delhi,False
2016-02-08,moglix,Ecommerce,Industrial & Home Products Marketplace,Ratan Tata,Private Equity,0.0,moglix,['ratan tata'],private equity,new delhi,False
2016-02-08,istyleyou,Consumer Internet,Personal Fashion Stylist App,Green House Ventures (GHV),Seed Funding,0.96,istyleyou,['green house ventures (ghv)'],seed funding,gurgaon,False
2016-02-08,adurcup,Consumer Internet,Ad Network,Green House Ventures (GHV),Seed Funding,0.96,adurcup,['green house ventures (ghv)'],seed funding,new delhi,False
2016-02-08,weddingz,Consumer Internet,online marketplace for wedding venues and vendors,Sixth Sense Ventures,Private Equity,0.0,weddingz,['sixth sense ventures'],private equity,mumbai,False
2016-02-08,urban dhobi,Consumer Internet,On Demand Laundry Services,"Vinod Bansal, Sanjeev Singhal",Seed Funding,0.0,urban dhobi,"['vinod bansal', 'sanjeev singhal']",seed funding,jaipur,False
2016-02-08,gray routes,Consumer Internet,Last mile logistics solutions,"Mahesh Parasuraman, Rahul Gautam & Others",Seed Funding,0.0,gray routes,"['mahesh parasuraman', 'rahul gautam & others']",seed funding,mumbai,False
2016-02-08,xpressbees,ECommerce,ECommerce Logistics solutions,"SAIF Partners, IDG Ventures India, Vertex Ventures, Valiant Capital",Private Equity,119.59,xpressbees,"['saif partners', 'idg ventures india', 'vertex ventures', 'valiant capital']",private equity,pune,False
2016-02-08,invictus oncology,Healthcare,Cancer therapeutic Info & Solutions,Ratan Tata,Private Equity,0.0,invictus oncology,['ratan tata'],private equity,new delhi,False
2016-02-08,hansel,Technology,Mobile App Tech Solutions,"Endiya Partners, Mekin Maheshwari, Rajesh Sawhney",Seed Funding,0.0,hansel,"['endiya partners', 'mekin maheshwari', 'rajesh sawhney']",seed funding,bengaluru,False
2016-02-09,inc42,Consumer Internet,Startup Focused Media News Portal,"India Ventures, Aarin Capital & Others",Seed Funding,0.0,inc42,"['india ventures', 'aarin capital & others']",seed funding,new delhi,False
2016-02-09,goqii,Technology,Personalized fitness coaching & Fitness band,Edelweiss Financial Services,Private Equity,0.0,goqii,['edelweiss financial services'],private equity,mumbai,False
2016-02-10,capzest,Consumer Internet,Digital Lending Platform,Lion Ventures,Seed Funding,1.91,capzest,['lion ventures'],seed funding,mumbai,False
2016-02-10,glamstudios,Consumer Internet,Online Salon Aggregator,Aqeel Ahmed,Seed Funding,0.0,glamstudios,['aqeel ahmed'],seed funding,noida,False
2016-02-10,affimity,Consumer Internet,Social Networking platform,undisclosed investors,Seed Funding,11.48,affimity,['undisclosed investors'],seed funding,bengaluru,False
2016-02-10,anandakanda,Technology,Medicine Intake Reminder System,undisclosed investors,Seed Funding,1.44,anandakanda,['undisclosed investors'],seed funding,pune,False
2016-02-10,joulestowatts,Technology,IT services & Talent collaboration services startup,Manipal Global Education Services,Seed Funding,0.0,joulestowatts,['manipal global education services'],seed funding,bengaluru,False
2016-02-10,shopkirana,Consumer Internet,Retailer Supply Chain platform,"Atul Jain, Anil Gelra, Jaikumar Nair",Seed Funding,0.0,shopkirana,"['atul jain', 'anil gelra', 'jaikumar nair']",seed funding,indore,False
2016-02-10,stylofie,Consumer Internet,Online Beauty Parlour search & discovery Platform,Jaideep Mehta,Seed Funding,0.0,stylofie,['jaideep mehta'],seed funding,gurgaon,False
2016-02-10,oybob,eCommerce,Hyperlocal Products & Services marketplace,Sachin Dalal,Seed Funding,0.0,oybob,['sachin dalal'],seed funding,gurgaon,False
2016-02-12,actonmagic,Technology,Cloud Analytics and Management Products,Jayabalan Subramanian,Seed Funding,1.2,actonmagic,['jayabalan subramanian'],seed funding,bengaluru,False
2016-02-12,bonhomia,Food & Beverage,premium Tea and Coffee,"Alok Rawat, Grey Orange Robotics",Seed Funding,9.57,bonhomia,"['alok rawat', 'grey orange robotics']",seed funding,new delhi,False
2016-02-12,igrenenergi,Technology,Solar Power Solutions,Sunil Mehta,Seed Funding,9.57,igrenenergi,['sunil mehta'],seed funding,mumbai,False
2016-02-12,rksv,Consumer Internet,Online Stock Trading Platform,Kalaari Capital,Private Equity,38.27,rksv,['kalaari capital'],private equity,mumbai,False
2016-02-15,aasaanjobs,Consumer Internet,Online Recruitment Marketplace,"Aspada Advisors, IDG Ventures,\\xc2\\xa0 Inventus Capital",Private Equity,47.84,aasaanjobs,"['aspada advisors', 'idg ventures', 'inventus capital']",private equity,mumbai,False
2016-02-15,snapdeal,eCommerce,Horizontal Online Marketplace,Ontario Teachers\\xe2\\x80\\x99 Pension Plan & Others,Private Equity,1913.4,snapdeal,"[""ontario teachers' pension plan & others""]",private equity,new delhi,False
2016-02-15,jugnoo,Consumer Internet,Transportation & On-demand delivery aggregator,Saumya Tandon,Private Equity,0.0,jugnoo,['saumya tandon'],private equity,chandigarh,False
2016-02-15,snapbizz,Technology,Connectivity platform for local grocery stores,Ratan Tata,Private Equity,0.0,snapbizz,['ratan tata'],private equity,bengaluru,False
2016-02-15,goyano,Consumer Internet,Events & Restaurant Discovery Marketplace App,Mukesh Kumar Gupta,Seed Funding,0.48,goyano,['mukesh kumar gupta'],seed funding,gurgaon,False
2016-02-15,rentsher,Consumer Internet,Online Household Product Rental platform,"Vaibhav Doshi, Abhay Singhal, Vibhu Garg, Joby Babu, Abhishek Acharya, Manish Shah",Seed Funding,2.87,rentsher,"['vaibhav doshi', 'abhay singhal', 'vibhu garg', 'joby babu', 'abhishek acharya', 'manish shah']",seed funding,bengaluru,False
2016-02-15,buddy,Finance,Micro Lending Platform for eCommerce purchases,"Blume Ventures,\\xc2\\xa0 Tracxn Labs",Seed Funding,4.78,buddy,"['blume ventures', 'tracxn labs']",seed funding,bengaluru,False
2016-02-15,legistify,Consumer Internet,Online Legal services platform,Ranjit Singh,Seed Funding,0.0,legistify,['ranjit singh'],seed funding,new delhi,False
2016-02-16,tablehero,Consumer Internet,Dynamic Restaurant Website creator,"GrowX Ventures, Kunal Shah, Sandeep Tandon, Haresh Chawla, Powai Lake Ventures, Globevestor",Seed Funding,9.57,tablehero,"['growx ventures', 'kunal shah', 'sandeep tandon', 'haresh chawla', 'powai lake ventures', 'globevestor']",seed funding,bengaluru,False
2016-02-16,betterplace,Technology,Data analytics based Verification services Platform,Unitus Seed Fund,Seed Funding,9.28,betterplace,['unitus seed fund'],seed funding,bengaluru,False
2016-02-16,salebhai,eCommerce,"Sweets, Eatables, Handicrafts Online Marketplace","Virendra Shekhawat, Deepak Chokhani, Yogesh Patel & Others",Seed Funding,0.0,salebhai,"['virendra shekhawat', 'deepak chokhani', 'yogesh patel & others']",seed funding,ahmedabad,False
2016-02-16,icustommadeit,eCommerce,Professional Custom creators Marketplace,"Brand Capital, Siddhivinayak Skyscrapers, Dinesh R. Challa",Private Equity,38.27,icustomadeit,"['brand capital', 'siddhivinayak skyscrapers', 'dinesh r. challa']",private equity,pune,False
2016-02-16,tring,Consumer Internet,Instant Messaging App,Vishwadeep Bajaj & Others,Seed Funding,0.0,tring,['vishwadeep bajaj & others'],seed funding,pune,False
2016-02-16,medinfi,Consumer Internet,Doctor & Clinics Discovery platform,"Rajnish Sinha, Prijit Debnath, Kanchan Ghoshal",Seed Funding,0.0,medinfi,"['rajnish sinha', 'prijit debnath', 'kanchan ghoshal']",seed funding,bengaluru,False
2016-02-17,timemytask,Consumer Internet,On-Demand home cleaning services,Lead Angels,Seed Funding,0.0,timemytask,['lead angels'],seed funding,mumbai,False
2016-02-17,gamezop,Technology,Mobile Gaming Platform,"KWAN Entertainment & Marketing Solutions, Powerhouse Ventures & Others",Seed Funding,3.35,gamezop,"['kwan entertainment & marketing solutions', 'powerhouse ventures & others']",seed funding,new delhi,False
2016-02-17,notary mama,Consumer Internet,On-demand Legal documentation and registration service,"Dr Nandish Domlur, Amit Sandill",Seed Funding,0.0,notary mama,"['dr nandish domlur', 'amit sandill']",seed funding,bengaluru,False
2016-02-17,the viral fever,Consumer Internet,Independent Online Video production company,Tiger Global,Private Equity,95.67,the viral fever,['tiger global'],private equity,mumbai,False
2016-02-17,avanti learning,Education,Private Coaching Classes,Michael & Susan Dell Foundation,Private Equity,47.84,avanti learning,['michael & susan dell foundation'],private equity,new delhi,False
2016-02-17,bollant industries,Technology,Eco-friendly consumer & packaging products,Ratan Tata,Private Equity,0.0,bollant industries,['ratan tata'],private equity,hyderabad,False
2016-02-18,getvee,Consumer Internet,Matrimony & Couples only mobile platform,"Lightspeed Venture Partners, K Ganesh",Private Equity,0.0,getvee,"['lightspeed venture partners', 'k ganesh']",private equity,new delhi,False
2016-02-18,healthkumbh,Consumer Internet,Health related Information portal,Undisclosed investor,Seed Funding,0.7,healthkumbh,['undisclosed investor'],seed funding,ahmedabad,False
2016-02-18,unlaze,Consumer Internet,Social Networking app for outdoor interests,"Sujal Shah, Dino Morea",Seed Funding,0.0,unlaze,"['sujal shah', 'dino morea']",seed funding,gurgaon,False
2016-02-18,tracxn,Technology,Indian Startup ecosystem trends analyzer & funding platform,"Nandan Nilekani, Mohandas Pai, Neeraj Arora, Anand Rajaraman, Girish Mathrubootham, Aneesh Reddy & Teruhide Sato",Private Equity,0.0,tracxn,"['nandan nilekani', 'mohandas pai', 'neeraj arora', 'anand rajaraman', 'girish mathrubootham', 'aneesh reddy & teruhide sato']",private equity,bengaluru,False
2016-02-18,careongo,ECommerce,Online Pharmacy store,Farooq Oomerbhoy & Other angel investors,Seed Funding,2.87,careongo,['farooq oomerbhoy & other angel investors'],seed funding,new delhi,False
2016-02-18,ark robot,Technology,Warehouse Automation,Qualcomm (Through QPrize Contest),Seed Funding,3.35,ark robot,['qualcomm (through qprize contest)'],seed funding,bengaluru,False
2016-02-19,jaypore,ECommerce,Ethnic Products marketplace,Aavishkaar,Private Equity,47.84,jaypore,['aavishkaar'],private equity,new delhi,False
2016-02-19,finance buddha,Consumer Internet,Online Loan Comparison & Discovery platform,Chennai Angels,Seed Funding,0.0,finance buddha,['chennai angels'],seed funding,bengaluru,False
2016-02-19,almaconnect,Consumer Internet,Alumni social network,"Mohandas Pai, Varun Aggarwal",Seed Funding,0.0,almaconnect,"['mohandas pai', 'varun aggarwal']",seed funding,new delhi,False
2016-02-19,advantage club,Consumer Internet,mobile platform for corporate employee benefits,Purvi Ventures & Others,Seed Funding,3.83,advantage club,['purvi ventures & others'],seed funding,gurgaon,False
2016-02-19,localramu,Consumer Internet,mobile based aggregator for local service providers,3 undisclosed investors,Seed Funding,0.0,localramu,['3 undisclosed investors'],seed funding,bengaluru,False
2016-02-22,baby berry,Consumer Internet,Parenting Mobile app,Nitin Bagmane & Other undisclosed investors,Seed Funding,9.57,baby berry,['nitin bagmane & other undisclosed investors'],seed funding,bengaluru,False
2016-02-22,magicpin,Consumer Internet,Hyperlocal Discover Mobile App,Lightspeed India,Private Equity,28.7,magicpin,['lightspeed india'],private equity,new delhi,False
2016-02-22,first eat,Consumer Internet,Healthy Food Delivery platform,Undisclosed investor,Seed Funding,0.96,first eat,['undisclosed investor'],seed funding,new delhi,False
2016-02-22,sigtuple,Technology,Healthcare based Tech Solutions,"Sachin Bansal, Binny Bansal, Accel Partners & Others",Seed Funding,0.0,sigtuple,"['sachin bansal', 'binny bansal', 'accel partners & others']",seed funding,bengaluru,False
2016-02-22,taskbob,Consumer Internet,Hyperlocal Handyman services platform,"IvyCap Ventures, Orios Venture Partners, Mayfield India",Private Equity,43.05,taskbob,"['ivycap ventures', 'orios venture partners', 'mayfield india']",private equity,mumbai,False
2016-02-22,styledotme,Consumer Internet,Mobile Fashion App,Indian Angel Network,Seed Funding,0.35,styledotme,['indian angel network'],seed funding,new delhi,False
2016-02-22,newslaundry,Consumer Internet,Independent News Media Portal,"Omidyar Network,\\xc2\\xa0 Vikram Lal, Abhijit Bhandari, Mahesh Murthy, Shashank Bhagat",Private Equity,0.0,newslaundry,"['omidyar network', 'vikram lal', 'abhijit bhandari', 'mahesh murthy', 'shashank bhagat']",private equity,new delhi,False
2016-02-23,cuponation,Consumer Internet,Deals and Discount platform,"Rocket Internet AG, Holtzbrink Ventures, New Enterprise Associates (NEA), e.ventures, ru-Net, Deutsche Telekom Strategic Investments (DTSI), Silicon Valley Bank",Private Equity,105.24,cuponation,"['rocket internet ag', 'holtzbrink ventures', 'new enterprise associates (nea)', 'e.ventures', 'ru-net', 'deutsche telekom strategic investments (dtsi)', 'silicon valley bank']",private equity,gurgaon,False
2016-02-23,aarav uav,Technology,unmanned aerial vehicles creator,"StartupXseed Ventures, The Phoenix Fund and others",Seed Funding,0.0,aarav uav,"['startupxseed ventures', 'the phoenix fund', 'others']",seed funding,kanpur,False
2016-02-24,sayfix,Consumer Internet,Hyperlocal Home Services Provider,Yajnanarayana Kammaje,Seed Funding,1.53,sayfix,['yajnanarayana kammaje'],seed funding,bengaluru,False
2016-02-24,loanzen,Consumer Internet,Peer to peer Lending marketplace,Tracxn Syndicate,Seed Funding,0.0,loanzen,['tracxn syndicate'],seed funding,bengaluru,False
2016-02-24,nobroker,Consumer Internet,Peer to peer property listing platform,"Beenext, Digital Garage, Beenos, Qualgro, Mamoru Taniya, SAIF Partners",Private Equity,95.67,nobroker,"['beenext', 'digital garage', 'beenos', 'qualgro', 'mamoru taniya', 'saif partners']",private equity,bengaluru,False
2016-02-24,appilyever,Consumer Internet,Online wedding services marketplace,"Varun Aggarwal, Suresh Venkat, Raj Y",Seed Funding,3.83,appilyever,"['varun aggarwal', 'suresh venkat', 'raj y']",seed funding,hyderabad,False
2016-02-24,pocketin,Consumer Internet,Hotel reservations & Deal platform,Swastika Company Ltd,Seed Funding,1.44,pocketin,['swastika company ltd'],seed funding,noida,False
2016-02-24,feetapart,Consumer Internet,Employee engagements & Rewards platform,Vishal Bali & Others,Seed Funding,0.0,feetapart,['vishal bali & others'],seed funding,bengaluru,False
2016-02-25,ofbusiness,eCommerce,B2B commerce Marketplace,Matrix Partners India,Private Equity,47.84,ofbusiness,['matrix partners india'],private equity,gurgaon,False
2016-02-25,carveniche,Consumer Internet,Personalized Learning Solutions & products,"Calcutta Angels, Lead Angels & Others",Seed Funding,0.0,carveniche,"['calcutta angels', 'lead angels & others']",seed funding,bengaluru,False
2016-02-25,juspay,Consumer Internet,Digital Payments solutions,"Accel Partners, Ashish Hemrajani, Parikshit Dar, Rajesh Balpande",Private Equity,55.49,juspay,"['accel partners', 'ashish hemrajani', 'parikshit dar', 'rajesh balpande']",private equity,bengaluru,False
2016-02-25,funcart,eCommerce,Party Supplies Etailer,Undisclosed HNIs,Seed Funding,0.67,funcart,['undisclosed hnis'],seed funding,new delhi,False
2016-02-26,freedom smart labs,Technology,IoT retail solutions,Kapil Goel,Seed Funding,1.39,freedom smart labs,['kapil goel'],seed funding,new delhi,False
2016-02-26,edubridge,Consumer Internet,Skill development and vocational training platform,"Insitor Impact Asia Fund, Acumen Fund",Private Equity,23.92,edubridge,"['insitor impact asia fund', 'acumen fund']",private equity,mumbai,False
2016-02-29,nestaway,Consumer Internet,Online Home Rental Marketplace,Ratan Tata,Private Equity,0.0,nestaway,['ratan tata'],private equity,bengaluru,False
2016-02-29,hopscotch,eCommerce,Baby & Kids Products Online Flash sales platform,Eduardo Saverin,Private Equity,124.37,hopscotch,['eduardo saverin'],private equity,mumbai,False
2016-02-29,pinclick,Consumer Internet,Online real estate listings,Undisclosed investors,Private Equity,0.0,pinclick,['undisclosed investors'],private equity,bengaluru,False
2016-01-01,smartcooky,ECommerce,Health Food / Personal Care Marketplace,"Rajan Anandan, Pramod Bhasin, Siddharth Pai, TV Mohandas Pai, Manvinder Singh Banga",Seed Funding,0.0,smartcooky,"['rajan anandan', 'pramod bhasin', 'siddharth pai', 'tv mohandas pai', 'manvinder singh banga']",seed funding,new delhi,False
2016-01-01,helpi,Consumer Internet,On Demand Cleaning Services Mobile App,Undisclosed Investors,Seed Funding,0.0,helpi,['undisclosed investors'],seed funding,mumbai,False
2016-01-04,dogspot,ECommerce,Online Pet Store,Ratan Tata,Seed Funding,0.0,dogspot,['ratan tata'],seed funding,gurgaon,False
2016-01-04,career360,Education,College Education Portal,MeritTrac,Private Equity,0.0,career360,['merittrac'],private equity,new delhi,False
2016-01-04,b9 beverages,Food & Beverage,Craft Beer manufacturing company,"Sequoia Capital, Kunal Bahl, Rohit Bansal, Deepinder Goyal, Ashish Dhawan, Mayank Singhal",Private Equity,57.4,b9 beverages,"['sequoia capital', 'kunal bahl', 'rohit bansal', 'deepinder goyal', 'ashish dhawan', 'mayank singhal']",private equity,new delhi,False
2016-01-05,wimwi foods,Food & Beverage,Healthy food manufacturing & sales startup,Centre for Innovation Incubation and Entrepreneurship (CIIE),Seed Funding,0.0,wimwi foods,"['centre for innovation incubation', 'entrepreneurship (ciie)']",seed funding,ahmedabad,False
2016-01-05,mychild app,Education,Child Disorder Information & Education,"Samir Bangara, Anisha Mittal, Amit Gupta, Pallav Nadhani, Lalit Mangal, Arihant Patni, Dr. Ritesh Malik, Deobrat Singh, Saurab Paruthi, Singapore Angel Network.",Seed Funding,0.96,mychild app,"['samir bangara', 'anisha mittal', 'amit gupta', 'pallav nadhani', 'lalit mangal', 'arihant patni', 'dr. ritesh malik', 'deobrat singh', 'saurab paruthi', 'singapore angel network.']",seed funding,bhopal,False
2016-01-05,instaproc,ECommerce,B2B Procurement Marketplace for Office Products,Dinesh Agarwal,Seed Funding,0.0,instaproc,['dinesh agarwal'],seed funding,noida,False
2016-01-05,360ride,Consumer Internet,Ride Sharing platform,Undisclosed,Seed Funding,1.44,360ride,['undisclosed'],seed funding,bengaluru,False
2016-01-05,alef\\nmobitech,Consumer Internet,Cloud Mobility Solutions,Tata Capital Innovation Fund,Private Equity,47.84,alef\\nmobitech,['tata capital innovation fund'],private equity,mumbai,False
2016-01-06,tracxn,BFSI,Startup Funding Deal Discovery & Execution platform,Ratan Tata,Seed Funding,0.0,tracxn,['ratan tata'],seed funding,bengaluru,False
2016-01-06,qdesq,Real Estate,Branded Workspaces Aggregator,"Dheeraj Jain, Jagdish Kumar, Bharat Gupta, Ankush Saigal, Praveen Saini",Seed Funding,0.0,qdesq,"['dheeraj jain', 'jagdish kumar', 'bharat gupta', 'ankush saigal', 'praveen saini']",seed funding,gurgaon,False
2016-01-06,sensara,Technology,"TV Search, Guide and Remote mobile app","Lalitesh Katragadda,\\xc2\\xa0 Ganayantrika Systems",Seed Funding,7.18,sensara,"['lalitesh katragadda', 'ganayantrika systems']",seed funding,bengaluru,False
2016-01-06,zebpay,Consumer Internet,Bitcoin Buying & Selling Mobile App,"Arjun Handa, Amit Jindal, Nagendra Chaudhary",Private Equity,9.57,zebpay,"['arjun handa', 'amit jindal', 'nagendra chaudhary']",private equity,ahmedabad,False
2016-01-06,planmy\\nmedicaltrip,Healthcare,Medical Tourism platform,"Bhanu Vikram Parsotam, Rohan Desai and Paras Patel",Seed Funding,1.44,planmy\\nmedicaltrip,"['bhanu vikram parsotam', 'rohan desai', 'paras patel']",seed funding,pune,False
2016-01-06,mycity4kids,Education,Children Education & Information platform,"SIDBI Venture Capital Limited, YourNest Angel Fund",Private Equity,28.7,mycity4kids,"['sidbi venture capital limited', 'yournest angel fund']",private equity,gurgaon,False
2016-01-06,justdakhila,Education,School Student admissions platform,Ankur Gupta,Seed Funding,7.18,justdakhila,['ankur gupta'],seed funding,new delhi,False
2016-01-07,pitstop,Consumer Internet,Automobile Service Booking App,Myntra/LivSpace Founders,Seed Funding,0.0,pitstop,"['Mukesh Bansal', 'Anuj Srivastava', 'Ramakant Sharma']",seed funding,bengaluru,False
2016-01-07,bikxie,Consumer Internet,Two Wheeler Taxi Service,Undisclosed Investors,Seed Funding,0.0,bikxie,['undisclosed investors'],seed funding,gurgaon,False
2016-01-07,infurnia,Consumer Internet,Online Furniture Customization platform,Idein Ventures,Seed Funding,1.53,infurnia,['idein ventures'],seed funding,bengaluru,False
2016-01-07,myly,Education,Mobile Based Education platform,Newbie Promoter Pvt Ltd,Seed Funding,0.96,myly,['newbie promoter pvt ltd'],seed funding,jaipur,False
2016-01-07,makemytrip,Consumer Internet,Online Travel/Hotel Booking platform,Ctrip.com International Ltd,Private Equity,1722.06,makemytrip,['ctrip.com international ltd'],private equity,gurgaon,False
2016-01-08,melorra,ECommerce,Online/ Mobile Jewellery Retailer,Lightbox Ventures,Private Equity,47.84,melorra,['lightbox ventures'],private equity,bengaluru,False
2016-01-08,confirmtkt,Consumer Internet,Train PNR Status Prediction Platform,"Krishna Jhujhunwala, Dr. Apoorv Ranjan Sharma, Anirudh Damani, Anand Ladsariya, Sanjay Mehta & Others",Seed Funding,2.39,confirmtkt,"['krishna jhujhunwala', 'dr. apoorv ranjan sharma', 'anirudh damani', 'anand ladsariya', 'sanjay mehta & others']",seed funding,bengaluru,False
2016-01-08,gyaanzone,Education,Career Planning and Education Advisory Platform,GBIM Technologies Pvt Ltd,Seed Funding,0.43,gyaanzone,['gbim technologies pvt ltd'],seed funding,mumbai,False
2016-01-08,flatfurnish,Consumer Internet,Online Furnishing Rental Platform,Arun Chandra Mohan,Seed Funding,0.0,flatfurnish,['arun chandra mohan'],seed funding,gurgaon,False
2016-01-09,lumiere,ECommerce,Organic Food eTailer,Undisclosed investors,Private Equity,0.0,lumiere,['undisclosed investors'],private equity,bengaluru,False
2016-01-11,koovs,ECommerce,Online Fashion Apparel Retailer,"Nahata Family, Waheed Alli",Private Equity,51.66,koovs,"['nahata family', 'waheed alli']",private equity,gurgaon,False
2016-01-11,wishup,Consumer Internet,Mobile app based Concierge Service,"500 Startups, Mato Peric, TracxnLabs",Seed Funding,0.0,wishup,"['500 startups', 'mato peric', 'tracxnlabs']",seed funding,new delhi,False
2016-01-11,freshmenu,Consumer Internet,Online / Mobile Food Ordering platform,"Zodius Capital, Lightspeed Venture Partners",Private Equity,157.86,freshmenu,"['zodius capital', 'lightspeed venture partners']",private equity,bengaluru,False
2016-01-11,savvymob,ECommerce,Last Minute Hotel Bookings mobile marketplace,"TV Mohandas Pai, LetsVenture",Seed Funding,9.57,savvymob,"['tv mohandas pai', 'letsventure']",seed funding,bengaluru,False
2016-01-11,fashionablyin,Consumer Internet,Mobile based Geo-target Fashion Marketplace,Ranjan Mahtani,Seed Funding,0.0,fashionablyin,['ranjan mahtani'],seed funding,mumbai,False
2016-01-12,shopclues,ECommerce,ECommerce Marketplace,"GIC, Tiger Global Management, Nexus Venture Partners",Private Equity,956.7,shopclues,"['gic', 'tiger global management', 'nexus venture partners']",private equity,gurgaon,False
2016-01-12,hike messenger,Consumer Internet,P2P Messaging Service,"Matt Mullenweg, Adam D\\xe2\\x80\\x99Angelo, Aditya Agarwal,\\xc2\\xa0 Ruchi Sanghvi & Others",Private Equity,0.0,hike messenger,"['matt mullenweg', ""adam d'angelo"", 'aditya agarwal', 'ruchi sanghvi & others']",private equity,new delhi,False
2016-01-12,ibus networks,Technology,Next Generation in-building connectivity,"Vallabh Bhanshali, N Squared Management LLC, Jagdish & Sandeep Mehta Family Office",Private Equity,22.0,ibus networks,"['vallabh bhanshali', 'n squared management llc', 'jagdish & sandeep mehta family office']",private equity,bengaluru,False
2016-01-12,happy2refer,Consumer Internet,Mobile based Referral Platform,"Equity Crest, Vinners, Sparknext",Seed Funding,2.39,happy2refer,"['equity crest', 'vinners', 'sparknext']",seed funding,mumbai,False
2016-01-13,cartrade,Consumer Internet,Auto Classifieds Portal,"Temasek Holdings, March Capital, Warburg Pincus",Private Equity,1387.22,cartrade,"['temasek holdings', 'march capital', 'warburg pincus']",private equity,mumbai,False
2016-01-13,rentomo,Consumer Internet,peer-to-peer renting Marketplace,Shiva Ashok & Other unnamed investors,Seed Funding,0.96,rentomo,['shiva ashok & other unnamed investors'],seed funding,bengaluru,False
2016-01-13,roder,Consumer Internet,inter-city cab aggregator,Unicorn India Ventures,Seed Funding,2.3,roder,['unicorn india ventures'],seed funding,new delhi,False
2016-01-13,bucker,Consumer Internet,Food Ordering Mobile App,"50k Ventures, Munish Jauhar, Pulkit Jain, Rohit Narang",Seed Funding,0.0,bucker,"['50k ventures', 'munish jauhar', 'pulkit jain', 'rohit narang']",seed funding,hyderabad,False
2016-01-13,care24,Healthcare,Professional Health Services Platform,"SAIF Partners, India Quotient",Private Equity,38.27,care24,"['saif partners', 'india quotient']",private equity,mumbai,False
2016-01-13,obino,Healthcare,Weigh Loss Coaching,RoundGlass Partners,Private Equity,0.0,obino,['roundglass partners'],private equity,mumbai,False
2016-01-14,snapshopr,Consumer Internet,Visual Search & Image Recognition Platform,Amod Malviya,Seed Funding,0.0,snapshopr,['amod malviya'],seed funding,bengaluru,False
2016-01-14,buildkar,ECommerce,Construction Material Marketplace,"Mustafa Wajid, Umang Kumar & Others",Seed Funding,0.0,buildkar,"['mustafa wajid', 'umang kumar & others']",seed funding,bengaluru,False
2016-01-14,orahi,Consumer Internet,Carpooling Mobile App,Indian Angel Network,Seed Funding,4.97,orahi,['indian angel network'],seed funding,gurgaon,False
2016-01-14,zapr,Technology,TV to Mobile audience Platform,"Flipkart, Saavn, Micromax, Dhiraj Rajaram, Ambiga Dhiraj, Dinesh Agarwal, Samir Bangara, Sanjay Nath, Arihant Patni",Seed Funding,0.0,zapr,"['flipkart', 'saavn', 'micromax', 'dhiraj rajaram', 'ambiga dhiraj', 'dinesh agarwal', 'samir bangara', 'sanjay nath', 'arihant patni']",seed funding,gurgaon,False
2016-01-15,remidio,Healthcare,Healthcare Product Manufacturer,Cipher-Plexus Capital Advisors & Indian HNIs,Private Equity,0.0,remidio,['cipher-plexus capital advisors & indian hnis'],private equity,bengaluru,False
2016-01-15,fitso,Consumer Internet,Fitness related Social Networking App & Forum,"Varun Khurana, Samar Singla, Vinay Bansal,",Seed Funding,1.91,fitso,"['varun khurana', 'samar singla', 'vinay bansal', '']",seed funding,gurgaon,False
2016-01-15,evibe,Consumer Internet,Party Hall Booking platform,"Hyderabad Angels, Lalit Mangal,\\xc2\\xa0 Vikas Malpani, Gaurav Bhalotia, LV Prasad",Seed Funding,0.0,evibe,"['hyderabad angels', 'lalit mangal', 'vikas malpani', 'gaurav bhalotia', 'lv prasad']",seed funding,bengaluru,False
2016-01-15,zoctr,Consumer Internet,healthcare aggregator platform,Times Group,Seed Funding,0.0,zoctr,['times group'],seed funding,mumbai,False
2016-01-15,jobick,Consumer Internet,Mobile app based Job Search,Abhinav Mathur,Seed Funding,0.0,jobick,['abhinav mathur'],seed funding,noida,False
2016-01-16,plick,Consumer Internet,Instant Content Transfer Mobile App,Sanjay Mehta,Seed Funding,0.0,plick,['sanjay mehta'],seed funding,mumbai,False
2016-01-18,voice friends,Consumer Internet,Dating & Singles Chat Platform,Huzaifa Khorakiwala,Seed Funding,0.0,voice friends,['huzaifa khorakiwala'],seed funding,mumbai,False
2016-01-18,kartrocket,Consumer Internet,SAAS DIY\\xc2\\xa0 ECommerce Platform,"Bertelsmann India Investments, Nirvana Digital India Fund, Nirvana Digital Investment Holding, 500 Startups",Private Equity,57.4,kartrocket,"['bertelsmann india investments', 'nirvana digital india fund', 'nirvana digital investment holding', '500 startups']",private equity,new delhi,False
2016-01-19,swiggy,Consumer Internet,Online/Mobile food ordering platform,"Harmony Partners, RB Investments & existing investors",Private Equity,334.84,swiggy,"['harmony partners', 'rb investments & existing investors']",private equity,bengaluru,False
2016-01-19,tinystep,Consumer Internet,Parenting Social Network,Flipkart,Seed Funding,0.0,tinystep,['flipkart'],seed funding,bengaluru,False
2016-01-19,cashkaro,Consumer Internet,Coupon & Cashback platform,Ratan Tata,Private Equity,0.0,cashkaro,['ratan tata'],private equity,gurgaon,False
2016-01-19,gameezop,Consumer Internet,Casual Gaming platform,Anand Chandrasekaran & Others,Seed Funding,0.0,gamezop,['anand chandrasekaran & others'],seed funding,new delhi,False
2016-01-19,dailyobjects,ECommerce,Mobile Accessories etailer,"Unilazer Fund,\\xc2\\xa0 Phanindra Sama, Peyush Bansal",Private Equity,13.39,dailyobjects,"['unilazer fund', 'phanindra sama', 'peyush bansal']",private equity,new delhi,False
2016-01-19,indus os,Technology,Local language Mobile OS,"Omidyar Network,",Private Equity,47.84,indus os,"['omidyar network', '']",private equity,mumbai,False
2016-01-19,collegedunia,Consumer Internet,Educational College Search platform,Umang Kumar,Seed Funding,4.26,collegedunia,['umang kumar'],seed funding,new delhi,False
2016-01-19,villgro,Finance,Social Business Incubator & Fund,"Lemelson Foundation, Michael and Susan Dell Foundation",Private Equity,33.48,villgro,"['lemelson foundation', 'michael', 'susan dell foundation']",private equity,chennai,False
2016-01-20,reddoorz,Consumer Internet,Budget Accomodation Aggregator,500 Startups,Private Equity,0.0,reddoorz,['500 startups'],private equity,new delhi,False
2016-01-20,industrybuying,ECommerce,B2B Industrial Goods Marketplace,Trifecta Capital,Private Equity,17.22,industrybuying,['trifecta capital'],private equity,new delhi,False
2016-01-20,just buy live,ECommerce,B2B Marketplace for Distributors,Alpha Capital,Private Equity,191.34,just buy live,['alpha capital'],private equity,mumbai,False
2016-01-20,imbesharam,ECommerce,Adult Products Etailers,Undisclosed US Based Investors,Private Equity,38.27,imbesharam,['undisclosed us based investors'],private equity,new delhi / us,True
2016-01-20,moodoo,Consumer Internet,Social Meeting organizer App,Sa\\xc3\\xafd Business School Seed Fund.,Seed Funding,0.38,moodoo,['saïd business school seed fund'],seed funding,mumbai / uk,True
2016-01-20,saral designs,Healthcare,Women Hygiene Product Manufacturer,"Farooq Adam, Ambi Parameswaran,",Seed Funding,0.0,saral designs,"['farooq adam', 'ambi parameswaran', '']",seed funding,mumbai,False
2016-01-21,firstcry,ECommerce,Kids Focused eTailer,Ratan Tata,Private Equity,0.0,firstcry,['ratan tata'],private equity,pune,False
2016-01-21,fisdom,Consumer Internet,Personal Finance Mobile App,Rob Chandra,Seed Funding,4.78,fisdom,['rob chandra'],seed funding,bengaluru,False
2016-01-21,easypolicy,Consumer Internet,Online insurance policy aggregator,Unilazer Ventures,Private Equity,21.05,easypolicy,['unilazer ventures'],private equity,noida,False
2016-01-21,housing,Consumer Internet,Online Real Estate Portal,SoftBank Corp,Private Equity,143.5,housing,['softbank corp'],private equity,mumbai,False
2016-01-21,creo,Technology,Smartphone OS Developer,"Sequoia Capital, Beenext Ventures, India Quotient, Anand Chandrasekaran",Private Equity,28.7,creo,"['sequoia capital', 'beenext ventures', 'india quotient', 'anand chandrasekaran']",private equity,bengaluru,False
2016-01-22,shabdanagari,Consumer Internet,Hindi Language Social Networking Portal,Kanpur Angels & Others,Seed Funding,1.91,shabdnagari,['kanpur angels & others'],seed funding,kanpur,False
2016-01-22,little,Consumer Internet,Deal Discovery App,GIC,Private Equity,0.0,little,['gic'],private equity,bengaluru,False
2016-01-22,snapbizz,ECommerce,Mobile based Retail Market Ecosystem,"Jungle Ventures, Taurus Value Creation, Konly Venture, Blume Ventures",Private Equity,68.88,snapbizz,"['jungle ventures', 'taurus value creation', 'konly venture', 'blume ventures']",private equity,bengaluru,False
2016-01-22,qlivery,Consumer Internet,on-demand concierge services,Chandigarh Angels Funding,Seed Funding,0.0,qlivery,['chandigarh angels funding'],seed funding,gurgaon,False
2016-01-22,plexusmd,Consumer Internet,Social Network for Healthcare Professionals,"Arihant Patni, Avnish Mehra, Pranay Adhvaryu, Ravi Sampat",Seed Funding,0.0,plexusmd,"['arihant patni', 'avnish mehra', 'pranay adhvaryu', 'ravi sampat']",seed funding,ahmedabad,False
2016-01-22,silvan,Technology,Home Automation & Security Solutions,The Chennai Angels,Seed Funding,4.93,silvan,['the chennai angels'],seed funding,bengaluru,False
2016-01-22,eps,Technology,Electronic Payments Solution Company,APIS Partners,Private Equity,334.84,eps,['apis partners'],private equity,mumbai,False
2016-01-22,qubole,Technology,Enterprise Cloud Based Data Processing,"Institutional Venture Partners, Norwest Venture Partners, Lightspeed Venture Partners, CRV",Private Equity,287.01,qubole,"['institutional venture partners', 'norwest venture partners', 'lightspeed venture partners', 'crv']",private equity,bengaluru,False
2016-01-22,gajty,Healthcare,Salons & Spa Chain,Purvi Ventures,Seed Funding,0.0,gajty,['purvi ventures'],seed funding,gurgaon,False
2016-01-25,siftr labs,Consumer Internet,Photography curation & Aggregator platform,Venture Catalysts,Seed Funding,1.44,siftr labs,['venture catalysts'],seed funding,mumbai,False
2016-01-25,power2sme,Consumer Internet,SME Online Buying Hub,"Nandan Nilekani, Accel Partners, Kalaari Capital and Inventus Capital",Private Equity,200.91,power2sme,"['nandan nilekani', 'accel partners', 'kalaari capital', 'inventus capital']",private equity,gurgaon,False
2016-01-25,skycandle,ECommerce,Home D\\xc3\\xa9cor Product etailer,GPA group,Private Equity,0.0,skycandle,['gpa group'],private equity,new delhi,False
2016-01-27,teabox,ECommerce,Specialty Tea ETailer,Ratan Tata,Private Equity,0.0,teabox,['ratan tata'],private equity,siliguri,False
2016-01-27,buildzar,ECommerce,Construction Material ETailer,Puneet Dalmia,Private Equity,38.27,buildzar,['puneet dalmia'],private equity,gurgaon,False
2016-01-27,applicate,Technology,"Sales, Market, Distribution & Data Analytics Platform",Undisclosed investors,Seed Funding,9.57,applicate,['undisclosed investors'],seed funding,bengaluru,False
2016-01-27,whatsonrent,ECommerce,Online Rental Marketplace,Lalit Mangal & Others,Seed Funding,0.0,whatsonrent,['lalit mangal & others'],seed funding,bengaluru,False
2016-01-28,zebi (yet to launch),Technology,Data Intelligence & Analytics,Un disclosed investors,Seed Funding,9.57,zebi (yet to launch),['un disclosed investors'],seed funding,hyderabad,False
2016-01-28,truce,FMCG,Vegetables & Fruits Supply Chain,"Anupam Mittal, Amit Gupta, Utsav Somani, Neeraj Goenka, Farooq Adam Mukadam",Seed Funding,3.54,truce,"['anupam mittal', 'amit gupta', 'utsav somani', 'neeraj goenka', 'farooq adam mukadam']",seed funding,mumbai,False
2016-01-28,justdoc,Consumer Interne,Medical Video Consultation platform,"TV Mohandas Pai, Mohit Saxena, Raghunandan G, Singapore Angel Network, TracxnLabs",Seed Funding,0.0,justdoc,"['tv mohandas pai', 'mohit saxena', 'raghunandan g', 'singapore angel network', 'tracxnlabs']",seed funding,bengaluru,False
2016-01-28,myeglu,Technology,Connected Smart Home Solutions,Foxconn Technology Group & Others,Seed Funding,0.0,myeglu,['foxconn technology group & others'],seed funding,bengaluru,False
2016-01-29,bitgiving,Consumer Internet,Crowd Funding Platform,"Harminder Sahni, Krishna Mehra, Sanjay Bakshi",Seed Funding,0.0,bitgiving,"['harminder sahni', 'krishna mehra', 'sanjay bakshi']",seed funding,new delhi,False
2016-01-29,qriyo,Consumer Internet,Online Fitness & Educational information Aggregator,Idein Ventures,Seed Funding,1.53,qriyo,['idein ventures'],seed funding,jodhpur,False
2016-01-29,n.o.w,Consumer Internet,Rental Bike Aggregator App,Maple Capital Advisors,Seed Funding,0.0,n.o.w,['maple capital advisors'],seed funding,noida,False
2016-01-29,aisle,Consumer Internet,Indians focused Matchmaking App,"TermSheet, ah! Ventures",Seed Funding,1.77,aisle,"['termsheet', 'ah! ventures']",seed funding,bengaluru,False
2016-01-29,freshmenu,Consumer Internet,Fresh Food Delivery platform,"Zodius Technology Fund, Lightspeed Venture Partners",Private Equity,162.64,freshmenu,"['zodius technology fund', 'lightspeed venture partners']",private equity,bengaluru,False
2016-01-29,truebil,ECommerce,Online marketplace for cars,"Kalaari Capital, Inventus Capital, Tekton Ventures, Kae Capital",Private Equity,49.27,truebil,"['kalaari capital', 'inventus capital', 'tekton ventures', 'kae capital']",private equity,mumbai,False
2016-01-29,rare media,Technology,Mobile & Cloud based App developer,Info Edge (India) Ltd,Private Equity,10.52,rare media,['info edge (india) ltd'],private equity,new delhi,False
2016-01-29,tinmen,Consumer Internet,Food Delivery Platform,Lead Angel Network,Seed Funding,0.0,tinmen,['lead angel network'],seed funding,hyderabad,False
2016-01-29,codinglabs,Technology,Coding Skill Showcase & Resume Builder,Vineet Nalla,Seed Funding,0.0,codinglabs,['vineet nalla'],seed funding,hyderabad,False
2016-01-30,findurclass,Consumer Internet,Hobby & Activity Class Aggregator,"Amit Patni, Anirudh Damani, Samir Shah",Seed Funding,0.0,findurclass,"['amit patni', 'anirudh damani', 'samir shah']",seed funding,mumbai,False
2016-01-30,designbids,Consumer Internet,Interior Design Marketplace,Indian Angel Network,Seed Funding,0.0,designbids,['indian angel network'],seed funding,new delhi,False
2015-12-01,collegedekho,Online Education Information platform,Unknown,GirnarSoft,Seed Funding,9.57,collegedekho,['girnarsoft'],seed funding,jaipur,False
2015-12-01,black white orange brands,Brand Licensing Startup,Unknown,YouWeCan Ventures,Seed Funding,0.0,black white orange brands,['youwecan ventures'],seed funding,mumbai,False
2015-12-01,biteclub,Gourmet Food Discovery & Delivery platform,Unknown,growX ventures,Private Equity,0.0,biteclub,['growx ventures'],private equity,gurgaon,False
2015-12-01,patel logistics,Transportation & Logistics Platform,Unknown,Frontline Strategy,Private Equity,53.58,patel logistics,['frontline strategy'],private equity,mumbai,False
2015-12-01,wigzo,Enterprise Marketing Automation platform,Unknown,"Aarin Capital Partners, TV Mohandas Pai",Seed Funding,4.78,wigzo,"['aarin capital partners', 'tv mohandas pai']",seed funding,new delhi,False
2015-12-01,zapluk,"Health, Wellness & Beauty Services App",Unknown,Undisclosed,Seed Funding,0.0,zapluk,['undisclosed'],seed funding,hyderabad,False
2015-12-01,godof hospitals,Digital Healthcare,Unknown,Pankaj Gupta,Seed Funding,19.13,godof hospitals,['pankaj gupta'],seed funding,new delhi,False
2015-12-02,roomstonite,Last Minute Hotel Booking App,Unknown,"Lashit Sanghvi, Nikhil Vora, Venkat Vardhan,Mohammed Bin Abdul Rehman Al Khalifa,\\xc2\\xa0 Ralph Berezan, Vissal Mathew,\\xc2\\xa0 Balamurali Krishna",Seed Funding,14.35,roomstonite,"['lashit sanghvi', 'nikhil vora', 'venkat vardhan', 'mohammed bin abdul rehman al khalifa', 'ralph berezan', 'vissal mathew', 'balamurali krishna']",seed funding,bengaluru,False
2015-12-02,kaaryah,Womens Fashion Wear Portal,Unknown,"The Saha Fund, TV Mohandas Pai",Private Equity,0.0,kaaryah,"['the saha fund', 'tv mohandas pai']",private equity,new delhi,False
2015-12-03,anakage,Product Learning platform,Unknown,CIO Angel Network (CAN),Seed Funding,0.0,anakage,['cio angel network (can)'],seed funding,bengaluru,False
2015-12-03,easykhaana,Online Food ordering & Delivery platform,Unknown,Undisclosed investors,Seed Funding,0.96,easykhaana,['undisclosed investors'],seed funding,new delhi,False
2015-12-03,shuttl,App based Bus Pooling Services,Unknown,"Sequoia Capital, Times Internet Ltd & One more Fund",Private Equity,191.34,shuttl,"['sequoia capital', 'times internet ltd & one more fund']",private equity,gurgaon,False
2015-12-03,eckovation,Social Learning Platform,Unknown,Chandigarh Angel Network (CAN),Seed Funding,0.0,eckovation,['chandigarh angel network (can)'],seed funding,new delhi,False
2015-12-03,fitcircle,Social Fitness platform,Unknown,Beerud Sheth and Ravi Mantha,Seed Funding,0.0,fitcircle,"['beerud sheth', 'ravi mantha']",seed funding,mumbai,False
2015-12-04,applop,On Demand Mobile app developer,Unknown,GHV Accelerator,Seed Funding,0.96,applop,['ghv accelerator'],seed funding,kolkata,False
2015-12-04,carpm,Car Maintenance & Management mobile app,Unknown,GHV Accelerator,Seed Funding,0.96,carpm,['ghv accelerator'],seed funding,gurgaon,False
2015-12-04,ndtv wedding portal,Online Wedding Marketplace,Unknown,CerraCap,Private Equity,191.34,ndtv wedding portal,['cerracap'],private equity,new delhi,False
2015-12-04,splitkart,Splitting Bills Mobile App,Unknown,"Rajesh Sawhney, Anupam Mittal, Dinesh Agarwal, Gaurav Gupta,",Seed Funding,0.0,splitkart,"['rajesh sawhney', 'anupam mittal', 'dinesh agarwal', 'gaurav gupta', '']",seed funding,new delhi,False
2015-12-07,zenatix,IOT Energy Management Analytics platform,Unknown,Blume Ventures,Private Equity,0.0,zenatix,['blume ventures'],private equity,gurgaon,False
2015-12-07,customfurnish,Custom Made furniture e-tailer,Unknown,Agnus Capital,Private Equity,43.05,customfurnish,['agnus capital'],private equity,hyderabad,False
2015-12-07,faasos,QSR Chain,Unknown,"ru-Net, Sequoia Capital,\\xc2\\xa0 Lightbox Ventures",Private Equity,287.01,faasos,"['ru-net', 'sequoia capital', 'lightbox ventures']",private equity,pune,False
2015-12-07,vlurn,eLearning platform,Unknown,Vidyadhar Sarfare,Seed Funding,0.0,vlurn,['vidyadhar sarfare'],seed funding,mumbai,False
2015-12-07,leaf wearables,Smart Safety Wearable Devices,Unknown,"Ajeet Khurana Jinesh Shah, Vikram Chachra, Dr. Aniruddha Malpani",Seed Funding,2.39,leaf wearables,"['ajeet khurana jinesh shah', 'vikram chachra', 'dr. aniruddha malpani']",seed funding,new delhi,False
2015-12-07,coolshare,Cab Sharing service Mobile app,Unknown,Gopal Aggarwal,Seed Funding,0.96,coolshare,['gopal aggarwal'],seed funding,mumbai,False
2015-12-08,mficient,Cloud Enterprise Mobility Platform,Unknown,Undisclosed investors,Seed Funding,0.0,mficient,['undisclosed investors'],seed funding,new delhi,False
2015-12-08,heybiz,Online Shopping Assistant Mobile app,Unknown,Shopclues,Seed Funding,0.0,heybiz,['shopclues'],seed funding,new delhi,False
2015-12-08,yumist,Home Cooked Food Order & Delivery platform,Unknown,"Unilazer Ventures, Orios Venture Partners, Steven Lurie",Private Equity,19.13,yumist,"['unilazer ventures', 'orios venture partners', 'steven lurie']",private equity,gurgaon,False
2015-12-09,jigsaw academy,Online School for Analytics learning,Unknown,Manipal Global Education Services,Private Equity,28.7,jigsaw academy,['manipal global education services'],private equity,bengaluru,False
2015-12-09,joehukum,Chat based personal Assistant App,Unknown,"TracxnLabs, Jitendra Gupta, Prashant Tandon",Seed Funding,0.0,joehukum,"['tracxnlabs', 'jitendra gupta', 'prashant tandon']",seed funding,gurgaon,False
2015-12-09,voxweb,Picture creation & Social mobile app,Unknown,Undisclosed Investor,Seed Funding,3.35,voxweb,['undisclosed investor'],seed funding,mumbai,False
2015-12-09,aye finance,Nonbanking finance company,Unknown,"SAIF Partners, Accion",Private Equity,28.7,ayefinance,"['saif partners', 'accion']",private equity,new delhi,False
2015-12-09,jumbobasket,eCommerce returns etailer,Unknown,Chandigarh Angels Network,Seed Funding,0.0,jumbobasket,['chandigarh angels network'],seed funding,chandigarh,False
2015-12-10,blackbuck,Online Freight Services Aggregator,Unknown,"Tiger Global Management, Yuri Milner, Apoletto, Accel Partners, Flipkart",Private Equity,239.18,blackbuck,"['tiger global management', 'yuri milner', 'apoletto', 'accel partners', 'flipkart']",private equity,bengaluru,False
2015-12-10,homestudio,Online Branded Furniture etailer,Unknown,Bren Corporation,Private Equity,47.84,homestudio,['bren corporation'],private equity,bengaluru,False
2015-12-10,prophesee,Digital Analytics Platform,Unknown,"Indian Angel Network, Stanford Angels, Entrepreneurs India",Seed Funding,4.78,prophesee,"['indian angel network', 'stanford angels', 'entrepreneurs india']",seed funding,new delhi,False
2015-12-10,i2e1,Internet Network Infrastructure Services,Unknown,GrowX Ventures,Seed Funding,4.78,i2e1,['growx ventures'],seed funding,new delhi,False
2015-12-10,holisol logistics,Supply Chain & Logistics Solutions,Unknown,CLSA Capital Partners ARIA IV Funds,Private Equity,95.67,holisol logistics,['clsa capital partners aria iv funds'],private equity,new delhi,False
2015-12-10,stay simple resorts,Holiday Resort Chain,Unknown,"Mr. Sudhir & Ms. Shalini Sethi, Mr. Praveen Someshwar",Seed Funding,0.0,stay simple resorts,"['mr. sudhir & ms. shalini sethi', 'mr. praveen someshwar']",seed funding,bengaluru,False
2015-12-10,paynear,Mobile Point of Sale solutions,Unknown,Mitesh Majithia,Private Equity,23.92,paynear,['mitesh majithia'],private equity,hyderabad,False
2015-12-10,chillr,Peer-to-Peer Money Transfer & Recharge App,Unknown,"Sequoia Capital, Blume Ventures, Uniqorn Ventures and other",Private Equity,669.69,chillr,"['sequoia capital', 'blume ventures', 'uniqorn ventures', 'other']",private equity,mumbai,False
2015-12-11,eureqa,Test Automation SAAS platform,Unknown,"Sashi Reddi, Gabriel Investments",Seed Funding,5.74,eureqa,"['sashi reddi', 'gabriel investments']",seed funding,hyderabad/usa,True
2015-12-11,localcircles,Citizens Engagement Platform,Unknown,Anand Mahindra,Private Equity,0.0,localcircles,['anand mahindra'],private equity,noida,False
2015-12-11,getfocus,Indoor Navigation & Analytics Solutions,Unknown,Undisclosed investors,Seed Funding,0.0,getfocus,['undisclosed investors'],seed funding,mumbai,False
2015-12-11,urbanclap,Hyperlocal On-Demand Household Services platform,Unknown,Ratan Tata,Private Equity,0.0,urbanclap,['ratan tata'],private equity,gurgaon,False
2015-12-11,onlinerti,Online RTI application services,Unknown,"LetsVenture, Mohandas Pai",Seed Funding,1.44,onlinerti,"['letsventure', 'mohandas pai']",seed funding,bengaluru,False
2015-12-11,powerstores,ECommerce Website Creation SAAS platform,Unknown,Extreme Venture Partners\\xc2\\xa0 William Bissell,Seed Funding,0.0,powerstores,['extreme venture partners  william bissell'],seed funding,goa,False
2015-12-11,weddingz,Wedding Venues & Vendors Marketplace,Unknown,"Rajan Anandan, Zoya Akhtar, Reema Kagati, Ruchi Narain, Amrish Kumar, Hrishikesh Parandekar",Seed Funding,9.57,weddingz,"['rajan anandan', 'zoya akhtar', 'reema kagati', 'ruchi narain', 'amrish kumar', 'hrishikesh parandekar']",seed funding,mumbai,False
2015-12-11,intelligent interfaces,Interface development platform for Government officials,Unknown,"Sachin Bansal, Binny Bansal",Seed Funding,0.0,intelligent interfaces,"['sachin bansal', 'binny bansal']",seed funding,bengaluru,False
2015-12-14,capricoast,Modular Furnishings Marketplace,Unknown,"Accel Partners India, RB Investments",Private Equity,33.48,capricoast,"['accel partners india', 'rb investments']",private equity,bengaluru,False
2015-12-14,jetsetgo,Private Jet Bookings Marketplace,Unknown,Puneet Dalmia,Private Equity,0.0,jetsetgo,['puneet dalmia'],private equity,bengaluru,False
2015-12-14,cabsguru,Cab search Comparison & Booking platform,Unknown,Prashanth Ranganathan,Seed Funding,1.91,cabsguru,['prashanth ranganathan'],seed funding,new delhi,False
2015-12-14,whoop,Performance Optimization Platform for athletes,Unknown,Infosys,Private Equity,28.7,whoop,['infosys'],private equity,boston,False
2015-12-15,bookeventz,Event Venue Booking Platform,Unknown,"Mumbai Angels, Singapore Angel Network, Zishaan Hayath",Seed Funding,0.0,bookeventz,"['mumbai angels', 'singapore angel network', 'zishaan hayath']",seed funding,mumbai,False
2015-12-15,deal street asia,Digital Media Platform,Unknown,"Vijay Shekhar Sharma, Singapore Angels Network",Seed Funding,0.0,deal street asia,"['vijay shekhar sharma', 'singapore angels network']",seed funding,singapore,False
2015-12-15,streamoid,visual search and discovery platform,Unknown,Undisclosed,Seed Funding,9.57,streamoid,['undisclosed'],seed funding,bangalore / palo alto,True
2015-12-16,housejoy,Home services marketplace,Unknown,"Amazon, Vertex Ventures, Qualcomm, Ru-Net Technology Partners, Matrix Partners",Private Equity,215.26,housejoy,"['amazon', 'vertex ventures', 'qualcomm', 'ru-net technology partners', 'matrix partners']",private equity,bengaluru,False
2015-12-16,bluebirch,End to End reverse logistics Solution platform,Unknown,"Chicago Capital Ventures, Sanjay Mehta, Others",Seed Funding,19.13,bluebirch,"['chicago capital ventures', 'sanjay mehta', 'others']",seed funding,bengaluru,False
2015-12-16,meradoctor,Virtual Health consultation app,Unknown,Unilazer,Private Equity,11.48,meradoctor,['unilazer'],private equity,mumbai,False
2015-12-16,stage 3,Online Renting platform,Unknown,"Nisha Sharma, Puneet Dalmia, Balaji Prabhakar",Seed Funding,0.0,stage 3,"['nisha sharma', 'puneet dalmia', 'balaji prabhakar']",seed funding,new delhi,False
2015-12-17,rivigo,Logistics Services Provider,Unknown,SAIF Partners and others,Private Equity,287.01,rivigo,"['saif partners', 'others']",private equity,gurgaon,False
2015-12-17,springboard,Data Science & UX design Learning platform,Unknown,"Allen Blue, John Katzman, Naveen Tewari, Kartik Hosanagar, Kashyap Deorah, 500 Startups, Blue Fog Capital",Seed Funding,16.26,springboard,"['allen blue', 'john katzman', 'naveen tewari', 'kartik hosanagar', 'kashyap deorah', '500 startups', 'blue fog capital']",seed funding,bengaluru,False
2015-12-17,eatfresh,Online marketplace for Chef Meals,Unknown,Kalaari Capital,Private Equity,0.0,eatfresh,['kalaari capital'],private equity,bengaluru,False
2015-12-18,ampere vehicles,Electric Bike Manufacturers,Unknown,Kris Gopalakrishnan & Others,Seed Funding,11.48,ampere vehicles,['kris gopalakrishnan & others'],seed funding,coimbatore,False
2015-12-18,focus digit,ECommerce platform solutions,Unknown,Turning Ideas,Seed Funding,0.0,focus digit,['turning ideas'],seed funding,new delhi,False
2015-12-18,the news minute,Online Media Publication,Unknown,Quintillion Media,Seed Funding,0.0,the news minute,['quintillion media'],seed funding,bengaluru,False
2015-12-18,cbrex,International Hiring Platform,Unknown,"Prahlad Rao, Sundara Rajan, Vikram Chachra",Seed Funding,1.91,cbrex,"['prahlad rao', 'sundara rajan', 'vikram chachra']",seed funding,mumbai / ny,True
2015-12-21,truckmandi,Logistics Service Provider Marketplace,Unknown,"Ritesh Dwivedy, Ramakant Sharma, Mount Nathan Advisors",Private Equity,19.13,truckmandi,"['ritesh dwivedy', 'ramakant sharma', 'mount nathan advisors']",private equity,new delhi,False
2015-12-21,peppertap,Hyperlocal\\xc2\\xa0 Grocery Delivery Service,Unknown,Innoven Capital,Private Equity,38.27,peppertap,['innoven capital'],private equity,gurgaon,False
2015-12-21,kooh sports,Sports Education Platform,Unknown,"TCS, HDFC, Faering Capital, Elevate Sports",Private Equity,19.13,kooh sports,"['tcs', 'hdfc', 'faering capital', 'elevate sports']",private equity,mumbai,False
2015-12-22,rentongo,"Bike, Appliances Renting marketplace",Unknown,"Anand Chandrasekaran, Rajesh Sawhney, Kalpana Tatavarti, Shivanandan Pare",Seed Funding,0.0,rentongo,"['anand chandrasekaran', 'rajesh sawhney', 'kalpana tatavarti', 'shivanandan pare']",seed funding,bengaluru,False
2015-12-22,industrybuying,Online Marketplace for Industrial Goods,Unknown,"Murugappa Group, TVS Group, Vellayan Subbiah, Arathi Krishna, Arun Venkatachalam",Seed Funding,0.0,industrybuying,"['murugappa group', 'tvs group', 'vellayan subbiah', 'arathi krishna', 'arun venkatachalam']",seed funding,new delhi,False
2015-12-22,zapr,Reward points mobile app,Unknown,Dinesh Agarwal,Seed Funding,0.0,zapr,['dinesh agarwal'],seed funding,gurgaon,False
2015-12-22,latestone,Mobile accessories online store,Unknown,Palred Technologies Ltd,Private Equity,28.7,latestone,['palred technologies ltd'],private equity,hyderabad,False
2015-12-22,planetgogo,Content Discovery & reward points platform,Unknown,HT Digital Media Holdings Ltd,Seed Funding,0.0,planetgogo,['ht digital media holdings ltd'],seed funding,gurgaon,False
2015-12-22,arya,Artificial Intelligence platform,Unknown,"YourNest Angel Fund, Venture Nursery",Private Equity,7.18,arya,"['yournest angel fund', 'venture nursery']",private equity,mumbai,False
2015-12-22,doctor insta,Medical Consultation & Doctor appointment booking platform,Unknown,"Rishi Parti, BrahmaX Ventures",Private Equity,4.78,doctorinsta,"['rishi parti', 'brahmax ventures']",private equity,gurgaon,False
2015-12-22,mobiefit,Mobile Fitness App,Unknown,Medi Assist,Private Equity,9.57,mobiefit,['medi assist'],private equity,goa,False
2015-12-23,lafalafa,"Digital Coupons, Deal & Cashback aggregator app",Unknown,Vectr Ventures,Private Equity,0.0,lafalafa,['vectr ventures'],private equity,mumbai,False
2015-12-23,mech mocha,Mobile Game development & Design platform,Unknown,"Blume Ventures, Flipkart",Seed Funding,9.57,mech mocha,"['blume ventures', 'flipkart']",seed funding,bengaluru,False
2015-12-23,shotang,B2B eCommerce Marketplace,Unknown,"Exfinity Venture Partners, Unitus Impact Livelihoods Fund",Private Equity,47.84,shotang,"['exfinity venture partners', 'unitus impact livelihoods fund']",private equity,bengaluru,False
2015-12-23,cityfurnish,Furniture and appliances rental platform,Unknown,Jitendra Gupta,Seed Funding,0.0,cityfurnish,['jitendra gupta'],seed funding,gurgaon,False
2015-12-24,black white orange,B2B Merchandize platform,Unknown,Collaborative Licensing Ventures LLP,Seed Funding,2.9,black white orange,['collaborative licensing ventures llp'],seed funding,mumbai,False
2015-12-24,kolabro,Real Estate focused Tech platform,Unknown,"Umang Kumar, Ruchir Arora & others",Seed Funding,0.0,kolabro,"['umang kumar', 'ruchir arora & others']",seed funding,gurgaon,False
2015-12-24,canvera,Photographer Online search & booking platform,Unknown,Info Edge (India) Ltd,Private Equity,21.05,canvera,['info edge (india) ltd'],private equity,bengaluru,False
2015-12-28,town essentials,Grocery Delivery platform,Unknown,"Sharad Hegde, Girish Reddy, Siddharth Patil, Shrikant Patil",Seed Funding,9.57,town essentials,"['sharad hegde', 'girish reddy', 'siddharth patil', 'shrikant patil']",seed funding,bengaluru,False
2015-12-28,bumper,Mobile Car Servicing appointment app,Unknown,SAIF Partners,Seed Funding,4.78,bumper,['saif partners'],seed funding,bengaluru,False
2015-12-29,hotify,New Curation Mobile App,Unknown,Mahavir Pratap Sharma,Seed Funding,1.44,hotify,['mahavir pratap sharma'],seed funding,bengaluru,False
2015-12-29,mobikwik,Mobile Wallet,Unknown,"Sequoia Capital, Tree Line Asia, Innoven Capital",Private Equity,63.14,mobikwik,"['sequoia capital', 'tree line asia', 'innoven capital']",private equity,gurgaon,False
2015-12-30,intelligent interfaces,Interface development platform for Government officials,Unknown,Yuvraj Singh,Seed Funding,0.0,intelligent interfaces,['yuvraj singh'],seed funding,bengaluru,False
2015-11-02,twigly,Online Food Ordering & Delivery platform,Unknown,"Amit Gupta, Sahil Barua, Mukul Singhal, Tracxn Labs",Seed Funding,1.91,twigly,"['amit gupta', 'sahil barua', 'mukul singhal', 'tracxn labs']",seed funding,gurgaon,False
2015-11-02,cityflo,Bus Aggregation and rental mobile app,Unknown,IDG Ventures,Seed Funding,7.18,cityflo,['idg ventures'],seed funding,mumbai,False
2015-11-03,findyahan,hyperlocal online Services platform,Unknown,Times Group Brand Capital,Private Equity,0.0,findyahan,['times group brand capital'],private equity,noida,False
2015-11-03,sabse,WiFi \xe2\x80\x93 first Cloud communication platform,Unknown,Ratan Tata,Private Equity,0.0,sabse,['ratan tata'],private equity,mumbai,False
2015-11-03,pokkt,Alternate Mobile Monetization platform,Unknown,"Segnel Venture, Shinji Kimura, Sundar Chanrai, JAFCO Asia, SingTel\\xe2\\x80\\x99s Innov8, Jungle Ventures, K Ganesh",Private Equity,47.84,pokkt,"['segnel venture', 'shinji kimura', 'sundar chanrai', 'jafco asia', ""singtel's innov8"", 'jungle ventures', 'k ganesh']",private equity,mumbai,False
2015-11-03,oibanit,Online Food Ordering Marketplace,Unknown,"Varun Ahuja, Anubhav Verma",Seed Funding,1.44,oibanit,"['varun ahuja', 'anubhav verma']",seed funding,vadodara,False
2015-11-03,stuffed,Quick Service Restaurant & Online Delivery,Unknown,Riqueza Capital,Seed Funding,3.68,stuffed,['riqueza capital'],seed funding,mumbai,False
2015-11-03,loanbaba,Online Loans Marketplace,Unknown,Undisclosed,Seed Funding,3.06,loanbaba,['undisclosed'],seed funding,mumbai,False
2015-11-03,deyor rooms,Budget Hotels Aggregator,Unknown,Dheeraj Jain & Others,Seed Funding,4.78,deyor rooms,['dheeraj jain & others'],seed funding,new delhi,False
2015-11-03,bidgely,Efficient Energy Management platform,Unknown,"Constellation Technology Ventures (Exelon Corporation), E.ON, RWE, Khosla Ventures",Private Equity,158.81,bidgely,"['constellation technology ventures (exelon corporation)', 'e.on', 'rwe', 'khosla ventures']",private equity,usa/india,True
2015-11-04,shirsa labs,Digital Intelligent learning platform,Unknown,ah! Ventures,Seed Funding,2.39,shirsa labs,['ah! ventures'],seed funding,mumbai,False
2015-11-04,paytunes,Voice Call incentivization mobile app,Unknown,CIO Angel Network,Seed Funding,0.0,paytunes,['cio angel network'],seed funding,new delhi,False
2015-11-04,yourdost,Online Counselling and psychological support platform,Unknown,"Phanindra Sama, Aprameya Radhakrishna, Aneesh Reddy, Neeraj Jawalkar, Sanjay Anandaram, Pavan Ongole, Venk Krishnan",Seed Funding,3.83,yourdost,"['phanindra sama', 'aprameya radhakrishna', 'aneesh reddy', 'neeraj jawalkar', 'sanjay anandaram', 'pavan ongole', 'venk krishnan']",seed funding,gwalior,False
2015-11-05,bookmybai,Domestic Help Aggregation platform,Unknown,Vineel Nalla & Others,Seed Funding,1.44,bookmybai,['vineel nalla & others'],seed funding,mumbai,False
2015-11-05,myindianstay,Home Stay & room rentals platform,Unknown,Undisclosed investors,Seed Funding,1.91,myindianstay,['undisclosed investors'],seed funding,goa,False
2015-11-05,bobble,Selfie Mobile App,Unknown,SAIF Partners & others,Private Equity,0.0,bobble,['saif partners & others'],private equity,new delhi,False
2015-11-06,repup,Online Reputation Management Platform,Unknown,Indian Angel Network,Seed Funding,0.0,repup,['indian angel network'],seed funding,gurgaon,False
2015-11-06,satvacart,Online Grocery platform,Unknown,Undisclosed HNIs,Private Equity,17.22,satvacart,['undisclosed hnis'],private equity,gurgaon,False
2015-11-06,popxo,Online content platform for women,Unknown,"IDG Ventures India, Kalaari Capital, 500 Startups",Private Equity,19.13,popxo,"['idg ventures india', 'kalaari capital', '500 startups']",private equity,new delhi,False
2015-11-06,spareshub,Online Vehicle Spare Parts etailer,Unknown,"Hyderabad Angels, M&S Partners",Seed Funding,4.4,spareshub,"['hyderabad angels', 'm&s partners']",seed funding,pune,False
2015-11-06,explara,Event Ticketing platform,Unknown,"Hyderabad Angels, Singapore Angel Network, Ness Wadia",Private Equity,4.69,explara,"['hyderabad angels', 'singapore angel network', 'ness wadia']",private equity,pune,False
2015-11-06,soothe healthcare,affordable Personal Healthcare Products,Unknown,Saina Nehwal,Seed Funding,0.0,soothe healthcare,['saina nehwal'],seed funding,noida,False
2015-11-06,yuvi hospitality,Premium dining Lounges & restaurants,Unknown,Chandralekha Construction Pvt. Ltd.,Private Equity,143.5,yuvi hospitality,['chandralekha construction pvt. ltd.'],private equity,gurgaon,False
2015-11-09,appvirality,Mobile Growth Hacking\\nPlatform,Unknown,"Rajan Anandan, Mike Galgon, Ravi Gururaj, Ashim Mehra,\\xc2\\xa0 Mohit Saxena, Internet Group, TNN Capital and others",Seed Funding,4.78,appvirality,"['rajan anandan', 'mike galgon', 'ravi gururaj', 'ashim mehra', 'mohit saxena', 'internet group', 'tnn capital', 'others']",seed funding,hyderabad,False
2015-11-09,istar skill development,Skill Training Startup,Unknown,"Michael & Susan Dell Foundation, Unitus Seed Fund",Private Equity,14.35,istar skill development,"['michael & susan dell foundation', 'unitus seed fund']",private equity,bengaluru,False
2015-11-09,bigstylist,Beauty and Wellness Marketplace,Unknown,Info Edge,Private Equity,9.57,bigstylist,['info edge'],private equity,mumbai,False
2015-11-09,zilingo,Marketplace App for Bangkok,Unknown,"Sequoia India, BEENEXT Ventures, Kunal Shah & Sandeep Tandon",Private Equity,18.18,zilingo,"['sequoia india', 'beenext ventures', 'kunal shah & sandeep tandon']",private equity,bangalore/ bangkok,True
2015-11-09,didi,On-demand Maids Service Provider,Unknown,"Jozef Bardik, Leo Wang Sangeeth Ram",Seed Funding,1.44,didi,"['jozef bardik', 'leo wang sangeeth ram']",seed funding,mumbai,False
2015-11-09,skoov,eCommerce Product Search Engine,Unknown,undisclosed investor,Seed Funding,1.44,skoov,['undisclosed investor'],seed funding,mumbai,False
2015-11-10,chefs basket,Ready to cook packaged Foods,Unknown,"SAIF Partners, Haresh Chawla",Private Equity,57.4,chefs basket,"['saif partners', 'haresh chawla']",private equity,mumbai,False
2015-11-11,gingercrush,Product Customization Platform,Unknown,TV Mohandas Pai\\xe2\\x80\\x99s family office,Seed Funding,0.0,gingercrush,"[""tv mohandas pai's family office""]",seed funding,vadodara,False
2015-11-11,delight foods,Branded Food products online sales,Unknown,"Lensbridge Capital, Mape Advisory Group, Fireside Ventures",Private Equity,5.74,delight foods,"['lensbridge capital', 'mape advisory group', 'fireside ventures']",private equity,bengaluru,False
2015-11-11,6degree,Talent platform for Fashion professionals,Unknown,"Centre For Incubation & Business Acceleration (CIBA), Goa",Seed Funding,0.0,6degree,"['centre for incubation & business acceleration (ciba)', 'goa']",seed funding,goa/hyderabad,True
2015-11-11,renewbuy,Auto Insurance Online platform,Unknown,Mount Nathan Advisors Pte Ltd,Seed Funding,4.78,renewbuy,['mount nathan advisors pte ltd'],seed funding,gurgaon,False
2015-11-11,grab,Hyperlocal Logistics Service Provider,Unknown,Sixth Sense Ventures,Seed Funding,0.0,grab,['sixth sense ventures'],seed funding,mumbai,False
2015-11-12,hitwicket,Cricket Management Mobile Game,Unknown,Chennai Angels,Seed Funding,2.39,hitwicket,['chennai angels'],seed funding,hyderabad,False
2015-11-13,flashdoor,On Demand Laundry Service platform,Unknown,"Sujeet Kumar, Ankit Nagori, Traxcn Labs",Seed Funding,0.0,flashdoor,"['sujeet kumar', 'ankit nagori', 'traxcn labs']",seed funding,bengaluru,False
2015-11-16,cashkaro,Ecommerce Discount & Cashback coupons platform,Unknown,Kalaari Capital,Private Equity,35.4,cashkaro,['kalaari capital'],private equity,gurgaon,False
2015-11-16,absentia,Virtual Reality Headset creator,Unknown,"Astarc Ventures, 50K Ventures & others",Seed Funding,1.72,absentia,"['astarc ventures', '50k ventures & others']",seed funding,bengaluru,False
2015-11-16,renowala,Home Improvement Service platform,Unknown,Logtally,Seed Funding,0.0,renowala,['logtally'],seed funding,hyderabad,False
2015-11-16,taskbucks,mobile-only tasks marketplace,Unknown,Times Internet,Private Equity,143.5,taskbucks,['times internet'],private equity,new delhi,False
2015-11-17,craftsvilla,Women Ethnic Wear\\xc2\\xa0 Online Marketplace,Unknown,"Sequoia India, Lightspeed Venture Partners, Nexus Venture Partners, Global Founders Capital, Apoletto",Private Equity,325.28,craftsvilla,"['sequoia india', 'lightspeed venture partners', 'nexus venture partners', 'global founders capital', 'apoletto']",private equity,mumbai,False
2015-11-17,julia computing,Numerical Computing & Data Science Platform,Unknown,Gordon and Betty Moore Foundation,Seed Funding,5.74,julia computing,"['gordon', 'betty moore foundation']",seed funding,bengaluru,False
2015-11-17,styletag,Designer fashion Jewellery Marketplace,Unknown,Jitu Virwani,Seed Funding,71.75,styletag,['jitu virwani'],seed funding,bengaluru,False
2015-11-17,smytten,Online Products Discovery Platform,Unknown,"Rimpal Chawla, Anuj Srivastava",Seed Funding,1.91,smytten,"['rimpal chawla', 'anuj srivastava']",seed funding,gurgaon,False
2015-11-17,bibox,Kids Tool kit for Innovation platform,Unknown,Ravi Krishnamurthy,Seed Funding,5.07,bibox,['ravi krishnamurthy'],seed funding,bengaluru,False
2015-11-17,convegenius,Mobile Learning Solutions,Unknown,Enablers platform,Seed Funding,2.87,convegenius,['enablers platform'],seed funding,noida / singapore,True
2015-11-18,ola,Car Aggregator & Retail Mobile App,Unknown,"Baillie Gifford, Falcon Edge Capital, Tiger Global, SoftBank Group, DST Global, Didi Kuaidi",Private Equity,4783.5,ola,"['baillie gifford', 'falcon edge capital', 'tiger global', 'softbank group', 'dst global', 'didi kuaidi']",private equity,bengaluru,False
2015-11-18,goodbox,conversational commerce mobile app,Unknown,Nexus Venture Partners,Private Equity,23.92,goodbox,['nexus venture partners'],private equity,bengaluru,False
2015-11-18,scoopwhoop,Viral Content web Platform,Unknown,Kalaari Capital,Private Equity,38.27,scoopwhoop,['kalaari capital'],private equity,new delhi,False
2015-11-18,hipship,Express local delivery platform,Unknown,"Inara Capital , Rishi Khiani",Seed Funding,0.0,hipship,"['inara capital ', 'rishi khiani']",seed funding,bengaluru,False
2015-11-18,pickrr,On-Demand Local Logistics provider,Unknown,Palaash Ventures,Seed Funding,0.0,pickrr,['palaash ventures'],seed funding,new delhi,False
2015-11-18,truelancer,Curated Freelancer Marketplace,Unknown,"Blackstone Valley Group, Raghu Vohra, Aditya Dev Sood, Kamal Bansal",Seed Funding,0.0,truelancer,"['blackstone valley group', 'raghu vohra', 'aditya dev sood', 'kamal bansal']",seed funding,new delhi,False
2015-11-19,aha taxis,Online Taxi Rental Platform,Unknown,ah! Ventures,Seed Funding,0.0,aha taxis,['ah! ventures'],seed funding,noida,False
2015-11-19,urbanclap,Mobile Services Marketplace,Unknown,"Bessemer Venture Partner, Accel, SAIF Partners",Private Equity,239.18,urbanclap,"['bessemer venture partner', 'accel', 'saif partners']",private equity,gurgaon,False
2015-11-19,sensegiz,Smartwatch Maker,Unknown,Karnataka Semiconductor Venture Capital firm,Seed Funding,4.78,sensegiz,['karnataka semiconductor venture capital firm'],seed funding,belgaum,False
2015-11-19,placeoforigin,Online Gourmet Food Marketplace,Unknown,"S.D. Shibulal, Kris Gopalakrishnan, Srinath Batni, Professor Tarun Khanna,\\xc2\\xa0 Ganapathy Venugopal.",Seed Funding,0.0,placeoforigin,"['s.d. shibulal', 'kris gopalakrishnan', 'srinath batni', 'professor tarun khanna', 'ganapathy venugopal.']",seed funding,bengaluru,False
2015-11-19,fourseven,Online Jewellery etailer,Unknown,Indian Angel Network,Seed Funding,4.35,fourseven,['indian angel network'],seed funding,new delhi,False
2015-11-20,mindtickle,Sales & Productivity Software,Unknown,New Enterprise Associates,Private Equity,119.59,mindtickle,['new enterprise associates'],private equity,pune / us,True
2015-11-20,shopsense,ecommerce related software product platform,Unknown,"Kae Capital, Kunal Bahl, Rohit Bansal",Seed Funding,0.0,shopsense,"['kae capital', 'kunal bahl', 'rohit bansal']",seed funding,mumbai,False
2015-11-20,medinfi,Health-Tech platform,Unknown,"Ram Kumar Kakani, Pradeep K Jaisingh, Sunil T V, Vijay Ghadge, Hemant Kaul, Gurmeet Chahal & Others",Seed Funding,2.92,medinfi,"['ram kumar kakani', 'pradeep k jaisingh', 'sunil t v', 'vijay ghadge', 'hemant kaul', 'gurmeet chahal & others']",seed funding,bengaluru,False
2015-11-20,ouwt,Nightlife Discovery Mobile App,Unknown,Undisclosed investors,Seed Funding,1.44,ouwt,['undisclosed investors'],seed funding,mumbai,False
2015-11-20,heypillow,Online Real Estate Marketplace,Unknown,Hampton Capital,Private Equity,28.7,heypillow,['hampton capital'],private equity,bengaluru,False
2015-11-21,healers at home,"Home Healthcare Services platform,",Unknown,"Daljit Singh, Dr. Pramath Raj Sinha, BVR Mohan Reddy",Seed Funding,0.0,healers at home,"['daljit singh', 'dr. pramath raj sinha', 'bvr mohan reddy']",seed funding,new delhi,False
2015-11-21,caravan craft,Indian Ethnic Crafts Etailer,Unknown,"Unitus Seed Fund, Bijou Kurien, Narayan Ramachandran",Private Equity,11.48,caravan craft,"['unitus seed fund', 'bijou kurien', 'narayan ramachandran']",private equity,bengaluru,False
2015-11-21,talkoot,Social platform for traders and investors,Unknown,Undisclosed investors,Seed Funding,0.96,talkoot,['undisclosed investors'],seed funding,bengaluru,False
2015-11-23,rentomojo,"Online Furniture, Home Appliances Rental Platform",Unknown,"IDG Ventures India,\\xc2\\xa0 Accel Partners India",Private Equity,19.13,rentmojo,"['idg ventures india', 'accel partners india']",private equity,bengaluru,False
2015-11-23,medikoe,Healthcare Services Discovery platform,Unknown,Anil Menon,Seed Funding,0.96,medikoe,['anil menon'],seed funding,bengaluru,False
2015-11-24,stylofie,Health and Beauty Services Marketplace,Unknown,Swastika,Seed Funding,2.39,stylofie,['swastika'],seed funding,gurgaon,False
2015-11-24,servx,Automotive Services platform,Unknown,Manish Gupta,Seed Funding,0.0,servx,['manish gupta'],seed funding,new delhi,False
2015-11-24,naaptol,Online and TV Shopping Marketplace,Unknown,"Mitsui & Co., New Enterprise Associates, Canaan Partners, Silicon Valley Bank",Private Equity,497.48,naaptol,"['mitsui & co.', 'new enterprise associates', 'canaan partners', 'silicon valley bank']",private equity,mumbai,False
2015-11-24,crayon data,Big Data Analytics Platform,Unknown,Ratan Tata,Private Equity,0.0,crayon data,['ratan tata'],private equity,chennai/ singapore,True
2015-11-25,earlysalary,Mobile App based Loan disbursement platform,Unknown,Ashok Agarwal,Seed Funding,14.35,earlysalary,['ashok agarwal'],seed funding,mumbai,False
2015-11-25,tooler,On Demand Laundry Services App,Unknown,"Raghu Khanna, Sameer Gupta",Seed Funding,1.05,tooler,"['raghu khanna', 'sameer gupta']",seed funding,new delhi,False
2015-11-25,s chand,Education Content Provider,Unknown,IFC Everstone Group,Private Equity,258.31,s chand,['ifc everstone group'],private equity,new delhi,False
2015-11-26,stelae,Content Management Software Solutions,Unknown,Earlsfield Capital,Private Equity,0.0,stelae,['earlsfield capital'],private equity,chennai,False
2015-11-26,goqii,Fitness Tracking Management Solutions,Unknown,"New Enterprise Associates, Cheetah Mobile",Private Equity,128.2,goqii,"['new enterprise associates', 'cheetah mobile']",private equity,mumbai,False
2015-11-26,grofers,Hyper-local Grocery Delivery platform,Unknown,"Softbank, Tiger Global, Sequoia Capital, Apoletto Managers",Private Equity,1148.04,grofers,"['softbank', 'tiger global', 'sequoia capital', 'apoletto managers']",private equity,gurgaon,False
2015-11-26,pluss,Hyperlocal healthcare product Delivery Service provider,Unknown,"IDG Ventures, M & S partners, Powerhouse Ventures (USA).",Private Equity,9.57,pluss,"['idg ventures', 'm & s partners', 'powerhouse ventures (usa).']",private equity,gurgaon,False
2015-11-26,kountmoney,Online Lending Marketplace,Unknown,"Tracxn, Ashish Goenka & Others",Seed Funding,0.0,kountmoney,"['tracxn', 'ashish goenka & others']",seed funding,bengaluru,False
2015-11-27,stayglad,On Demand Beauty Services Platform,Unknown,"Bessemer Venture Partners, Anil Chopra",Private Equity,0.0,stayglad,"['bessemer venture partners', 'anil chopra']",private equity,bengaluru,False
2015-11-27,justride,Self Driven Rental Car Platform,Unknown,Undisclosed,Private Equity,19.13,jusride,['undisclosed'],private equity,mumbai,False
2015-11-27,fastudent,Education Content etailer,Unknown,Ashish Gupta,Seed Funding,0.0,fastudent,['ashish gupta'],seed funding,noida,False
2015-11-27,learnon,Clud based Learning platform,Unknown,JMR Infotech India Pvt Ltd,Seed Funding,0.0,learnon,['jmr infotech india pvt ltd'],seed funding,chennai,False
2015-11-27,talentrack,Talent Exchange & Talent Services Marketplace,Unknown,Unigrowth Inc,Seed Funding,0.0,talentrack,['unigrowth inc'],seed funding,new delhi,False
2015-11-28,m-taxi,Two-Wheeler Taxi Service,Unknown,"Mandeep Singh, Jairaj Singh",Seed Funding,0.0,m-taxi,"['mandeep singh', 'jairaj singh']",seed funding,gurgaon,False
2015-11-30,baxi,Two-Wheeler Taxi Service,Unknown,"Manish Kheterpal, Alok Mittal,\\xc2\\xa0 Puneet Dalmia,",Seed Funding,13.87,baxi,"['manish kheterpal', 'alok mittal', 'puneet dalmia', '']",seed funding,gurgaon,False
2015-11-30,superhero brands,character merchandize sales platform,Unknown,DSG Consumer Partners,Seed Funding,5.17,superhero brands,['dsg consumer partners'],seed funding,mumbai,False
2015-11-30,momagic,Mobile Application Developer,Unknown,FIH Mobile Ltd,Private Equity,0.0,momagic,['fih mobile ltd'],private equity,new delhi,False
2015-11-30,qikpod,Ecommerce Delivery locker services,Unknown,"Flipkart, Accel Partners, Delhivery, Foxconn",Private Equity,86.1,qikpod,"['flipkart', 'accel partners', 'delhivery', 'foxconn']",private equity,bengaluru,False
2015-11-30,butterfly interactive,extra curricular activities marketplace app,Unknown,Undisclosed investors,Seed Funding,0.0,butterfly interactive,['undisclosed investors'],seed funding,new delhi,False
2015-11-30,bro4u,Hyperlocal Online Home services provider,Unknown,Sargod Ventures,Seed Funding,0.0,bro4u,['sargod ventures'],seed funding,bengaluru,False
2015-10-01,indifi,Easy Business Loans platform,Unknown,"Accel Partners, Elevar Equity, Pramod Bhasin, Rajan Anandan, Gaurav Dalmia, Abhishek Goyal, Gagan Hasteer , Arun Tadanki",Seed Funding,0.0,indifi,"['accel partners', 'elevar equity', 'pramod bhasin', 'rajan anandan', 'gaurav dalmia', 'abhishek goyal', 'gagan hasteer ', 'arun tadanki']",seed funding,gurgaon,False
2015-10-01,wydr,Performance based Wholesale Marketplace,Unknown,Sandeep Aggarwal,Seed Funding,0.0,wydr,['sandeep aggarwal'],seed funding,new delhi,False
2015-10-01,easyfix,Professional Services Marketplace,Unknown,Axilor Ventures,Seed Funding,0.0,easyfix,['axilor ventures'],seed funding,gurgaon,False
2015-10-01,muvizz,Movie-on-demand platform,Unknown,"Ashish Todi, Abhinav Patodia, Kumar Shwetabh",Seed Funding,3.35,muvizz,"['ashish todi', 'abhinav patodia', 'kumar shwetabh']",seed funding,singapore,False
2015-10-01,abhibus,us ticketing and fleet management platform,Unknown,Paytm (One97 communications),Private Equity,0.0,abhibus,['paytm (one97 communications)'],private equity,hyderabad,False
2015-10-01,cleartax,Online Income Tax Filing platform,Unknown,Paytm (One97 communications),Private Equity,0.0,cleartax,['paytm (one97 communications)'],private equity,new delhi,False
2015-10-02,shopalyst,Product discovery & recommendation platform,Unknown,Kalaari Capital,Private Equity,19.13,shopalyst,['kalaari capital'],private equity,bengaluru,False
2015-10-03,chillr,Mobile Payments App,Unknown,Sequoia Capital,Private Equity,57.4,chillr,['sequoia capital'],private equity,mumbai,False
2015-10-05,nykaa,Beauty & Wellness Products e-tailer,Unknown,"Harsh Mariwala, Atul Nishar, Dalip Pathak, Michael Carlos",Private Equity,90.89,nykaa,"['harsh mariwala', 'atul nishar', 'dalip pathak', 'michael carlos']",private equity,mumbai,False
2015-10-05,voylla,Fashion jewelry and accessories e-tailer,Unknown,Peepul Capital,Private Equity,143.5,voylla,['peepul capital'],private equity,jaipur,False
2015-10-05,indialends,Online Consumer Lending platform,Unknown,"DSG consumer Partners, Paragon Partners",Private Equity,9.57,indialends,"['dsg consumer partners', 'paragon partners']",private equity,new delhi,False
2015-10-05,rock n shop,Premium Apparel shopping portal,Unknown,High Networth Individuals (undisclosed),Seed Funding,1.44,rock n shop,['high networth individuals (undisclosed)'],seed funding,new delhi,False
2015-10-06,docplexus,Exclusive Platform for Doctors & Healthcare professionals,Unknown,"Uniqorn ventures, ASP Consulting",Seed Funding,6.7,docplexus,"['uniqorn ventures', 'asp consulting']",seed funding,pune,False
2015-10-06,workindia,Job Board,Unknown,"Satyen Kothari, Keshav Sanghi, Riddhesh Gandhi & Others",Seed Funding,4.78,workindia,"['satyen kothari', 'keshav sanghi', 'riddhesh gandhi & others']",seed funding,mumbai,False
2015-10-06,sportzvillage,Sports Management & Physical Education Business,Unknown,Gaja Capital Private Equity Fund,Private Equity,95.67,sportzvillage,['gaja capital private equity fund'],private equity,bengaluru,False
2015-10-06,sportybeans,multi-sport program for preschoolers,Unknown,YouWeCan Ventures,Seed Funding,0.0,sportybeans,['youwecan ventures'],seed funding,pune,False
2015-10-06,burger singh,QSR & Online delivery portal,Unknown,"Ashvin Chadha, Avtar Monga, Udaan Angels, Dheeraj Jain",Seed Funding,4.78,burger singh,"['ashvin chadha', 'avtar monga', 'udaan angels', 'dheeraj jain']",seed funding,gurgaon,False
2015-10-06,welcome cure,Online Homeopathy Clinic,Unknown,Unnamed Media house and HNIs,Private Equity,57.4,welcome cure,"['unnamed media house', 'hnis']",private equity,mumbai,False
2015-10-07,schoolguru,E-Learning Service Provider,Unknown,High Networth Individuals from India & USA,Private Equity,28.7,schoolguru,['high networth individuals from india & usa'],private equity,mumbai,False
2015-10-07,naturally yours,Organic Food etailer,Unknown,Sanjay Mehta,Seed Funding,0.0,naturally yours,['sanjay mehta'],seed funding,mumbai,False
2015-10-07,gojavas,Delivery & Logistics Service provider,Unknown,Snapdeal,Private Equity,191.34,gojavas,['snapdeal'],private equity,gurgaon,False
2015-10-07,scandid,Product Discovery & comparison App,Unknown,Micromax Informatics,Private Equity,0.0,scandid,['micromax informatics'],private equity,pune,False
2015-10-07,stalkbuylove,Online Apparels Fashion brand,Unknown,"Mato Peric, Peter Kabel & others",Private Equity,0.0,stalkbuylove,"['mato peric', 'peter kabel & others']",private equity,new delhi,False
2015-10-08,zupermeal,Home Cooked Food marketplace & Delivery,Unknown,"Sanjeev Kapoor,\\xc2\\xa0 Ravi Saxena & Others",Private Equity,19.13,zupermeal,"['sanjeev kapoor', 'ravi saxena & others']",private equity,mumbai,False
2015-10-08,cube26,Gesture based Mobile Development,Unknown,"Tiger Global Management, Flipkart",Private Equity,73.67,cube26,"['tiger global management', 'flipkart']",private equity,new delhi,False
2015-10-08,mobikon,Hotel Mobile CRM Software platform,Unknown,"Life.SREDA, Qualgro",Private Equity,0.0,mobikon,"['life.sreda', 'qualgro']",private equity,pune / singapore,True
2015-10-08,grabhouse,Rental Accommodation Search platform,Unknown,Sequoia and Kalaari Capital.,Private Equity,95.67,grabhouse,"['sequoia', 'kalaari capital.']",private equity,bengaluru,False
2015-10-08,quifers,Logistics Tech Platform,Unknown,"Vikas Agarwal, Vishal Khare, Sanjeev Kakkar, Smile Group",Seed Funding,2.97,quifers,"['vikas agarwal', 'vishal khare', 'sanjeev kakkar', 'smile group']",seed funding,mumbai,False
2015-10-09,stockroom,Developer Portfolio Showcase platform,Unknown,Undisclosed Investors,Seed Funding,0.67,stockroom,['undisclosed investors'],seed funding,hyderabad,False
2015-10-09,curofy,Doctors Network Mobile App,Unknown,RoundGlass Partners,Private Equity,0.0,curofy,['roundglass partners'],private equity,new delhi,False
2015-10-09,cloud lending,End-to-End Lending platform,Unknown,SF Capital Group,Private Equity,76.54,cloud lending,['sf capital group'],private equity,bangalore / san mateo,True
2015-10-09,inayo,on-demand healthcare marketplace,Unknown,"Kemark Ventures, Amit Ranjan, Zishaan Hayath and Others",Seed Funding,2.87,inayo,"['kemark ventures', 'amit ranjan', 'zishaan hayath', 'others']",seed funding,mumbai,False
2015-10-09,wonobo,360-degree view creating platform,Unknown,Quikr,Private Equity,0.0,wonobo,['quikr'],private equity,bengaluru,False
2015-10-09,kulzy,Advertising & Marketing Community Networking platform,Unknown,"Seedfund, Bedrock Ventures",Seed Funding,9.57,kulzy,"['seedfund', 'bedrock ventures']",seed funding,new delhi,False
2015-10-09,zeppery,Food Ordering & Delivery App,Unknown,Suyash Sharma,Seed Funding,0.74,zeppery,['suyash sharma'],seed funding,new delhi,False
2015-10-12,zify,Ride Sharing platform,Unknown,Sean O\\xe2\\x80\\x99Sullivan & Others,Seed Funding,1.82,zify,"[""sean o'sullivan & others""]",seed funding,hyderabad,False
2015-10-12,faircent,Online P2P lending marketplace,Unknown,Aarin Capital Partners,Private Equity,0.0,faircent,['aarin capital partners'],private equity,gurgaon,False
2015-10-12,bizongo,B2B marketplace for industrial goods,Unknown,Accel Partners,Seed Funding,0.0,bizongo,['accel partners'],seed funding,mumbai,False
2015-10-12,gridle,Cloud Based Collaboration platform,Unknown,LetsVenture,Seed Funding,0.96,gridle,['letsventure'],seed funding,ahmedabad,False
2015-10-12,tripoto,global community for travellers,Unknown,"500 Startups, IDG Ventures & Advantedge fund, Neeraj Arora, Leon Seynave",Private Equity,0.0,tripoto,"['500 startups', 'idg ventures & advantedge fund', 'neeraj arora', 'leon seynave']",private equity,new delhi,False
2015-10-12,mubble,Prepaid Bill manager App,Unknown,Accel Partners,Private Equity,0.0,mubble,['accel partners'],private equity,bengaluru,False
2015-10-13,voodoo,Mobile Only Shopping Assistant,Unknown,SAIF Partners,Seed Funding,9.57,voodoo,['saif partners'],seed funding,new delhi,False
2015-10-13,lookup,Mobile Messaging Assistant App,Unknown,"Khosla Impact, Biz Stone, Catamaran Ventures, Global Founders Capital, European investment fund",Private Equity,23.92,lookup,"['khosla impact', 'biz stone', 'catamaran ventures', 'global founders capital', 'european investment fund']",private equity,bengaluru,False
2015-10-14,askmygift,Personalized Wish List creator app,Unknown,Turning Ideas,Seed Funding,0.48,askmygift,['turning ideas'],seed funding,noida,False
2015-10-14,gaana,Music Streaming mobile app,Unknown,Micromax Informatics Ltd,Private Equity,0.0,gaana,['micromax informatics ltd'],private equity,mumbai,False
2015-10-14,zappfresh,Raw Meat & Ready to eat food etailer,Unknown,Undisclosed Investors,Seed Funding,0.74,zappfresh,['undisclosed investors'],seed funding,gurgaon,False
2015-10-14,gymtrekker,Gym Discovery platform,Unknown,"Dewang Neralla,Roopak Taneja, Manisha Gupta",Seed Funding,0.0,gymtrekker,"['dewang neralla', 'roopak taneja', 'manisha gupta']",seed funding,mumbai,False
2015-10-15,bounty app,Online Purchase rewards app,Unknown,"Fireside Ventures, Mumbai Angels MAPE Advisory Group.",Seed Funding,0.0,bounty app,"['fireside ventures', 'mumbai angels mape advisory group.']",seed funding,bengaluru,False
2015-10-16,homers,Home rental platform,Unknown,"Devesh Rai G, Rajesh Aggarwal, Amitpal Bhutani",Seed Funding,0.0,homers,"['devesh rai g', 'rajesh aggarwal', 'amitpal bhutani']",seed funding,gurgaon,False
2015-10-16,mshipper,Crowdsourced Delivery platform,Unknown,Vijai Laxmi,Seed Funding,0.0,mshipper,['vijai laxmi'],seed funding,new delhi,False
2015-10-16,bolrealty,Real Estate Insights platform,Unknown,Manpreet Singh,Seed Funding,0.0,bolrealty,['manpreet singh'],seed funding,new delhi,False
2015-10-17,s-cube futuretech,Structural & Civil Engg Service Automation,Unknown,Parampara Capital,Private Equity,9.57,s-cube futuretech,['parampara capital'],private equity,mumbai,False
2015-10-19,letsventure,Startup Funding Marketplace,Unknown,"Accel Partners, Anupam Mittal & other marquee investors",Private Equity,0.0,letsventure,"['accel partners', 'anupam mittal & other marquee investors']",private equity,bengaluru,False
2015-10-19,citrus payment,Payments Solution platform,Unknown,"Sequoia Capital, Ascent Capital, eContext Asia, Beenos Asia",Private Equity,239.18,citrus payment,"['sequoia capital', 'ascent capital', 'econtext asia', 'beenos asia']",private equity,mumbai,False
2015-10-19,holidify,Travel Destination Discovery platform,Unknown,Aarti Group,Seed Funding,0.96,holidify,['aarti group'],seed funding,new delhi,False
2015-10-20,primaseller,Order Fulfillment SAAS platform,Unknown,"Dr. Aniruddha Malpani Manish Gupta, M&S Partners & others",Seed Funding,0.0,primaseller,"['dr. aniruddha malpani manish gupta', 'm&s partners & others']",seed funding,bengaluru,False
2015-10-20,opinio,Last Mile Delivery Service,Unknown,"Delhivery, Sands Capital and Accel Partners",Private Equity,66.97,opinio,"['delhivery', 'sands capital', 'accel partners']",private equity,bengaluru,False
2015-10-20,attune technologies,Healthcare IT Solutions & services,Unknown,"Qualcomm Venture, Norwest Venture Partners",Private Equity,95.67,attune technologies,"['qualcomm venture', 'norwest venture partners']",private equity,chennai,False
2015-10-20,ichef,Gourmet Meals Delivery,Unknown,Springboard Ventures,Private Equity,0.0,ichef,['springboard ventures'],private equity,mumbai,False
2015-10-21,jiyo natural,Healthy Meals Food delivery platform,Unknown,Indian Angel Network,Seed Funding,0.0,jiyo natural,['indian angel network'],seed funding,bengaluru,False
2015-10-21,agentdesks,Real Estate Mobile CRM,Unknown,"Sierra Ventures, Cota Capital, Vegas Tech Fund",Seed Funding,28.22,agentdesks,"['sierra ventures', 'cota capital', 'vegas tech fund']",seed funding,new york/ india,True
2015-10-21,white owl brewery,Micro-Brewery,Unknown,"Arihant Patni, RAAY Global Investments",Private Equity,14.64,white owl brewery,"['arihant patni', 'raay global investments']",private equity,mumbai,False
2015-10-21,mealhopper,Home Made Food Marketplace,Unknown,"Alok Bajpai, Rajnish Kumar, Amit Dey",Seed Funding,0.96,mealhopper,"['alok bajpai', 'rajnish kumar', 'amit dey']",seed funding,gurgaon,False
2015-10-21,zenify,residential rental management platform,Unknown,"Atul Jalan, Shrikanth & Bharath",Seed Funding,6.12,zenify,"['atul jalan', 'shrikanth & bharath']",seed funding,bengaluru,False
2015-10-21,stockal,Personalized Stock Intelligence Platform,Unknown,"R Natarajan, Mohan Alexander",Seed Funding,0.0,stockal,"['r natarajan', 'mohan alexander']",seed funding,bengaluru,False
2015-10-23,medd,Personal Diagnostic Mobile App,Unknown,Group of Angel investors,Seed Funding,1.44,medd,['group of angel investors'],seed funding,mumbai,False
2015-10-23,leaping caravan,Online food ordering & Delivery service,Unknown,Group of Angel investors,Seed Funding,1.44,leaping caravan,['group of angel investors'],seed funding,gurgaon,False
2015-10-23,frsh,Online food ordering & Delivery service,Unknown,"Mumbai Angels, Mayank Bhangdia, Kae Capital",Private Equity,9.57,frsh,"['mumbai angels', 'mayank bhangdia', 'kae capital']",private equity,gurgaon,False
2015-10-23,qik stay,Hotel Aggregator & booking platform,Unknown,ID Enablers Pvt Ltd,Seed Funding,2.39,qik stay,['id enablers pvt ltd'],seed funding,new delhi,False
2015-10-26,parcelled,Online Logistics Platform,Unknown,Delhivery,Private Equity,47.84,parcelled,['delhivery'],private equity,bengaluru,False
2015-10-26,almamapper,Online Student & Campus Social Networking platform,Unknown,Oswal Techno Ventures LLP,Seed Funding,3.83,almamapper,['oswal techno ventures llp'],seed funding,ahmedabad,False
2015-10-26,flexing it,Professionals & Project Search Marketplace,Unknown,undisclosed private investors,Seed Funding,4.78,flexing it,['undisclosed private investors'],seed funding,new delhi,False
2015-10-26,netmeds,Online Pharmacy,Unknown,"OrbiMed, Pradip Dadha Group",Private Equity,478.35,netmeds,"['orbimed', 'pradip dadha group']",private equity,chennai,False
2015-10-26,razorpay,Online Payment Gateway,Unknown,"Tiger Global Management, Matrix Partners",Private Equity,86.1,razorpay,"['tiger global management', 'matrix partners']",private equity,jaipur,False
2015-10-27,jombay,Psychometric Test Online Software,Unknown,Ventureworks India,Private Equity,0.0,jombay,['ventureworks india'],private equity,pune,False
2015-10-27,happitoo,Location based Nightlife recommendation\\xc2\\xa0 Platform,Unknown,Unnamed investor,Seed Funding,0.74,happitoo,['unnamed investor'],seed funding,mumbai,False
2015-10-27,care24,Professional Health Services Platform,Unknown,India Quotient,Seed Funding,3.35,care24,['india quotient'],seed funding,mumbai,False
2015-10-27,roadrunnr,Hyperlocal Logistics Service,Unknown,"Sequoia Capital, Nexus Venture Partners",Private Equity,95.67,roadrunnr,"['sequoia capital', 'nexus venture partners']",private equity,bengaluru,False
2015-10-27,simpli5d,Online user engagement platform,Unknown,"Redcliffe Capital, YourNest Angel Fund",Private Equity,0.0,simpli5d,"['redcliffe capital', 'yournest angel fund']",private equity,gurgaon,False
2015-10-28,origa leasing,Asset Financing platform,Unknown,"ah! Ventures, 500 Startups & Other HNIs",Seed Funding,10.52,origa leasing,"['ah! ventures', '500 startups & other hnis']",seed funding,mumbai,False
2015-10-28,smartivity,Virtual Reality activity based learning platform,Unknown,S Chand and Co Pvt Ltd,Seed Funding,1.91,smartivity,"['s chand', 'co pvt ltd']",seed funding,new delhi,False
2015-10-28,urdoorstep,Online Grocery Store,Unknown,Jupiter Capital,Private Equity,0.0,urdoorstep,['jupiter capital'],private equity,bengaluru,False
2015-10-29,tavaga,Investment management platform,Unknown,Tracxn Syndicate,Seed Funding,0.0,tavaga,['tracxn syndicate'],seed funding,mumbai,False
2015-10-29,moglix,Industrial Toons Marketplace,Unknown,"Accel Partner, Jungle Ventures",Private Equity,0.0,moglix,"['accel partner', 'jungle ventures']",private equity,noida,False
2015-10-29,zophop,Public Commute helper App,Unknown,"Amit Singhal, PK Gulati & others",Seed Funding,4.31,zophop,"['amit singhal', 'pk gulati & others']",seed funding,mumbai,False
2015-10-30,niki,Artificial Intelligence Ecommerce Chatbot,Unknown,Unilazer Ventures,Seed Funding,0.0,niki,['unilazer ventures'],seed funding,bengaluru,False
2015-10-30,instavans,Truck Aggregator & Logistics service,Unknown,Suresh Vaswani,Seed Funding,0.0,instavans,['suresh vaswani'],seed funding,bengaluru,False
2015-10-30,lifto,Ridesharing Mobile app,Unknown,"Rajesh Bhatia, Dheeraj Mehta & Others",Seed Funding,1.24,lifto,"['rajesh bhatia', 'dheeraj mehta & others']",seed funding,mumbai,False
2015-10-30,tinyowl,Food Discovery & Delivery Mobile app,Unknown,"Sequoia Capital, Matrix Partners",Private Equity,71.75,tinyowl,"['sequoia capital', 'matrix partners']",private equity,mumbai,False
2015-10-30,toppr,Competitive exam learning platform,Unknown,InnoVen Capital,Private Equity,19.13,toppr,['innoven capital'],private equity,mumbai,False
2015-10-30,kleeto,Document Digitization platform,Unknown,GREX,Seed Funding,2.2,kleeto,['grex'],seed funding,gurgaon,False
2015-10-30,beaconstalk,proximity marketing & Mobile Advertising platform,Unknown,Puneet Bhatia & others,Seed Funding,0.77,beaconstalk,['puneet bhatia & others'],seed funding,mumbai,False
2015-10-31,jugnoo,Autorickshaw Aggregator & Booking platform,Unknown,Paytm,Private Equity,95.67,jugnoo,['paytm'],private equity,chandigarh,False
2015-09-01,toflo,FinTech Startup Incubation platform,Unknown,Tania Johny Palathinkal,Seed Funding,0.96,toflo,['tania johny palathinkal'],seed funding,mumbai,False
2015-09-01,fxmartindia,Payment Services platform,Unknown,Flipkart,Private Equity,0.0,fxmartindia,['flipkart'],private equity,chandigarh,False
2015-09-01,stylecracker,Personalized Styling platform,Unknown,Group of HNI investors,Private Equity,9.57,stylecracker,['group of hni investors'],private equity,mumbai,False
2015-09-01,luxuryhues,Luxury goods\\xc2\\xa0 Shopping Platform,Unknown,Reliance Capital,Private Equity,8.61,luxuryhues,['reliance capital'],private equity,gurgaon,False
2015-09-02,holachef,Food Delivery Platform,Unknown,Ratan Tata,Private Equity,0.0,holachef,['ratan tata'],private equity,mumbai,False
2015-09-02,zivame,Online Lingerie Marketplace,Unknown,"Zodius Technology Fund, Khazanah Nasional Berhad",Private Equity,382.68,zivame,"['zodius technology fund', 'khazanah nasional berhad']",private equity,bengaluru,False
2015-09-02,capillary tech,Cloud software solutions,Unknown,"Warburg Pincus, Sequoia Capital, Norwest Venture Partners",Private Equity,430.52,capillary tech,"['warburg pincus', 'sequoia capital', 'norwest venture partners']",private equity,new delhi,False
2015-09-03,jobspire,Job Search Platform,Unknown,Purvi Capital,Seed Funding,2.49,jobspire,['purvi capital'],seed funding,bengaluru,False
2015-09-03,meradoctor,Doctor consultancy Mobile App,Unknown,India Quotient & other investors,Seed Funding,0.0,meradoctor,['india quotient & other investors'],seed funding,mumbai,False
2015-09-03,vistaar finance,Small Business Financing (NBFC),Unknown,"WestBridge Capital, Omidyar Network, Elevar Equity, Saama Capital,\\xc2\\xa0 Lok Capital",Private Equity,382.68,vistaar finance,"['westbridge capital', 'omidyar network', 'elevar equity', 'saama capital', 'lok capital']",private equity,bengaluru,False
2015-09-03,hijinny,Beauty & Wellness Services Marketplace,Unknown,CMYK Health Boutique Pvt Ltd & Other individual investors,Seed Funding,0.0,hijinny,['cmyk health boutique pvt ltd & other individual investors'],seed funding,mumbai,False
2015-09-04,clapsnslaps,Online Movie Review Platform,Unknown,R M Picture Company Pvt. Ltd.,Seed Funding,1.44,clapsnslaps,['r m picture company pvt. ltd.'],seed funding,mumbai,False
2015-09-04,blubox,ECommerce Brands\\xe2\\x80\\x99 Full Service Agency,Unknown,Ashish Jhalani,Seed Funding,0.96,blubox,['ashish jhalani'],seed funding,mumbai,False
2015-09-04,roomcentral,Cloud-based Hotel Booking Platform,Unknown,Karanpal Singh,Seed Funding,19.13,roomcentral,['karanpal singh'],seed funding,bengaluru,False
2015-09-07,youthkiawaaz,Community Driven News/Views Platform,Unknown,"Raghav Bahl, Ritu Kapur",Seed Funding,5.74,youthkiawaaz,"['raghav bahl', 'ritu kapur']",seed funding,new delhi,False
2015-09-07,prozo,Study Material Marketplace,Unknown,"Nalin Jain, Shomil Pant, Dinesh Kundu & others",Seed Funding,1.96,prozo,"['nalin jain', 'shomil pant', 'dinesh kundu & others']",seed funding,new delhi,False
2015-09-07,zomato,Restaurant Ratings & Reviews platform,Unknown,"Temasek, Vy Capital",Private Equity,574.02,zomato,"['temasek', 'vy capital']",private equity,gurgaon,False
2015-09-07,sahayog dairy,Dairy Based Product Manufacturer,Unknown,Acumen Fund,Private Equity,17.22,sahayog dairy,['acumen fund'],private equity,bhopal,False
2015-09-08,mockbank,Government Test Preparation platform,Unknown,Blume Ventures,Seed Funding,3.83,mockbank,['blume ventures'],seed funding,bengaluru,False
2015-09-08,reportbee,Smart Report Cards for Schools,Unknown,India Educational Investment Fund,Seed Funding,0.0,reportbee,['india educational investment fund'],seed funding,chennai,False
2015-09-08,gurug learning,Teacher empowerment platform,Unknown,India Educational Investment Fund,Seed Funding,0.0,gurug learning,['india educational investment fund'],seed funding,bengaluru,False
2015-09-10,onlinetyari,Multilingual Test Preparation Platform,Unknown,"500 Startups, TV Mohandas Pai, Tandem Capital, Vikram Chachra, Aloke Bajpai",Private Equity,7.37,onlinetyari,"['500 startups', 'tv mohandas pai', 'tandem capital', 'vikram chachra', 'aloke bajpai']",private equity,gurgaon,False
2015-09-10,industrybuying,Industrial Tools Marketplace,Unknown,"Kalaari Capital, SAIF Partners, Beenextan investment fund",Private Equity,88.02,industrybuying,"['kalaari capital', 'saif partners', 'beenextan investment fund']",private equity,new delhi,False
2015-09-10,the/nudge foundation,Non Profit Organization to alleviate poverty,Unknown,"Nanadan Nilekani, InMobi, Paytm",Seed Funding,3.01,the/nudge foundation,"['nanadan nilekani', 'inmobi', 'paytm']",seed funding,bengaluru,False
2015-09-11,fitmein,Gym & Fitness Studios Subscription platform,Unknown,Green House Ventures,Seed Funding,0.96,fitmein,['green house ventures'],seed funding,new delhi,False
2015-09-11,envoged,pre-used luxury item Marketplace,Unknown,"Ankush Nijhawan, Manish Dhingra, Gaurav Bhatnagar",Seed Funding,0.0,envoged,"['ankush nijhawan', 'manish dhingra', 'gaurav bhatnagar']",seed funding,mumbai,False
2015-09-11,zapyle,pre-used apparel shopping mobile app,Unknown,Undisclosed,Seed Funding,9.57,zapyle,['undisclosed'],seed funding,bengaluru,False
2015-09-11,renomania,Home Design & D\\xc3\\xa9cor platform,Unknown,Subodh Gupta,Seed Funding,0.0,renomania,['subodh gupta'],seed funding,new delhi,False
2015-09-12,credr,Used Vehicles Marketplace,Unknown,Eight Road Ventures,Private Equity,143.5,credr,['eight road ventures'],private equity,mumbai,False
2015-09-12,yatragenie,Online Bus & Cab ticketing platform,Unknown,Ash Bhardwaj,Private Equity,0.0,yatragenie,['ash bhardwaj'],private equity,hyderabad,False
2015-09-14,canvasflip,Mobile App testing platform,Unknown,Bessemer Venture Partners,Seed Funding,11.48,canvasflip,['bessemer venture partners'],seed funding,hyderabad,False
2015-09-14,shadowfax,Hyperlocal Delivery Services,Unknown,Eight Roads Ventures,Private Equity,86.1,shadowfax,['eight roads ventures'],private equity,gurgaon,False
2015-09-14,ue life sciences,Early Cancer Detection Solutions,Unknown,"Aarin Capital, Unitus Seed Fund",Private Equity,28.7,ue lifesciences,"['aarin capital', 'unitus seed fund']",private equity,us/india,True
2015-09-14,ola cabs,Cab rental Mobile app,Unknown,"Falcon Edge Capital, NY based Hedge Fund, Tiger Global, Softbank",Private Equity,2152.57,olacabs,"['falcon edge capital', 'ny based hedge fund', 'tiger global', 'softbank']",private equity,bengaluru,False
2015-09-15,coverfox,Online Insurance Distribution Platform,Unknown,Cataraman Ventures,Private Equity,19.13,coverfox,['cataraman ventures'],private equity,mumbai,False
2015-09-15,moengage,Mobile Marketing Automation Platform,Unknown,"Helion Venture Partners, Exfinity Ventures",Private Equity,40.66,moengage,"['helion venture partners', 'exfinity ventures']",private equity,bengaluru,False
2015-09-15,mubble,Prepaid Mobile Bill Manager App,Unknown,Nandan Nilekani,Seed Funding,0.0,mubble,['nandan nilekani'],seed funding,bengaluru,False
2015-09-15,tea trails,Chain of Tea Caf\\xc3\\xa9\\xe2\\x80\\x99s,Unknown,"Anil Matai, Vikram Tandon, Shyam Sundar R & others",Seed Funding,9.57,tea trails,"['anil matai', 'vikram tandon', 'shyam sundar r & others']",seed funding,mumbai,False
2015-09-15,room on call,Branded Budget Hotel Marketplace,Unknown,Payal Syal,Seed Funding,2.87,room on call,['payal syal'],seed funding,noida,False
2015-09-15,fyne,Home Fitting & Fixtures Marketplace,Unknown,Sandeep Dama & Others,Seed Funding,0.0,fyne,['sandeep dama & others'],seed funding,bengaluru,False
2015-09-16,chaipoint,Food Subscription platform,Unknown,Eight Roads Ventures,Private Equity,95.67,chaipoint,['eight roads ventures'],private equity,bengaluru,False
2015-09-16,wedmegood,Wedding Planning Platform,Unknown,Indian Angel Network,Seed Funding,3.92,wedmegood,['indian angel network'],seed funding,gurgaon,False
2015-09-16,xstok,B2B Mobile Auction Marketplace,Unknown,Oliphans Capital,Seed Funding,4.31,xstok,['oliphans capital'],seed funding,mumbai,False
2015-09-17,unilog,ECommerce Data Analytics Platform,Unknown,Kalaari Capital,Private Equity,0.0,unilog,['kalaari capital'],private equity,bengaluru,False
2015-09-17,paintcollar,Designer Merchandize Marketplace,Unknown,Applyifi,Seed Funding,0.0,paintcollar,['applyifi'],seed funding,mumbai,False
2015-09-17,yepme,Private label Fashion eTailer,Unknown,"Khazanah Nasional Berhad, Helion Venture Partners",Private Equity,717.52,yepme,"['khazanah nasional berhad', 'helion venture partners']",private equity,gurgaon,False
2015-09-17,bueno,Online Food ordering & delivery,Unknown,High Networth Individuals (No details),Seed Funding,5.74,bueno,['high networth individuals (no details)'],seed funding,gurgaon,False
2015-09-18,plabro,Real Estate Broker Platform App,Unknown,"Sachin Bansal & Binny Bansal, Sol Primero, Outbox Ventures, Sangram Singh",Seed Funding,3.35,plabro,"['sachin bansal & binny bansal', 'sol primero', 'outbox ventures', 'sangram singh']",seed funding,new delhi,False
2015-09-18,curejoy,Online Health & Wellness platform,Unknown,"Accel Partners, Subrata Mitra, Larry Braitman, Venk Krishna",Private Equity,11.0,curejoy,"['accel partners', 'subrata mitra', 'larry braitman', 'venk krishna']",private equity,bengaluru,False
2015-09-18,briston technomach,Internet of Things platform,Unknown,Undisclosed,Seed Funding,1.44,briston technomach,['undisclosed'],seed funding,new delhi,False
2015-09-18,labstreet,Diagnostic Labs aggregator platform,Unknown,Multiple investors,Seed Funding,1.44,labstreet,['multiple investors'],seed funding,gurgaon,False
2015-09-19,dailyninja,Hyperlocal Delivery Platform,Unknown,"Aprameya Radhakrishna, Naman Sarawagi, Afsal Salu,",Seed Funding,0.0,dailyninja,"['aprameya radhakrishna', 'naman sarawagi', 'afsal salu', '']",seed funding,bengaluru,False
2015-09-21,portea medical,Home Medical Care Services,Unknown,"Accel Partners, International Finance Corporation (IFC), Qualcomm Ventures, Ventureast",Private Equity,358.76,portea medical,"['accel partners', 'international finance corporation (ifc)', 'qualcomm ventures', 'ventureast']",private equity,bengaluru,False
2015-09-21,neotrade analytics,Real-Time stock data platform,Unknown,Rainmatter,Seed Funding,2.25,neotrade analytics,['rainmatter'],seed funding,bengaluru,False
2015-09-21,dishco,Food discovery & table booking app,Unknown,"Anand Mahindra, Uday Punj, Ashish Hemrajani, Sanjeev Mehra",Seed Funding,0.0,dishco,"['anand mahindra', 'uday punj', 'ashish hemrajani', 'sanjeev mehra']",seed funding,mumbai,False
2015-09-21,lafalafa,coupons and cashback aggregator app,Unknown,500 Startups,Seed Funding,1.2,lafalafa,['500 startups'],seed funding,mumbai,False
2015-09-21,connectabank,Financial Products lead generation platform,Unknown,Prakhar Bumb,Seed Funding,0.0,connectabank,['prakhar bumb'],seed funding,mumbai,False
2015-09-22,villfarm,Sustainable Agri-inputs Firm,Unknown,"Unitus Seed Fund, Rianta Capital, R Ramaraj, Sunil Edwards",Seed Funding,0.0,villfarm,"['unitus seed fund', 'rianta capital', 'r ramaraj', 'sunil edwards']",seed funding,bengaluru,False
2015-09-22,bestdealfinance,Financial Services Portal,Unknown,"Kalaari Capital, YourNest Angel Fund",Private Equity,28.7,bestdealfinance,"['kalaari capital', 'yournest angel fund']",private equity,mumbai,False
2015-09-22,gamexs,Pre-owned games Marketplace,Unknown,Lead Angels,Seed Funding,0.0,gamexs,['lead angels'],seed funding,new delhi,False
2015-09-22,the man company,Content-based Subscription eCommerce platform,Unknown,"Karan Bajwa, Amanpreet Bajaj, Manish Vij",Seed Funding,0.0,the man company,"['karan bajwa', 'amanpreet bajaj', 'manish vij']",seed funding,new delhi,False
2015-09-22,virtual logic,"virtual reality, 3d simulation and stereoscopic products",Unknown,Swarnim Multiventures,Private Equity,7.65,virtual logic,['swarnim multiventures'],private equity,bengaluru,False
2015-09-22,furdo,Online Interior Designing platform,Unknown,Bhavdeep Reddy,Seed Funding,3.83,furdo,['bhavdeep reddy'],seed funding,bengaluru,False
2015-09-22,loginext,End-to-end Logistics platform,Unknown,Paytm,Private Equity,95.67,loginext,['paytm'],private equity,mumbai,False
2015-09-22,korra,Private Label Apparel sales,Unknown,Asha Jadeja Motwani & Others,Seed Funding,2.87,korra,['asha jadeja motwani & others'],seed funding,new delhi,False
2015-09-23,credihealth,Healthcare Consulting platform,Unknown,Rajat Malhotra,Seed Funding,0.0,credihealth,['rajat malhotra'],seed funding,gurgaon,False
2015-09-23,amigobulls,Stock Market Portal,Unknown,"Sharad Sharma, Vijay Anand, Mohandas Pai. Pallav Nadhani, Singapore Angels Network & others",Seed Funding,0.0,amigobulls,"['sharad sharma', 'vijay anand', 'mohandas pai. pallav nadhani', 'singapore angels network & others']",seed funding,bengaluru,False
2015-09-23,silverpush,Cross-device retargeting platform,Unknown,M&S Partners,Private Equity,11.48,silverpush,['m&s partners'],private equity,gurgaon / sfo,True
2015-09-23,juggernaut,Digital & Physical Publishing platform,Unknown,"William Bissell, Neeraj Aggarwal, Nandan Nilekani",Private Equity,21.53,juggernaut,"['william bissell', 'neeraj aggarwal', 'nandan nilekani']",private equity,new delhi,False
2015-09-23,innerchef,Food Delivery Platform,Unknown,"Phanindra Sama, Anupam Mittal, Vijay Shekhar Sharma, Vishal Gondal, Sateesh Andara & others",Private Equity,16.74,innerchef,"['phanindra sama', 'anupam mittal', 'vijay shekhar sharma', 'vishal gondal', 'sateesh andara & others']",private equity,new delhi,False
2015-09-24,quintype,Data Driven Publishing platform,Unknown,Raghav Bahl,Private Equity,31.57,quintype,['raghav bahl'],private equity,bengaluru,False
2015-09-24,capabiliti,Employee OnBoarding & Orientation platform,Unknown,"500 Startups, Smile Multimedia, Kunal Bahl, Rohit Bansal, Girish Matrubootham",Seed Funding,3.83,capabiliti,"['500 startups', 'smile multimedia', 'kunal bahl', 'rohit bansal', 'girish matrubootham']",seed funding,noida,False
2015-09-24,fourth partner energy,Solar Power Solutions company,Unknown,"Infuse Ventures, The Chennai Angels",Private Equity,19.13,fourth partner energy,"['infuse ventures', 'the chennai angels']",private equity,hyderabad,False
2015-09-24,licious,Online Meat Ordering platform,Unknown,"Kanwaljit Singh, TV Mohandas Pai",Seed Funding,9.57,licious,"['kanwaljit singh', 'tv mohandas pai']",seed funding,bengaluru,False
2015-09-25,travelkhana,online meal-booking platform for train travelers,Unknown,Astarc Ventures & Others,Seed Funding,0.0,travelkhana,['astarc ventures & others'],seed funding,new delhi,False
2015-09-28,quickli,hyperlocal delivery platform,Unknown,"500 Startups, Mato Peric & Others",Seed Funding,0.0,quickli,"['500 startups', 'mato peric & others']",seed funding,new delhi,False
2015-09-28,ola cabs,Cab Booking app platform,Unknown,Didi Kuaidi,Private Equity,287.01,olacabs,['didi kuaidi'],private equity,bengaluru,False
2015-09-29,paytm,E-Commerce & M-Commerce platform,Unknown,"Alibaba Group, Ant Financial",Private Equity,6505.56,paytm,"['alibaba group', 'ant financial']",private equity,new delhi,False
2015-09-29,inmobi,Mobile Advertising platform,Unknown,Tennenbaum Capital Partners & Others,Private Equity,956.7,inmobi,['tennenbaum capital partners & others'],private equity,bengaluru,False
2015-09-29,peppertap,Hyperlocal Grocery Delivery,Unknown,"Sequoia India, SAIF Partners.",Private Equity,344.41,peppertap,"['sequoia india', 'saif partners.']",private equity,gurgaon,False
2015-09-29,hugefly,Ecommerce Product recommendation platform,Unknown,Mayank Singhal and others,Seed Funding,0.0,hugefly,"['mayank singhal', 'others']",seed funding,pune,False
2015-09-29,brigge,Activity Based Social Network,Unknown,The Chennai Angels,Seed Funding,0.0,brigge,['the chennai angels'],seed funding,chennai,False
2015-09-29,zakoopi,Fashion Discovery platform,Unknown,Uniqorn Ventures,Seed Funding,3.35,zakoopi,['uniqorn ventures'],seed funding,new delhi,False
2015-09-29,loancircle,Consumer lending marketplace,Unknown,"Zishaan Hayath, Rahul Khanna & Others",Seed Funding,0.0,loancircle,"['zishaan hayath', 'rahul khanna & others']",seed funding,bengaluru,False
2015-09-30,infoworks,Big Data Management Platform,Unknown,"Nexus Venture Partners, Knoll Ventures and others",Private Equity,47.84,infoworks,"['nexus venture partners', 'knoll ventures', 'others']",private equity,bangalore / usa,True
2015-09-30,reddoorz,Budget Accommodation Platform,Unknown,Jungle Ventures,Seed Funding,9.57,reddoorz,['jungle ventures'],seed funding,noida,False
2015-09-30,firsttouch,Local Mobile OS,Unknown,"Kunal Bahl, Rohit Bansal, Pranay Chulet, Naveen Tiwari, Amit Gupta, Mayank Singhal",Seed Funding,0.0,firsttouch,"['kunal bahl', 'rohit bansal', 'pranay chulet', 'naveen tiwari', 'amit gupta', 'mayank singhal']",seed funding,gurgaon,False
2015-09-30,eywa media,Digital Signal processing platform,Unknown,"ah! Ventures, Viktor Koenig PE Fund, Mantra Ventures",Seed Funding,9.57,eywa media,"['ah! ventures', 'viktor koenig pe fund', 'mantra ventures']",seed funding,bengaluru,False
2015-08-01,snapdeal,Ecommerce Marketplace,Unknown,"Alibaba, Foxconn, Softbank",Private Equity,4783.5,snapdeal,"['alibaba', 'foxconn', 'softbank']",private equity,new delhi,False
2015-08-01,ressy,Restaurant Discount app,Unknown,Mohandas Pai & others,Seed Funding,3.83,ressy,['mohandas pai & others'],seed funding,pune,False
2015-08-03,cuelearn,Tech-enabled learning,Unknown,Alok Mittal,Seed Funding,0.0,cuelearn,['alok mittal'],seed funding,new delhi,False
2015-08-03,connect india,ECommerce Logistics provider,Unknown,Aavishkaar,Private Equity,47.84,connect india,['aavishkaar'],private equity,new delhi,False
2015-08-03,the home salon,on-demand home beauty and wellness portal,Unknown,VentureNursery,Seed Funding,0.0,the home salon,['venturenursery'],seed funding,mumbai,False
2015-08-03,jusride,Self Driven Car rental,Unknown,"Alok Mittal, Zeeshan Hayat, Niraj Singh, Nikunj Jain, Anirudh Damani, Punit Goyal",Seed Funding,0.0,jusride,"['alok mittal', 'zeeshan hayat', 'niraj singh', 'nikunj jain', 'anirudh damani', 'punit goyal']",seed funding,mumbai,False
2015-08-03,oyorooms,Budget Hotel accommodation brand,Unknown,"SoftBank Group, Greenoaks Capital, Sequoia Capital,\\xc2\\xa0 Lightspeed India",Private Equity,956.7,oyorooms,"['softbank group', 'greenoaks capital', 'sequoia capital', 'lightspeed india']",private equity,new delhi,False
2015-08-03,glowship,Energy & Environment Online Marketplace,Unknown,Infuse Ventures,Seed Funding,0.0,glowship,['infuse ventures'],seed funding,bengaluru,False
2015-08-03,wizrocket,User Engagment & Analytics platform,Unknown,"Sequoia Capital, Accel Partners",Private Equity,91.84,wizrocket,"['sequoia capital', 'accel partners']",private equity,mumbai,False
2015-08-04,pickingo,On-Demand Delivery Logistics,Unknown,"Orios Venture Partners, Zishaan Hayath",Private Equity,12.44,pickingo,"['orios venture partners', 'zishaan hayath']",private equity,new delhi,False
2015-08-05,grex,fund raising platform for startups,Unknown,"Kunal Bajaj, Chandru Badrinarayanan",Seed Funding,6.22,grex,"['kunal bajaj', 'chandru badrinarayanan']",seed funding,pune,False
2015-08-05,letstransport,Logistics Tech Platform,Unknown,"Rebright Partners, Ankush Nijhawan, Gaurav Bhatnagar, Manish Dhingra",Seed Funding,12.44,letstransport,"['rebright partners', 'ankush nijhawan', 'gaurav bhatnagar', 'manish dhingra']",seed funding,bengaluru,False
2015-08-05,zo rooms,Online budget hotel chain,Unknown,"Tiger Global Management, Orios Venture Partners",Private Equity,287.01,zo rooms,"['tiger global management', 'orios venture partners']",private equity,new delhi,False
2015-08-05,doormint,Hyperlocal Handyman services,Unknown,"Helion Venture Partners, Kalaari Capital",Private Equity,28.7,doormint,"['helion venture partners', 'kalaari capital']",private equity,mumbai,False
2015-08-05,nightstay,hotel booking app,Unknown,"BedRock Ventures, Rajesh Sawhney, Shailesh Singh",Seed Funding,4.78,nightstay,"['bedrock ventures', 'rajesh sawhney', 'shailesh singh']",seed funding,noida,False
2015-08-05,zocalo,Rental Accomodation finder,Unknown,"Sachin Bhatia, Rajesh Sawhney",Seed Funding,0.0,zocalo,"['sachin bhatia', 'rajesh sawhney']",seed funding,new delhi,False
2015-08-05,sunday realty solutions,Tech Platform for property brokers,Unknown,"Ramesh Jogani, Shailesh Viswanathan, Jay Srinivasan",Seed Funding,7.51,sunday realty solutions,"['ramesh jogani', 'shailesh viswanathan', 'jay srinivasan']",seed funding,mumbai,False
2015-08-06,klozee,Luxury Apparel rental,Unknown,Tracxn Labs,Seed Funding,0.0,klozee,['tracxn labs'],seed funding,bengaluru,False
2015-08-06,appvigil,App security\\xc2\\xa0 testing platform,Unknown,"Ravi Gururaj, Gaurav Sharma, Viswanath Ramachandran, RippleWave",Seed Funding,4.78,appvigil,"['ravi gururaj', 'gaurav sharma', 'viswanath ramachandran', 'ripplewave']",seed funding,mumbai,False
2015-08-06,practo,Doctor Appointment booking app,Unknown,"Sofina, Google Capital, Altimeter Capital, Sequoia Capital Global Equities, Yuri Milner, Sequoia Capital, Matrix Partners",Private Equity,861.03,practo,"['sofina', 'google capital', 'altimeter capital', 'sequoia capital global equities', 'yuri milner', 'sequoia capital', 'matrix partners']",private equity,bengaluru,False
2015-08-06,loudshout,anonymous bulletin board app,Unknown,"Sanjay Sethi, Ravi Jaipuria & others",Seed Funding,0.0,loudshout,"['sanjay sethi', 'ravi jaipuria & others']",seed funding,new delhi,False
2015-08-06,wetravelsolo,Travel community platform,Unknown,"CCube Angels, Frontline Strategy",Seed Funding,0.0,wetravelsolo,"['ccube angels', 'frontline strategy']",seed funding,new delhi,False
2015-08-06,ketto,Crowd funding platform,Unknown,"Chennai Angels, Calcutta Angels, ah! Ventures, Intellecap Impact Investment Network, Indus Age Partners, Singapore Angel Network, India Internet Fund, LetsVenture",Seed Funding,6.7,ketto,"['chennai angels', 'calcutta angels', 'ah! ventures', 'intellecap impact investment network', 'indus age partners', 'singapore angel network', 'india internet fund', 'letsventure']",seed funding,mumbai,False
2015-08-06,ezetap,Mobile based PoS solution,Unknown,"Horizons Ventures, Capricorn Investment Group, Social+Capital, Helion Advisors, Berggruen Holdings",Private Equity,239.18,ezetap,"['horizons ventures', 'capricorn investment group', 'social capital', 'helion advisors', 'berggruen holdings']",private equity,bengaluru,False
2015-08-06,ndtv ecommerce venture,Car & Bike ecommerce platform,Unknown,"Inflexionpoint, Pramod Bhasin, Sixth Sense Ventures, Vindi Banga, Hiro Mashita",Private Equity,0.0,ndtv ecommerce venture,"['inflexionpoint', 'pramod bhasin', 'sixth sense ventures', 'vindi banga', 'hiro mashita']",private equity,mumbai,False
2015-08-07,carls jr,Fast food Chain Franchisee,Unknown,YouWeCan Ventures,Seed Funding,6.03,carls jr,['youwecan ventures'],seed funding,gurgaon,False
2015-08-07,easyrewardz,Loyalty Programs & Reward Points,Unknown,"Wealth First, Ashneer Grover, Atul Phadnis",Private Equity,4.78,easyrewardz,"['wealth first', 'ashneer grover', 'atul phadnis']",private equity,mumbai,False
2015-08-07,gibss,Energy saving solutions provider,Unknown,"responsAbility Investments, Infuse Ventures",Private Equity,0.0,gibss,"['responsability investments', 'infuse ventures']",private equity,mumbai,False
2015-08-07,storemore,Self-Storage Spaces,Unknown,Bedrock Ventures,Seed Funding,0.0,storemore,['bedrock ventures'],seed funding,noida,False
2015-08-07,iorderfresh,Grocery retail Mobile app,Unknown,Best Foodworks,Seed Funding,0.0,iorderfresh,['best foodworks'],seed funding,new delhi,False
2015-08-10,mytaxiindia,Taxi Rental platform,Unknown,"Nihon Kotsu,",Private Equity,4.78,mytaxiindia,"['nihon kotsu', '']",private equity,gurgaon,False
2015-08-10,esadar,ecommerce,Unknown,"Neha Vats, Gaurav Vats",Seed Funding,0.77,esadar,"['neha vats', 'gaurav vats']",seed funding,new delhi,False
2015-08-10,actionable analytics,Machine Learning Platform,Unknown,"B M Gupta, Vinod Singhal",Seed Funding,0.0,actionable analytics,"['b m gupta', 'vinod singhal']",seed funding,new delhi/ houston,True
2015-08-10,mypoolin,mobile social network,Unknown,QPrize from Qualcomm Ventures,Seed Funding,2.39,mypoolin,['qprize from qualcomm ventures'],seed funding,new delhi,False
2015-08-10,nearbuy (previously groupon india),Hyper-Local Ecommerce,Unknown,Sequoia Capital,Private Equity,153.07,nearbuy (previously groupon india),['sequoia capital'],private equity,new delhi,False
2015-08-10,inkmonk,Online printing marketplace,Unknown,"Girish Mathrubootham, Phanindra Sama, Vikram Chachra, Others from LetsVenture",Seed Funding,2.39,inkmonk,"['girish mathrubootham', 'phanindra sama', 'vikram chachra', 'others from letsventure']",seed funding,chennai,False
2015-08-10,tonetag,mobile payment software platform,Unknown,Reliance Capital Venture,Private Equity,9.57,tonetag,['reliance capital venture'],private equity,bengaluru,False
2015-08-10,grey orange,Automated Storage & Warehousing Solution,Unknown,Tiger Global Management,Private Equity,287.01,grey orange,['tiger global management'],private equity,gurgaon,False
2015-08-11,livspace,Home Design & D\\xc3\\xa9cor solutions,Unknown,"Helion Ventures, Jungle Ventures & Bessemer Venture Partners",Private Equity,76.54,livspace,"['helion ventures', 'jungle ventures & bessemer venture partners']",private equity,bengaluru,False
2015-08-11,wow! momo,Quick Service Restaurant Chain,Unknown,Indian Angel Network,Seed Funding,15.31,wow! momo,['indian angel network'],seed funding,kolkata,False
2015-08-11,raincan,Subscription based Online Grocery platform,Unknown,Ajeet Khurana & Others,Seed Funding,0.96,raincan,['ajeet khurana & others'],seed funding,pune,False
2015-08-11,allygrow technologies,engineering services company,Unknown,Zodius Technology Fund,Private Equity,191.34,allygrow technologies,['zodius technology fund'],private equity,mumbai,False
2015-08-11,infogain,Business and IT consulting,Unknown,ChrysCapital,Private Equity,602.72,infogain,['chryscapital'],private equity,new delhi / us,True
2015-08-12,oneassist,Credit Card Fraud protection solutions,Unknown,"Sequoia Capital, Lightspeed Ventures",Private Equity,71.75,oneassist,"['sequoia capital', 'lightspeed ventures']",private equity,mumbai,False
2015-08-12,bigbasket,Online & mobile Grocery store,Unknown,Bessemer Venture Partners,Private Equity,478.35,bigbasket,['bessemer venture partners'],private equity,bengaluru,False
2015-08-12,sheroes,Career Community for Women,Unknown,"Quintillion Media, 500 Startups",Seed Funding,7.37,sheroes,"['quintillion media', '500 startups']",seed funding,noida,False
2015-08-12,scripbox,Mutual Fund Investing platform,Unknown,"Accel Partners, Deep Kalra, Rajesh Magow, Mohit Gupta, Shamik Sharma",Private Equity,23.92,scripbox,"['accel partners', 'deep kalra', 'rajesh magow', 'mohit gupta', 'shamik sharma']",private equity,bengaluru,False
2015-08-13,etaout,Ecommerce Marketing Software Platform,Unknown,"Amit Ranjan, Vijay Shekhar Sharma, Kunal Bahl, Girish Mathrubootham &\\xc2\\xa0 Group of other Angel investors",Seed Funding,4.78,etaout,"['amit ranjan', 'vijay shekhar sharma', 'kunal bahl', 'girish mathrubootham &  group of other angel investors']",seed funding,noida,False
2015-08-13,ifmr holdings,Financial Inclusion platform,Unknown,"Accion, LeapFrog Investments, Lok Capital",Private Equity,239.18,ifmr holdings,"['accion', 'leapfrog investments', 'lok capital']",private equity,chennai,False
2015-08-13,massblurb,Digital Marketing automation solution,Unknown,"LetsVenture, Mumbai Angels",Seed Funding,0.0,massblurb,"['letsventure', 'mumbai angels']",seed funding,mumbai,False
2015-08-13,agrostar,Mobile Commerce for Farmers,Unknown,IDG Ventures,Private Equity,38.27,agrostar,['idg ventures'],private equity,pune,False
2015-08-14,voxweb,Picture based Social App,Unknown,Jitendra Gupta & others,Seed Funding,0.96,voxweb,['jitendra gupta & others'],seed funding,mumbai,False
2015-08-14,trukky,Logistics service platform,Unknown,"Gujarat based angel investors, MMY co-Founder",Seed Funding,2.34,trukky,"['gujarat based angel investors', 'mmy co-founder']",seed funding,ahmedabad,False
2015-08-14,vanitycube,On-Demand Beauty Services,Unknown,Group of angel investors,Seed Funding,0.0,vanitycube,['group of angel investors'],seed funding,new delhi,False
2015-08-17,edu4share,Exam Preparation Platform,Unknown,Nalin Jain & other angel investors,Seed Funding,2.1,edu4share,['nalin jain & other angel investors'],seed funding,new delhi,False
2015-08-17,yourstory,Startup Focused Online Publisher,Unknown,"Ratan Tata, Vani Kola, T V Mohandas Pai, Karthee Madasamay",Seed Funding,0.0,yourstory,"['ratan tata', 'vani kola', 't v mohandas pai', 'karthee madasamay']",seed funding,mumbai,False
2015-08-17,sampurnearth,Waste Management Solutions,Unknown,"Intellecap Impact Investment Network, family office fund",Seed Funding,1.53,sampurnearth,"['intellecap impact investment network', 'family office fund']",seed funding,mumbai,False
2015-08-17,orobind,App based Fitness coaching,Unknown,Existing & New Investors,Private Equity,0.0,orobind,['existing & new investors'],private equity,bengaluru,False
2015-08-17,fixy,On demand cleaning & fixing services,Unknown,VentureNursery,Seed Funding,0.0,fixy,['venturenursery'],seed funding,mumbai,False
2015-08-17,msm box,Beauty & Lifestyle platform,Unknown,Rohit Goel,Seed Funding,0.0,msm box,['rohit goel'],seed funding,new delhi,False
2015-08-17,shadowfax,on-demand delivery service,Unknown,"Kunal Bahl, Rohit Bansal, Zishaan Hayath, Prashant Malik",Seed Funding,2.97,shadowfax,"['kunal bahl', 'rohit bansal', 'zishaan hayath', 'prashant malik']",seed funding,gurgaon,False
2015-08-17,gadgets 360,Car & Bike ecommerce platform,Unknown,One97 Communications,Private Equity,0.0,gadgets 360,['one97 communications'],private equity,new delhi,False
2015-08-18,roposo,Fashion Discovery platform,Unknown,Tiger Global,Private Equity,143.5,roposo,['tiger global'],private equity,gurgaon,False
2015-08-18,intelligencenode,Data Analytics Platform,Unknown,"New Enterprise Associates, Orios Venture Partners",Private Equity,40.18,intelligencenode,"['new enterprise associates', 'orios venture partners']",private equity,mumbai,False
2015-08-18,hyperverge,Deep Learning Cloud Algorithms,Unknown,"NEA, Milliways Ventures, Naya Ventures",Seed Funding,9.57,hyperverge,"['nea', 'milliways ventures', 'naya ventures']",seed funding,chennai,False
2015-08-18,twyst,Location based engagement & rewards platform,Unknown,"Rohit Bhatia, Sunil Nikhar, Vaibhav Domkundwar, Siddharth Nautiyal",Seed Funding,0.0,twyst,"['rohit bhatia', 'sunil nikhar', 'vaibhav domkundwar', 'siddharth nautiyal']",seed funding,gurgaon,False
2015-08-18,idfy,Online Identity Verification Services platform,Unknown,"NEA, Blume Ventures & others",Private Equity,0.0,idfy,"['nea', 'blume ventures & others']",private equity,mumbai,False
2015-08-18,zoojoo.be,Corporate Wellness App,Unknown,RoundGlass Partners,Private Equity,9.57,zoojoo.be,['roundglass partners'],private equity,bengaluru,False
2015-08-19,fashionove,Fashion Search & Review Platform,Unknown,Umesh Yadav,Seed Funding,0.0,fashionove,['umesh yadav'],seed funding,kolkata,False
2015-08-19,timesaverz,"Hyperlocal Maintenance, Repair & Cleaning services",Unknown,Unilazer Ventures,Private Equity,22.96,timesaverz,['unilazer ventures'],private equity,mumbai,False
2015-08-19,envoged,pre-owned Luxury online apparel seller,Unknown,"Manish Dhingra, Ankush Nijhawa, Gaurav Bhatnagar",Seed Funding,0.0,envoged,"['manish dhingra', 'ankush nijhawa', 'gaurav bhatnagar']",seed funding,mumbai,False
2015-08-19,mebelkart,Online Furniture Marketplace,Unknown,AskMe,Private Equity,191.34,mebelkart,['askme'],private equity,bengaluru,False
2015-08-20,labsadvisor,Online Diagnostic Tests Marketplace,Unknown,Group of Angel Investors,Seed Funding,1.49,labsadvisor,['group of angel investors'],seed funding,new delhi,False
2015-08-20,flatpebble,Online marketplace for Photographers,Unknown,Indian Angel Network,Seed Funding,5.74,flatpebble,['indian angel network'],seed funding,hyderabad,False
2015-08-20,bluegape,Visual Blogging platform,Unknown,"ah! Ventures, Times Internet, Rudy Gopalakrishnan",Seed Funding,5.74,bluegape,"['ah! ventures', 'times internet', 'rudy gopalakrishnan']",seed funding,new delhi,False
2015-08-21,epoise,Job Search Platform,Unknown,"Orios Venture Partners, Amit Ranjan & others",Seed Funding,4.78,epoise,"['orios venture partners', 'amit ranjan & others']",seed funding,bengaluru,False
2015-08-24,jolly food fellow,Food Customer analytics platform,Unknown,The 1947,Seed Funding,2.87,jollyfoodfellow,['the 1947'],seed funding,ahmedabad,False
2015-08-24,bookmein,Professional Service Appointment booking service,Unknown,Ajmera Group of Companies,Seed Funding,3.83,bookmein,['ajmera group of companies'],seed funding,mumbai,False
2015-08-24,izofy,Scientific Horoscope Online Assistance platform,Unknown,Prime Capital Markets Ltd,Seed Funding,0.0,izofy,['prime capital markets ltd'],seed funding,kolkata,False
2015-08-24,rbus,Tech enabled AC bus service,Unknown,"India Quotient, Anupam Mittal & others",Seed Funding,0.0,rbus,"['india quotient', 'anupam mittal & others']",seed funding,mumbai,False
2015-08-25,qyk app,On-Demand App based Professional service provider,Unknown,"GrowX ventures, Tracxn Labs, Powai Lake Ventures, and Sahil Barua",Private Equity,9.57,qyk app,"['growx ventures', 'tracxn labs', 'powai lake ventures', 'and sahil barua']",private equity,bengaluru,False
2015-08-25,eazydiner,Restaurant Reservation Platform,Unknown,"DSG Consumer Partners, Saama Capital",Private Equity,28.7,eazydiner,"['dsg consumer partners', 'saama capital']",private equity,gurgaon,False
2015-08-25,revx,Cross-channel CRM platform,Unknown,"Norwest Venture Partners, Nexus Venture Partners, Helion Venture Partners, Draper Fisher Jurvetson, Peepul Capital",Private Equity,38.27,revx,"['norwest venture partners', 'nexus venture partners', 'helion venture partners', 'draper fisher jurvetson', 'peepul capital']",private equity,mumbai,False
2015-08-25,icustommadeit,Professional Custom creators Marketplace,Unknown,Group of Angel Investors,Seed Funding,2.39,icustomadeit,['group of angel investors'],seed funding,pune,False
2015-08-26,pickmylaundry,on-Demand Washing & Dry-Cleaning,Unknown,GHV Accelerator,Seed Funding,0.96,pickmylaundry,['ghv accelerator'],seed funding,new delhi,False
2015-08-26,belita,On-Demand Beauty Service,Unknown,"India Quotient, LetsVenture investors, Lead Angels",Seed Funding,3.83,belita,"['india quotient', 'letsventure investors', 'lead angels']",seed funding,mumbai,False
2015-08-26,ezysolare,solar products and services marketplace,Unknown,Infuse Ventures,Seed Funding,0.0,ezysolare,['infuse ventures'],seed funding,ahmedabad,False
2015-08-26,foodtalkindia,Online Food Community Platform,Unknown,Undisclosed Investor,Seed Funding,4.78,foodtalkindia,['undisclosed investor'],seed funding,gurgaon,False
2015-08-27,instasafe,Private Cloud Networks SAAS platform,Unknown,Group of Investors,Seed Funding,0.0,instasafe,['group of investors'],seed funding,bengaluru,False
2015-08-27,eazy coach,Education Marketplace,Unknown,Ravi Agarwal,Seed Funding,0.0,eazy coach,['ravi agarwal'],seed funding,kolkata,False
2015-08-27,djubo,Cloud Based Hotel Sales Platform,Unknown,Ibibo Group,Private Equity,0.0,djubo,['ibibo group'],private equity,new delhi,False
2015-08-28,betterbutter,online recipe sharing platform,Unknown,"Growx Ventures, Manish Singhal",Seed Funding,0.0,betterbutter,"['growx ventures', 'manish singhal']",seed funding,new delhi,False
2015-08-28,vyomo,Beauty & Lifestyle Mobile Marketplace,Unknown,Rocket Internet,Private Equity,19.13,vyomo,['rocket internet'],private equity,bengaluru,False
2015-08-28,rollmafia,QSR Restaurant Chain,Unknown,Equentia Natural Resources,Seed Funding,1.53,rollmafia,['equentia natural resources'],seed funding,pune,False
2015-08-29,iamwire,Digital Media publishing platform,Unknown,"Li Tao, Li Jian, Draphant Consultants, Nitin Garg, Saurabh Jain, Mohit Agarwal",Seed Funding,0.0,iamwire,"['li tao', 'li jian', 'draphant consultants', 'nitin garg', 'saurabh jain', 'mohit agarwal']",seed funding,gurgaon,False
2015-08-31,dropkaffe,Online Coffee Delivery platform,Unknown,"Manish Singhal, P39 Capital & Others",Seed Funding,2.87,dropkaffe,"['manish singhal', 'p39 capital & others']",seed funding,bengaluru,False
2015-08-31,reverie,Language Localization Cloud platform,Unknown,"Aspada Investment Advisors, Qualcomm Ventures",Private Equity,38.27,reverie,"['aspada investment advisors', 'qualcomm ventures']",private equity,bengaluru,False
2015-08-31,infinite analytics,Big Data & predictive Analysis Platform,Unknown,"Ratan Tata, Nikhil Vora & others",Private Equity,0.0,infinite analytics,"['ratan tata', 'nikhil vora & others']",private equity,mumbai,False
2015-07-01,parcelled,Online Logistics Platform,Unknown,"Delhivery, Tracxn Labs",Seed Funding,0.0,parcelled,"['delhivery', 'tracxn labs']",seed funding,bengaluru,False
2015-07-01,retigence technologies,Business IT Intelligence Services,Unknown,Omnivore Partners,Private Equity,0.0,retigence technologies,['omnivore partners'],private equity,mumbai,False
2015-07-01,cloudcherry analytics,CRM / Analytics platform,Unknown,"The Chennai Angels, IDG Ventures India",Seed Funding,9.57,cloudcherry analytics,"['the chennai angels', 'idg ventures india']",seed funding,chennai,False
2015-07-01,handyhome,Hyperlocal Electronics repair Service,Unknown,"Bessemer Ventures, Kae Capital",Seed Funding,6.03,handyhome,"['bessemer ventures', 'kae capital']",seed funding,mumbai,False
2015-07-01,idreamcareer,Ed-Tech Platform,Unknown,"ah! Ventures, Vivek Joshi, Mohit Satyanand & others",Seed Funding,0.0,idreamcareer,"['ah! ventures', 'vivek joshi', 'mohit satyanand & others']",seed funding,new delhi,False
2015-07-01,ola cabs,Cab rental Mobile app,Unknown,Ratan Tata,Private Equity,0.0,olacabs,['ratan tata'],private equity,bengaluru,False
2015-07-01,nxtgen,IT infrastructure & Data Center services,Unknown,"IFC, Axon Partners, Intel Capital",Private Equity,129.15,nxtgen,"['ifc', 'axon partners', 'intel capital']",private equity,bengaluru,False
2015-07-02,bankbazaar,Online Financial Services,Unknown,"Amazon, Fidelity Growth Partners, Mousse Partners",Private Equity,574.02,bankbazaar,"['amazon', 'fidelity growth partners', 'mousse partners']",private equity,chennai,False
2015-07-02,gozoomo,Used Car Marketplace,Unknown,SAIF Partners,Private Equity,47.84,gozoomo,['saif partners'],private equity,bengaluru,False
2015-07-02,zenatix,Internet of Things platform,Unknown,"Rajan Anandan, Kunal Bahl, Rohit Bansal, Rahul Khanna",Seed Funding,1.54,zenatix,"['rajan anandan', 'kunal bahl', 'rohit bansal', 'rahul khanna']",seed funding,gurgaon,False
2015-07-03,culturealley,Language Learning App,Unknown,Tiger Global,Private Equity,62.19,culturealley,['tiger global'],private equity,jaipur,False
2015-07-03,goqii,Mobile Fitness Marketplace,Unknown,Vijay Shekhar Sharma,Private Equity,0.0,goqii,['vijay shekhar sharma'],private equity,mumbai,False
2015-07-03,gingercrush,Custom Merchandize platform,Unknown,"Gokul Jaykrishna, Brand Capital",Seed Funding,9.57,gingercrush,"['gokul jaykrishna', 'brand capital']",seed funding,ahmedabad,False
2015-07-04,elanic,P2P Pre-owned goods marketplace,Unknown,"Rebright Partners, Tracxn Labs, Aneesh Reddy",Seed Funding,0.0,elanic,"['rebright partners', 'tracxn labs', 'aneesh reddy']",seed funding,bengaluru,False
2015-07-04,stitchwood,Custom Furniture Marketplace,Unknown,"Powai Lake Ventures, Ajeet Khurana & others",Seed Funding,3.78,stitchwood,"['powai lake ventures', 'ajeet khurana & others']",seed funding,mumbai,False
2015-07-05,urban tailor,Online Tailoring Services,Unknown,Group of angel investors,Seed Funding,0.0,urban tailor,['group of angel investors'],seed funding,bengaluru,False
2015-07-06,confirmttkt,Rail Ticket Confirmation predictor,Unknown,Pravin Agarwala & others,Seed Funding,0.0,confirmtkt,['pravin agarwala & others'],seed funding,bengaluru,False
2015-07-06,paper boat,Ethnic Beverages manufacturer,Unknown,"Sofina, Hillhouse Capital",Private Equity,287.01,paper boat,"['sofina', 'hillhouse capital']",private equity,gurgaon,False
2015-07-06,getnow,Hyperlocal Goods marketplace,Unknown,Atulya Mittal,Seed Funding,0.0,getnow,['atulya mittal'],seed funding,nagpur,False
2015-07-07,wudstay,Budget Accommodation aggregator,Unknown,"Mangroves Capital Partners, Vikas Saxena",Private Equity,28.7,wudstay,"['mangroves capital partners', 'vikas saxena']",private equity,gurgaon,False
2015-07-07,liases foras,Real Estate Rating & Analysis,Unknown,DMG information Asia Pacific,Private Equity,47.84,liases foras,['dmg information asia pacific'],private equity,new delhi,False
2015-07-07,eatlo,Food Delivery platform,Unknown,"Powai Lake Ventures, Globeinvestor, Abhishekh Goyal",Seed Funding,0.0,eatlo,"['powai lake ventures', 'globeinvestor', 'abhishekh goyal']",seed funding,bengaluru,False
2015-07-07,indialends,Financial Tech,Unknown,"DSG Consumer Partners, Siddharth Parekh",Private Equity,0.0,indialends,"['dsg consumer partners', 'siddharth parekh']",private equity,new delhi,False
2015-07-08,quinto,Food Discovery App,Unknown,Jaydeep Barman,Seed Funding,0.0,quinto,['jaydeep barman'],seed funding,pune,False
2015-07-08,saavn,Music Streaming App,Unknown,"Tiger Global Management, Bertelsmann India, Steadview Capital, Liberty Media, Mousse Partners, Quilvest",Private Equity,956.7,saavn,"['tiger global management', 'bertelsmann india', 'steadview capital', 'liberty media', 'mousse partners', 'quilvest']",private equity,mumbai,False
2015-07-08,flytxt,Big Data & Analytics platform,Unknown,"Sunrise Capital GmBH, Big Data Investments B.V",Private Equity,105.24,flytxt,"['sunrise capital gmbh', 'big data investments b.v']",private equity,mumbai / global,True
2015-07-08,axtria,Big Data & Analytics platform,Unknown,"Helion Venture Partners,Amarpreet Sawhney, Deshpande Foundation, Fred Khosravi, Richard S. Braddock",Private Equity,287.01,axtria,"['helion venture partners', 'amarpreet sawhney', 'deshpande foundation', 'fred khosravi', 'richard s. braddock']",private equity,india / us,True
2015-07-08,33coupons,Coupon Aggregator Platform,Unknown,Not Disclosed,Seed Funding,0.19,33coupons,['not disclosed'],seed funding,kanpur,False
2015-07-08,ampere,Electric Scooter manufacturer,Unknown,Ratan Tata,Seed Funding,0.0,ampere,['ratan tata'],seed funding,coimbatore,False
2015-07-08,hopping chef,Online Food-Tech Platform,Unknown,Mirah Hospitality,Seed Funding,4.5,hopping chef,['mirah hospitality'],seed funding,mumbai,False
2015-07-08,collectabillia,Celebrity Fashion Brand,Unknown,Accel Partners,Private Equity,71.75,collectabillia,['accel partners'],private equity,bengaluru,False
2015-07-08,lendingkart,Online Finance lending platform,Unknown,"Saama Capital, Mayfield, Ashvin Chadha, Shailesh Mehta",Private Equity,95.67,lendingkart,"['saama capital', 'mayfield', 'ashvin chadha', 'shailesh mehta']",private equity,ahmedabad,False
2015-07-08,lybrate,Healthcare Mobile App,Unknown,"Tiger Global Management, Ratan Tata, Nexus Venture Partners",Private Equity,97.58,lybrate,"['tiger global management', 'ratan tata', 'nexus venture partners']",private equity,new delhi,False
2015-07-08,zoomcar,Self-driven vehicle rental,Unknown,"Sequoia Capital, Empire Angels, NGP",Private Equity,105.24,zoomcar,"['sequoia capital', 'empire angels', 'ngp']",private equity,bengaluru,False
2015-07-09,news in shorts,\\xc2\\xa0News Aggregator mobile app,Unknown,\\xc2\\xa0Tiger Global,Private Equity,191.34,newsinshorts,[' tiger global'],private equity,noida,False
2015-07-09,bluestone,\\xc2\\xa0Online Jewellery Store,Unknown,"\\xc2\\xa0IvyCap Ventures, Accel Partners, Dragoneer Investment Group",Private Equity,154.99,bluestone,"[' ivycap ventures', 'accel partners', 'dragoneer investment group']",private equity,bengaluru,False
2015-07-09,shopsity,\\xc2\\xa0Fashion Info Aggregator App,Unknown,"\\xc2\\xa0 Sandeep Aggarwal, Teruhide Sato",Seed Funding,0.0,shopsity,"['  sandeep aggarwal', 'teruhide sato']",seed funding,gurgaon,False
2015-07-09,notesgen,\\xc2\\xa0Online Study Notes Marketplace,Unknown,"\\xc2\\xa0Rajeev Saraf, Arvind Jha, R. Satya Narayanan",Seed Funding,0.0,notesgen,"[' rajeev saraf', 'arvind jha', 'r. satya narayanan']",seed funding,new delhi,False
2015-07-10,infinity assurance,\\xc2\\xa0Warranty Programs Service Administration,Unknown,\\xc2\\xa0Indian Angel Network,Seed Funding,5.74,infinity assurance,[' indian angel network'],seed funding,new delhi,False
2015-07-10,footprints education,\\xc2\\xa0Pre-School Chain,Unknown,"\\xc2\\xa0LetsVenture, Kumar Bansal, Kshitij Jain",Seed Funding,6.55,footprints education,"[' letsventure', 'kumar bansal', 'kshitij jain']",seed funding,gurgaon,False
2015-07-10,loylty rewards,\\xc2\\xa0Premium Loyalty Rewards Point Management,Unknown,\\xc2\\xa0IndianIdeas.com,Private Equity,185.12,loylty rewards,[' indianideas.com'],private equity,mumbai,False
2015-07-13,ameyo,\\xc2\\xa0Contact Center Software Platform,Unknown,\\xc2\\xa0Forum Synergies PE Fund,Private Equity,47.84,ameyo,[' forum synergies pe fund'],private equity,gurgaon,False
2015-07-13,mamagoto,\\xc2\\xa0Casual Dining restaurant Chain,Unknown,\\xc2\\xa0Goldman Sachs,Private Equity,95.67,mamagoto,[' goldman sachs'],private equity,new delhi,False
2015-07-13,satvacart,\\xc2\\xa0Online Grocery Delivery,Unknown,\\xc2\\xa0Palaash Ventures,Seed Funding,0.0,satvacart,[' palaash ventures'],seed funding,gurgaon,False
2015-07-14,mysmartprice,Online comparison engine,Unknown,"Accel Partners, Helion Venture Partners",Private Equity,95.67,mysmartprice,"['accel partners', 'helion venture partners']",private equity,hyderabad,False
2015-07-14,zenify,Residential Rental management platform,Unknown,Atul Jalan,Seed Funding,0.0,zenify,['atul jalan'],seed funding,bengaluru,False
2015-07-14,boxmyspace,Physical Storage warehouses,Unknown,"Ritesh Veera, Singapore Angel Network, Orios Venture Partners,",Seed Funding,2.87,boxmyspace,"['ritesh veera', 'singapore angel network', 'orios venture partners', '']",seed funding,mumbai,False
2015-07-14,hackerrank,Tech Recruitment platform,Unknown,HR Technology fund,Private Equity,71.75,hackerrank,['hr technology fund'],private equity,bengaluru,False
2015-07-14,wickedride,Bike Rental Platform,Unknown,Undisclosed,Seed Funding,7.56,wickedride,['undisclosed'],seed funding,bengaluru,False
2015-07-14,wowexpress,Tech enabled logistics platform,Unknown,Tamarind Family Private Trust,Seed Funding,4.78,wowexpress,['tamarind family private trust'],seed funding,mumbai,False
2015-07-15,oyo rooms,Budget Hotel Accommodation,Unknown,"Softbank, Sequoia Capital",Private Equity,956.7,oyorooms,"['softbank', 'sequoia capital']",private equity,gurgaon,False
2015-07-15,mobikon,Restaurant customer engagement platform,Unknown,Jungle Ventures,Private Equity,22.0,mobikon,['jungle ventures'],private equity,pune,False
2015-07-15,instalively,Live video streaming app,Unknown,"Anupam Mittal, Anand Chandrasekaran, Uday Shankar, Chetan Bhagat",Seed Funding,0.0,instalively,"['anupam mittal', 'anand chandrasekaran', 'uday shankar', 'chetan bhagat']",seed funding,new delhi,False
2015-07-15,roadrunnr,Hyper local logistics platform,Unknown,"Sequoia Capital, Nexus Venture Partners, Blume Ventures",Private Equity,105.24,roadrunnr,"['sequoia capital', 'nexus venture partners', 'blume ventures']",private equity,bengaluru,False
2015-07-16,ketto,Crowd Funding Platform,Unknown,"Pradyumna Dalmia, Sudhir Rao & Others",Seed Funding,6.7,ketto,"['pradyumna dalmia', 'sudhir rao & others']",seed funding,mumbai,False
2015-07-17,quikwallet,F&B sector Mobile Payment platform,Unknown,Snow Leopard Technology Ventures,Private Equity,15.31,quikwallet,['snow leopard technology ventures'],private equity,mumbai,False
2015-07-17,omnikart,Industrial Supplies B2B ecommerce,Unknown,"Sumit Gandhi, Manish Gandhi",Seed Funding,0.96,omnikart,"['sumit gandhi', 'manish gandhi']",seed funding,mumbai,False
2015-07-20,zo rooms,Online budget hotel chain,Unknown,"Tiger Global, Orios Venture Partners.",Private Equity,143.5,zo rooms,"['tiger global', 'orios venture partners.']",private equity,new delhi,False
2015-07-20,innoviti,Payment Solutions platform,Unknown,"Catamaran Ventures, New India Investment Corporation",Private Equity,46.4,innoviti,"['catamaran ventures', 'new india investment corporation']",private equity,bengaluru,False
2015-07-21,zenradius,Online Hiring Platform,Unknown,"Tracxn Labs, Deepak Singh",Seed Funding,0.0,zenradius,"['tracxn labs', 'deepak singh']",seed funding,bengaluru,False
2015-07-21,joy by nature,Organic Food ecommerce,Unknown,"Mumbai Angels, Vriddhi Fund, Others",Private Equity,9.57,joy by nature,"['mumbai angels', 'vriddhi fund', 'others']",private equity,new delhi,False
2015-07-22,iqlect,Big Data & Analytics platform,Unknown,Exfinity Venture Partners,Private Equity,19.13,iqlect,['exfinity venture partners'],private equity,bengaluru,False
2015-07-22,degustibus,Fine Dining Restaurant Chain,Unknown,India Value Fund Advisors,Private Equity,287.01,degustibus,['india value fund advisors'],private equity,mumbai,False
2015-07-23,nestaway,Luxury Rental Homes,Unknown,"Flipkart, Tiger Global",Private Equity,121.98,nestaway,"['flipkart', 'tiger global']",private equity,bengaluru,False
2015-07-23,mswipe,Mobile Point of Sale payment solution,Unknown,"Falcon Edge Capital, Meru Capital, Ola, Matrix Partners, DSG Consumer Partners, Axis Bank",Private Equity,239.18,mswipe,"['falcon edge capital', 'meru capital', 'ola', 'matrix partners', 'dsg consumer partners', 'axis bank']",private equity,Unknown,False
2015-07-23,myonsto,Online Grocers,Unknown,Jayant Bokadia,Seed Funding,3.06,myonsto,['jayant bokadia'],seed funding,ahmedabad,False
2015-07-23,icrushiflush,Casual Dating App,Unknown,IDG Ventures India,Seed Funding,0.0,icrushiflush,['idg ventures india'],seed funding,mumbai,False
2015-07-23,medgenome,Clinical Genomics Provider,Unknown,Sequoia Capital,Private Equity,191.34,medgenome,['sequoia capital'],private equity,bengaluru,False
2015-07-23,holidayiq,Travel information portal,Unknown,MakeMyTrip,Private Equity,143.5,holidayiq,['makemytrip'],private equity,bengaluru,False
2015-07-23,fitternity,Fitness Marketplace,Unknown,Exfinity Venture Partners,Private Equity,9.57,fitternity,['exfinity venture partners'],private equity,mumbai,False
2015-07-23,quikr,Online & Mobile classified listings,Unknown,"AB Kinnevik, Falcon Edge Capital, Coatue Management",Private Equity,574.02,quikr,"['ab kinnevik', 'falcon edge capital', 'coatue management']",private equity,mumbai,False
2015-07-23,jetsetgo,Private Jet/ Helicopter Marketplace,Unknown,YourWeCan Ventures,Seed Funding,0.0,jetsetgo,['yourwecan ventures'],seed funding,new delhi,False
2015-07-24,broex,Real Estate Broker network App,Unknown,Lightspeed India,Private Equity,9.57,broex,['lightspeed india'],private equity,gurgaon,False
2015-07-25,shopatplaces,Ethnic/ Traditional Fashion Store,Unknown,Indian Angel Network,Seed Funding,0.0,shopatplaces,['indian angel network'],seed funding,new delhi,False
2015-07-25,credr,Used Bikes Marketplace,Unknown,Fidelity Growth Partners,Private Equity,143.5,credr,['fidelity growth partners'],private equity,mumbai,False
2015-07-27,managemyspa,Spa & Salon Management Software,Unknown,Accel Partners,Private Equity,57.4,managemyspa,['accel partners'],private equity,hyderabad,False
2015-07-27,townrush,B2B logistics delivery platform,Unknown,Lightspeed Venture Partners,Seed Funding,0.0,townrush,['lightspeed venture partners'],seed funding,bengaluru,False
2015-07-27,locus,Logistics Automation Platform,Unknown,"growX ventures,\\xc2\\xa0 Manish Singhal",Seed Funding,0.0,locus,"['growx ventures', 'manish singhal']",seed funding,bengaluru,False
2015-07-27,bevy,Online Hiring Platform,Unknown,Varun Agarwal & Others,Seed Funding,0.0,bevy,['varun agarwal & others'],seed funding,bengaluru,False
2015-07-28,pepperfry,Online home d\\xc3\\xa9cor marketplace,Unknown,"Goldman Sachs, Zodius Technology Fund, Bertelsmann India Investments Norwest Venture Partners.",Private Equity,956.7,pepperfry,"['goldman sachs', 'zodius technology fund', 'bertelsmann india investments norwest venture partners.']",private equity,mumbai,False
2015-07-28,flipkart,Online Marketplace,Unknown,Steadview Capital and existing investors,Private Equity,6696.9,flipkart,"['steadview capital', 'existing investors']",private equity,bengaluru,False
2015-07-28,opinio,Hyperlocal food & grocery store,Unknown,"Accel Partners, Traxcn Labs & Others",Seed Funding,12.44,opinio,"['accel partners', 'traxcn labs & others']",seed funding,bengaluru,False
2015-07-28,zoctr,Health-Tech platform,Unknown,"Sandeep Parwal, Krishan Gupta & Others",Seed Funding,9.57,zoctr,"['sandeep parwal', 'krishan gupta & others']",seed funding,mumbai,False
2015-07-29,zimmber,Hyperlocal Handyman Services,Unknown,"IDG Ventures India, Omidyar Network, Sherpalo Ventures,\\xc2\\xa0 Mohandas Pai",Private Equity,19.13,zimmber,"['idg ventures india', 'omidyar network', 'sherpalo ventures', 'mohandas pai']",private equity,mumbai,False
2015-07-29,truehb,Medical Tech Instruments,Unknown,"Sachin and Binny Bansal, Malvinder and Shivinder Singh, Gurpreet Singh & others",Seed Funding,22.96,truehb,"['sachin', 'binny bansal', 'malvinder', 'shivinder singh', 'gurpreet singh & others']",seed funding,new delhi,False
2015-07-29,zovi / little app,Hyperlocal Deals Marketplace,Unknown,"Paytm, SAIF Partners,\\xc2\\xa0 Tiger Global Management & others",Private Equity,478.35,zovi / little app,"['paytm', 'saif partners', 'tiger global management & others']",private equity,bengaluru,False
2015-07-29,swajal,Innovative Water Solutions,Unknown,Abhishek Gupta,Private Equity,11.48,swajal,['abhishek gupta'],private equity,gurgaon,False
2015-07-30,pipa bella,Online Jewelry Store,Unknown,LionRock Capital,Private Equity,5.74,pipabella,['lionrock capital'],private equity,mumbai,False
2015-07-30,pragmatix,Business intelligence & Analytics,Unknown,SIDBI Venture Capital Ltd,Private Equity,22.96,pragmatix,['sidbi venture capital ltd'],private equity,mumbai,False
2015-07-30,droom,Used Vehicle Marketplace,Unknown,"Lightbox Ventures, Beenos",Private Equity,153.07,droom,"['lightbox ventures', 'beenos']",private equity,new delhi,False
2015-07-30,madrat games,Educational Board Games,Unknown,"Kunal Bahl, Rohit Bansal",Seed Funding,1.61,madrat games,"['kunal bahl', 'rohit bansal']",seed funding,bengaluru,False
2015-07-30,noodle play,Chinese food delivery,Unknown,"Elliot Stechman, Gautam Sinha, Ambarish Ray",Seed Funding,1.61,noodle play,"['elliot stechman', 'gautam sinha', 'ambarish ray']",seed funding,mumbai,False
2015-07-30,wassup,On-Demand Laundry & Dry cleaning App,Unknown,B S Nagesh,Private Equity,0.0,wassup,['b s nagesh'],private equity,chennai,False
2015-07-30,cartisan,On-Demand Car services App,Unknown,"YouWeCan Ventures,\\xc2\\xa0 Aprameya Radhakrishna",Seed Funding,0.0,cartisan,"['youwecan ventures', 'aprameya radhakrishna']",seed funding,bengaluru,False
2015-07-31,lazylad,Hyperlocal Grocery App,Unknown,"Jai Choi, Kiyohiro Sugashita, Hirokazu",Private Equity,4.78,lazylad,"['jai choi', 'kiyohiro sugashita', 'hirokazu']",private equity,gurgaon,False
2015-07-31,tripfactory,Online Curated Holiday package bookings,Unknown,"Aarin Capital Partners,",Private Equity,0.0,tripfactory,"['aarin capital partners', '']",private equity,bengaluru,False
2015-07-31,prothom,Hasbro Toy Manufacturer,Unknown,Oliphabs Capital,Private Equity,19.13,prothom,['oliphabs capital'],private equity,pune,False
2015-07-31,bona vita,Travel Tech,Unknown,MakeMyTrip,Private Equity,47.84,bona vita,['makemytrip'],private equity,gurgaon,False
2015-06-01,vyomo,Beauty and Wellness Platform,Unknown,Aprameya Radhakrishna,Seed Funding,0.0,vyomo,['aprameya radhakrishna'],seed funding,new delhi,False
2015-06-01,veeba foods,Healthy Food Manufacturer,Unknown,"DSG Consumer Partners, Saama Capital.",Private Equity,57.4,veeba foods,"['dsg consumer partners', 'saama capital.']",private equity,new delhi,False
2015-06-01,truebil,Used Car Marketplace,Unknown,"Kae Capital, Anupam Mittal",Seed Funding,4.78,truebil,"['kae capital', 'anupam mittal']",seed funding,mumbai,False
2015-06-01,meritnation,Online Learning Platform,Unknown,InfoEdge,Private Equity,38.27,meritnation,['infoedge'],private equity,new delhi,False
2015-06-01,eattreatonline,Healthy Food Online Community,Unknown,Group of 15 Angel Investors,Seed Funding,3.35,eattreatonline,['group of 15 angel investors'],seed funding,new delhi,False
2015-06-01,credr,Used two-wheeler Marketplace,Unknown,GrowthStory,Seed Funding,0.0,credr,['growthstory'],seed funding,mumbai,False
2015-06-01,glamrs,Online Fashion Video Portal,Unknown,"Ventureworks India, Blume Ventures, Batlivala & Karani Securities, Nikunj Jhaveri",Private Equity,9.57,glamrs,"['ventureworks india', 'blume ventures', 'batlivala & karani securities', 'nikunj jhaveri']",private equity,mumbai,False
2015-06-01,proviera,Probiotic Technology Products Manufacturer,Unknown,Infuse Ventures,Private Equity,5.26,proviera,['infuse ventures'],private equity,chennai,False
2015-06-01,arth designbuild,Architectural Design & Consulting,Unknown,Srinivas Tirupati,Seed Funding,4.78,arth designbuild,['srinivas tirupati'],seed funding,hyderabad,False
2015-06-02,saama,Big Data & Analytics Services,Unknown,Carrick Capital Partners,Private Equity,334.84,saama,['carrick capital partners'],private equity,pune / us,True
2015-06-02,allizhealth,Preventive Healthcare Services,Unknown,Mumbai Angels & Other angel investors,Seed Funding,3.35,allizhealth,['mumbai angels & other angel investors'],seed funding,pune,False
2015-06-02,karma healthcare,Tech-enabled Rural Healthcare Services,Unknown,Ennovent Impact Investment Holding,Private Equity,0.0,karma healthcare,['ennovent impact investment holding'],private equity,udaipur,False
2015-06-03,entropy innovations,Engineering Innovations,Unknown,Mark Mobius & 9 Other Angel investors,Seed Funding,0.0,entropy innovations,['mark mobius & 9 other angel investors'],seed funding,mumbai,False
2015-06-03,propstack,Real Estate Intelligence Platform,Unknown,DMG Information,Private Equity,28.7,propstack,['dmg information'],private equity,mumbai,False
2015-06-03,mytaxiindia,Online Car Rental Affiliates,Unknown,Green House Ventures,Seed Funding,0.96,mytaxiindia,['green house ventures'],seed funding,new delhi,False
2015-06-03,arkin net,Data Center Software platform,Unknown,Nexus Venture Partners,Private Equity,143.5,arkin net,['nexus venture partners'],private equity,pune / us,True
2015-06-03,little black book delhi,Online City & Lifestyle Guide,Unknown,"Rajan Anandan, Niraj Singh, Sachin Bhatia, Singapore Angel Network & Aseem Vadehra",Seed Funding,1.44,little black book delhi,"['rajan anandan', 'niraj singh', 'sachin bhatia', 'singapore angel network & aseem vadehra']",seed funding,new delhi,False
2015-06-03,mypoolin,P2P Payments platform,Unknown,"Sharad Sharma, Rajan Anandan, Sunil Kalra, Amit Ranjan, Rohan Malhotra,\\xc2\\xa0 Arjun Malhotra, Gautam Gandhi",Seed Funding,0.0,mypoolin,"['sharad sharma', 'rajan anandan', 'sunil kalra', 'amit ranjan', 'rohan malhotra', 'arjun malhotra', 'gautam gandhi']",seed funding,new delhi,False
2015-06-03,icustomadeit,Bespoke Merchandize Marketplace,Unknown,"Virendra Shahney, Dr Paresh Doshi",Seed Funding,2.39,icustomadeit,"['virendra shahney', 'dr paresh doshi']",seed funding,pune,False
2015-06-03,kaaryah,Women Lifestyle Marketplace,Unknown,Ratan Tata,Seed Funding,0.0,kaaryah,['ratan tata'],seed funding,gurgaon,False
2015-06-04,ecom express,Logistics Solution Provider,Unknown,Warburg Pincus,Private Equity,1310.68,ecom express,['warburg pincus'],private equity,new delhi,False
2015-06-04,vidooly,Video Intelligence Platform,Unknown,Bessemer Venture Partners,Private Equity,9.57,vidooly,['bessemer venture partners'],private equity,noida,False
2015-06-04,zopper,Hyperlocal Shopping App,Unknown,"Tiger Global,\\xc2\\xa0 Nirvana Ventures Advisors",Private Equity,191.34,zopper,"['tiger global', 'nirvana ventures advisors']",private equity,mumbai,False
2015-06-04,flipkart,eCommerce platform,Unknown,Morgan Stanley,Private Equity,478.35,flipkart,['morgan stanley'],private equity,bengaluru,False
2015-06-05,kwatt solutions,Renewable energy solutions,Unknown,Undisclosed,Seed Funding,4.78,kwatt solutions,['undisclosed'],seed funding,mumbai,False
2015-06-05,medwell ventures,Healthcare\\nService provider,Unknown,"Fidelity Growth Partners, Fidelity Biosciences",Private Equity,95.67,medwell ventures,"['fidelity growth partners', 'fidelity biosciences']",private equity,bengaluru,False
2015-06-05,jugnoo,Auto Rickshaw Based Services,Unknown,"Snow Leopard, Paytm",Private Equity,47.84,jugnoo,"['snow leopard', 'paytm']",private equity,chandigarh,False
2015-06-08,postergully,Artist / Designer Marketplace,Unknown,"Natarajan Iyer,Rajesh Sawhney,\\xc2\\xa0 & other Angel investors.",Seed Funding,0.0,postergully,"['natarajan iyer', 'rajesh sawhney', '& other angel investors.']",seed funding,new delhi,False
2015-06-08,applied solar technologies,Off-grid Solar Power,Unknown,"Future Fund,Bessemer Venture, Capricorn Investment and IFC",Private Equity,382.68,applied solar technologies,"['future fund', 'bessemer venture', 'capricorn investment', 'ifc']",private equity,mumbai,False
2015-06-09,clovia,Private Label lingerie Ecommerce,Unknown,IvyCap Ventures,Private Equity,47.84,clovia,['ivycap ventures'],private equity,new delhi,False
2015-06-09,swiggy,Online Food Ordering,Unknown,"Norwest Venture Partners, SAIF Partners, Accel Partners",Private Equity,157.86,swiggy,"['norwest venture partners', 'saif partners', 'accel partners']",private equity,bengaluru,False
2015-06-09,paymango,Mobile Commerce Platform,Unknown,Group of Angel Investors,Seed Funding,2.24,paymango,['group of angel investors'],seed funding,gurgaon,False
2015-06-09,printland,Online Printing Services,Unknown,SIDBI Venture Capital Ltd,Private Equity,0.0,printland,['sidbi venture capital ltd'],private equity,new delhi,False
2015-06-09,teritree,Digital Marketing Services,Unknown,KCL,Seed Funding,1.34,teritree,['kcl'],seed funding,bengaluru,False
2015-06-10,guiddoo,Travel Guide Mobile App,Unknown,"Pawan Borle, SVP Fly Dubai & Others",Seed Funding,0.0,guidoo,"['pawan borle', 'svp fly dubai & others']",seed funding,mumbai,False
2015-06-10,voonik,Fashion Ecommerce store,Unknown,"Sequoia Capital, Seedfund",Private Equity,47.84,voonik,"['sequoia capital', 'seedfund']",private equity,bengaluru,False
2015-06-11,adstringo,Mobile Compression Software,Unknown,"Arihant Patni, Vishal Khare,\\xc2\\xa0 Viswanath Ramachandran",Seed Funding,3.35,adstringo,"['arihant patni', 'vishal khare', 'viswanath ramachandran']",seed funding,mumbai,False
2015-06-11,faircent,Peer to Peer Lending platform,Unknown,M&S Partners Pte. Ltd,Seed Funding,2.39,faircent,['m&s partners pte. ltd'],seed funding,gurgaon,False
2015-06-12,la renon,Global Healthcare products,Unknown,Sequoia Capital,Private Equity,153.07,la renon,['sequoia capital'],private equity,ahmedabad,False
2015-06-15,homelane,Home Furnishing Solutions,Unknown,Sequoia Capital,Private Equity,478.35,homelane,['sequoia capital'],private equity,bengaluru,False
2015-06-15,istar,Skill Training & Placement Platform,Unknown,Unitus Seed Fund,Private Equity,0.0,istar,['unitus seed fund'],private equity,bengaluru,False
2015-06-15,shippr,Intra-City Logistics service,Unknown,i2india Pvt Ltd,Seed Funding,4.78,shippr,['i2india pvt ltd'],seed funding,bengaluru,False
2015-06-16,foodabhi,online tiffin service aggregator,Unknown,Group of angel investors,Seed Funding,0.0,foodabhi,['group of angel investors'],seed funding,mumbai,False
2015-06-16,karma recycling,Electronic Goods recycling service,Unknown,"Infuse Ventures, Low Carbon Enterprise Fund",Private Equity,0.0,karma recycling,"['infuse ventures', 'low carbon enterprise fund']",private equity,delhi,False
2015-06-16,couponraja,Online Coupon & comparison platform,Unknown,"Mahesh Pratapneni, Pallab Chatterjee & others",Seed Funding,4.78,couponraja,"['mahesh pratapneni', 'pallab chatterjee & others']",seed funding,mumbai,False
2015-06-17,babychakra,Parents & Kids Online platform,Unknown,"Mumbai Angels, Patni Family Office, Singapore Angel Network, Karan Maheshwari, Jatin Aneja, Kishor Ganji, Roopa Nath",Seed Funding,0.0,babychakra,"['mumbai angels', 'patni family office', 'singapore angel network', 'karan maheshwari', 'jatin aneja', 'kishor ganji', 'roopa nath']",seed funding,mumbai,False
2015-06-17,jiffstore,Online Grocery platform,Unknown,"Unitus Seed Fund, Times Internet",Seed Funding,0.0,jiffstore,"['unitus seed fund', 'times internet']",seed funding,bengaluru,False
2015-06-17,mydentist,Dental Clinic chain,Unknown,"LGT Group, Asian Healthcare fund, Seedfund",Private Equity,78.45,mydentist,"['lgt group', 'asian healthcare fund', 'seedfund']",private equity,mumbai,False
2015-06-18,moovo,On-Demand Logistics Service,Unknown,YouWeCan Ventures,Seed Funding,0.0,moovo,['youwecan ventures'],seed funding,new delhi,False
2015-06-18,fracktal works,3D Printer Manufacturer,Unknown,Neoteric Infomatique Limited,Private Equity,28.7,fracktal works,['neoteric infomatique limited'],private equity,bengaluru,False
2015-06-18,hansa customer equity,IT / Customer Engagement Consulting,Unknown,ASK Pravi,Private Equity,47.84,hansa customer equity,['ask pravi'],private equity,mumbai,False
2015-06-18,healthifyme,Health & Fitness App,Unknown,"Gopal Srinivasan, Sashi Reddy, Amit Gupta, Pallav Nadhani",Private Equity,0.0,healthifyme,"['gopal srinivasan', 'sashi reddy', 'amit gupta', 'pallav nadhani']",private equity,bengaluru,False
2015-06-18,cakart,Online Education Marketplace,Unknown,Sunil Maheshwari & group of investors,Seed Funding,0.0,cakart,['sunil maheshwari & group of investors'],seed funding,bengaluru,False
2015-06-19,housejoy,Home services marketplace,Unknown,Matrix Partners,Private Equity,38.27,housejoy,['matrix partners'],private equity,bengaluru,False
2015-06-19,fundsindia,Financial Services Platform,Unknown,"Faering Capital, Foundation Capital, Inventus Capital Partners",Private Equity,105.24,fundsindia,"['faering capital', 'foundation capital', 'inventus capital partners']",private equity,chennai,False
2015-06-20,cupick,Social Network for Artists,Unknown,Group of Angel Investors from US/India,Seed Funding,1.15,cupick,"['JKN Partners', 'JK Patel', 'Sushil Agarwal', 'Kalpesh Shethia', 'Rajeev Mudumba', 'Dinesh Tadepalli', 'Sudheshna Vuppala']",seed funding,bengaluru,False
2015-06-20,tracxn,Startup funding platform,Unknown,"Sachin Bansal, Bunny Bansal & other investors",Private Equity,95.67,tracxn,"['sachin bansal', 'bunny bansal & other investors']",private equity,bengaluru,False
2015-06-21,holachef,Food Delivery Platform,Unknown,"Kalaari Capital, India Quotient",Private Equity,29.66,holachef,"['kalaari capital', 'india quotient']",private equity,mumbai,False
2015-06-22,elong,Data Driven recruitment recommendation,Unknown,"Kunal Bahl, Rohit Bansal, Blume Ventures, Phanindra Sama, Raju Reddy",Private Equity,47.84,elong,"['kunal bahl', 'rohit bansal', 'blume ventures', 'phanindra sama', 'raju reddy']",private equity,bengaluru,False
2015-06-22,ixigo,Travel Search Engine,Unknown,Micromax Informatics,Private Equity,0.0,ixigo,['micromax informatics'],private equity,gurgaon,False
2015-06-22,skillangels,Brain Games Platform,Unknown,Sprout Angels LLP,Seed Funding,0.0,skillangels,['sprout angels llp'],seed funding,chennai,False
2015-06-22,vidgyor,Video Advertisement Platform,Unknown,AngelPrime,Seed Funding,4.78,vidgyor,['angelprime'],seed funding,bengaluru,False
2015-06-22,banihal,Algorithmic Match Making Platform,Unknown,Dr David Cheriton,Seed Funding,0.0,banihal,['dr david cheriton'],seed funding,new delhi / california,True
2015-06-23,goodservice,Mobile Chat based concierge service,Unknown,Sequoia Capital,Private Equity,15.31,goodservice,['sequoia capital'],private equity,new delhi,False
2015-06-23,treebo,Online Budget Hotel Booking Service,Unknown,"Matrix Partners India, SAIF Partners",Private Equity,57.4,treebo,"['matrix partners india', 'saif partners']",private equity,bengaluru,False
2015-06-23,edukart,Online education marketplace,Unknown,"Holostik Group, YouWeCan Ventures, 500 Startups, Vijay Shekhar Sharma, Manish Kheterpal, Amit Patni",Private Equity,9.57,edukart,"['holostik group', 'youwecan ventures', '500 startups', 'vijay shekhar sharma', 'manish kheterpal', 'amit patni']",private equity,new delhi,False
2015-06-23,healthians,Preventive healthcare services,Unknown,YouWeCan Ventures,Seed Funding,0.0,healthians,['youwecan ventures'],seed funding,hyderabad,False
2015-06-24,labinapp,Science Learning App,Unknown,Unitus Seed Fund,Seed Funding,0.0,labinapp,['unitus seed fund'],seed funding,bengaluru,False
2015-06-24,syona cosmetics,Beauty and Wellness platform,Unknown,Chennai Angels,Seed Funding,0.0,syona cosmetics,['chennai angels'],seed funding,chennai,False
2015-06-24,sigrid education,Online Education Platform,Unknown,Oliphans Capital,Seed Funding,0.0,sigrid education,['oliphans capital'],seed funding,noida,False
2015-06-24,indix,SaaS product intelligence platform,Unknown,"Nokia Growth Partners, Nexus Venture Partners, Avalon Ventures",Private Equity,143.5,indix,"['nokia growth partners', 'nexus venture partners', 'avalon ventures']",private equity,Unknown,False
2015-06-24,the porter,Logistics Tech,Unknown,"Sequoia Capital, Kae Capital, Anupam Mittal, Sandeep Tandon",Private Equity,52.62,the porter,"['sequoia capital', 'kae capital', 'anupam mittal', 'sandeep tandon']",private equity,mumbai,False
2015-06-24,retention,App Analytics platform,Unknown,"Mercury Fund, Anshu Sharma, Pratyush Prasanna, Robert Winters & others",Seed Funding,4.78,retention,"['mercury fund', 'anshu sharma', 'pratyush prasanna', 'robert winters & others']",seed funding,bengaluru,False
2015-06-25,fusion microfinance,Micro Finance Platform,Unknown,"Development finance institution Belgian Investment Company, Oikocredit",Private Equity,82.28,fusion microfinance,"['development finance institution belgian investment company', 'oikocredit']",private equity,new delhi,False
2015-06-25,zinka,Freight logistics platform,Unknown,"Accel Partners, Flipkart",Private Equity,57.4,zinka,"['accel partners', 'flipkart']",private equity,bengaluru,False
2015-06-26,creditmantri,Credit Management Services,Unknown,"IDG Ventures India, Elevar Equity, Accion Venture Lab",Private Equity,23.92,creditmantri,"['idg ventures india', 'elevar equity', 'accion venture lab']",private equity,chennai,False
2015-06-26,getmypeon,Hyperlocal Handyman Services,Unknown,Undisclosed investors,Seed Funding,2.39,getmypeon,['undisclosed investors'],seed funding,mumbai,False
2015-06-29,urbanclap,Hyperlocal services marketplace,Unknown,"SAIF Partners,\\xc2\\xa0 Accel Partners",Private Equity,95.67,urbanclap,"['saif partners', 'accel partners']",private equity,new delhi,False
2015-06-29,stayglad,Beauty services Mobile Marketplace,Unknown,"Tracxn Labs, Sahil Barua",Seed Funding,0.0,stayglad,"['tracxn labs', 'sahil barua']",seed funding,bengaluru,False
2015-06-29,adwyze,Marketing / Advertising Automation platform,Unknown,Mape Advisory,Seed Funding,9.57,adwyze,['mape advisory'],seed funding,bengaluru,False
2015-06-29,zimmber,Hyperlocal Handyman Services,Unknown,"Naveen Tiwari, Mohit Saxena, Amit Gupta, Piyush Shah, Manish Dugar",Seed Funding,3.83,zimmber,"['naveen tiwari', 'mohit saxena', 'amit gupta', 'piyush shah', 'manish dugar']",seed funding,mumbai,False
2015-06-30,buttercups,Online Lingerie platform,Unknown,"Kanwaljit Singh, Angie Mahtaney, Manoj Varghese",Seed Funding,0.0,buttercups,"['kanwaljit singh', 'angie mahtaney', 'manoj varghese']",seed funding,bengaluru,False
2015-06-30,railyatri,Railways Information Mobile app,Unknown,"Helion Ventures, Omidiyar Network, Blume Ventures and Ujama",Private Equity,0.0,railyatri,"['helion ventures', 'omidiyar network', 'blume ventures', 'ujama']",private equity,bengaluru,False
2015-06-30,aagaar,Hyperlocal grocery delivery,Unknown,Group of Investors,Seed Funding,0.0,aagaar,['group of investors'],seed funding,gurgaon,False
2015-06-30,flatchat,Flat rental Mobile App,Unknown,Commonfloor,Private Equity,23.92,flatchat,['commonfloor'],private equity,bengaluru,False
2015-06-30,mycfo,Wealth Management Platform,Unknown,Sameer Koticha,Private Equity,14.35,mycfo,['sameer koticha'],private equity,mumbai,False
2015-05-01,foodpanda,Online Food Delivery,Unknown,"Goldman Sachs, Rocket Internet",Private Equity,956.7,foodpanda,"['goldman sachs', 'rocket internet']",private equity,gurgaon,False
2015-05-01,termsheet,Fund Raising Platform,Unknown,"Anand Vijay, Nipun Dureja, Satyajit Heeralal, Keith Rodricks, Gaurav Lochan, Azmul Haque, Nikhil Bagri",Seed Funding,0.96,termsheet,"['anand vijay', 'nipun dureja', 'satyajit heeralal', 'keith rodricks', 'gaurav lochan', 'azmul haque', 'nikhil bagri']",seed funding,chennai,False
2015-05-04,applicate,Workforce Management Software,Unknown,"Rishi Vasudev, Amit Gupta, Rajiv Nayan",Seed Funding,5.26,applicate,"['rishi vasudev', 'amit gupta', 'rajiv nayan']",seed funding,bengaluru,False
2015-05-04,world art community,Online Art Marketplace,Unknown,Viraj Tyagi & others,Seed Funding,1.91,world art community,['viraj tyagi & others'],seed funding,gurgaon,False
2015-05-04,spoonjoy,Online Food Delivery,Unknown,SAIF Partners,Seed Funding,9.57,spoonjoy,['saif partners'],seed funding,bengaluru,False
2015-05-05,seed schools,Affordable Education,Unknown,Acumen Fund,Seed Funding,6.22,seed schools,['acumen fund'],seed funding,hyderabad,False
2015-05-05,ignis careers,Career Development,Unknown,Acumen Fund,Seed Funding,2.39,ignis careers,['acumen fund'],seed funding,hyderabad,False
2015-05-05,square yards,Real Estate Advisory,Unknown,Undisclosed Investors,Private Equity,57.4,square yards,['undisclosed investors'],private equity,gurgaon,False
2015-05-05,fintellix,Banking Analytics Platform,Unknown,"IDG Ventures, Sequoia Capital",Private Equity,143.5,fintellix,"['idg ventures', 'sequoia capital']",private equity,bengaluru,False
2015-05-05,customer360,Customer Engagement Platform,Unknown,Vishwas Patel,Seed Funding,0.0,customer360,['vishwas patel'],seed funding,mumbai,False
2015-05-06,delhivery,Ecommerce Logistics,Unknown,"Tiger Global Management, Multiples Alternate Asset Management, Nexus Venture Partners, Times Internet",Private Equity,813.2,delhivery,"['tiger global management', 'multiples alternate asset management', 'nexus venture partners', 'times internet']",private equity,gurgaon,False
2015-05-06,swiggy,Online Food Delivery,Unknown,Norwest Venture Partners,Private Equity,143.5,swiggy,['norwest venture partners'],private equity,bengaluru,False
2015-05-07,uniphore,Speech Recognition Solutions,Unknown,"IDG Ventures, Kris Gopalakrishnan",Private Equity,0.0,uniphore,"['idg ventures', 'kris gopalakrishnan']",private equity,chennai,False
2015-05-07,box8,Online Food Delivery,Unknown,Mayfield Ventures,Private Equity,33.48,box8,['mayfield ventures'],private equity,mumbai,False
2015-05-07,toppr,Online Education Platform,Unknown,"Fidelity Growth Partners India, SAIF Partners,\\xc2\\xa0 Helion Ventures",Private Equity,95.67,toppr,"['fidelity growth partners india', 'saif partners', 'helion ventures']",private equity,mumbai,False
2015-05-07,vedantu,Online Education Platform,Unknown,"Accel Partners, Tiger Global Management",Private Equity,47.84,vedantu,"['accel partners', 'tiger global management']",private equity,bengaluru,False
2015-05-08,buyhatke,Online Product Comparison,Unknown,"S.Gopalakrishnan, Beenos",Seed Funding,9.57,buyhatke,"['s.gopalakrishnan', 'beenos']",seed funding,bengaluru,False
2015-05-08,kleverkid,Online Education Platform,Unknown,Aarin Capital Partners,Seed Funding,0.0,kleverkid,['aarin capital partners'],seed funding,new delhi,False
2015-05-08,uniken,Online Security Platform,Unknown,Exfinity Ventures,Private Equity,19.13,uniken,['exfinity ventures'],private equity,pune,False
2015-05-08,grandopinion,Online Medical Diagnostic,Unknown,Florida based Angel investor,Seed Funding,1.44,grandopinion,['florida based angel investor'],seed funding,new delhi,False
2015-05-08,healthifyme,Health & Fitness App,Unknown,Micromax Informatics,Private Equity,0.0,healthifyme,['micromax informatics'],private equity,bengaluru,False
2015-05-12,zapstitch,Cloud Data Integration Platform,Unknown,"Helion Venture Partners, Orios Venture Partners",Private Equity,19.13,zapstitch,"['helion venture partners', 'orios venture partners']",private equity,bengaluru,False
2015-05-12,wassup,Mobile Laundry Cleaning Service,Unknown,"Arun Chandra Mohan, Praveen Sinha",Private Equity,19.13,wassup,"['arun chandra mohan', 'praveen sinha']",private equity,chennai,False
2015-05-12,mobiefit,Mobile Fitness App,Unknown,Prototyze,Seed Funding,0.0,mobiefit,['prototyze'],seed funding,goa,False
2015-05-12,plancess,Online Education Platform,Unknown,"Rajendra Gogri,\\xc2\\xa0 Chandrakant Gogri",Seed Funding,19.13,plancess,"['rajendra gogri', 'chandrakant gogri']",seed funding,mumbai,False
2015-05-12,workhorse,Service-On-Demand Mobile App,Unknown,Undisclosed Investors,Seed Funding,0.0,workhorse,['undisclosed investors'],seed funding,mumbai,False
2015-05-13,innovaccer,Intelligent Data Analytics,Unknown,"Rajan Anandan, Teru Sato, Aneesh Reddy, Venkatesh Valluri",Seed Funding,0.0,innovaccer,"['rajan anandan', 'teru sato', 'aneesh reddy', 'venkatesh valluri']",seed funding,noida,False
2015-05-13,mycuteoffice,Online Office Rental,Unknown,Lead Angels,Seed Funding,0.0,mycuteoffice,['lead angels'],seed funding,mumbai,False
2015-05-14,indianroots,Lifestyle Ecommerce Portal,Unknown,KJS Group,Private Equity,47.84,indianroots,['kjs group'],private equity,gurgaon,False
2015-05-14,redpolka,Online Fashion Aggregator,Unknown,Undisclosed Investors,Seed Funding,2.39,redpolka,['undisclosed investors'],seed funding,mumbai,False
2015-05-15,venturesity,Online Job skills Showcase,Unknown,"Phanindra Sama, Jay Sethuram, Hemant Kanakia, Ravi Trivedi",Seed Funding,2.58,venturesity,"['phanindra sama', 'jay sethuram', 'hemant kanakia', 'ravi trivedi']",seed funding,bengaluru,False
2015-05-18,thebetterindia,Online News Media,Unknown,Mohandas Pai,Seed Funding,0.0,thebetterindia,['mohandas pai'],seed funding,bengaluru,False
2015-05-18,awaaz de,Enterprise Communication Platform,Unknown,Samir Shah,Seed Funding,0.0,awaaz de,['samir shah'],seed funding,ahmedabad,False
2015-05-19,chaayos,Offline Tea Chain,Unknown,Tiger Global Management,Private Equity,9.57,chaayos,['tiger global management'],private equity,new delhi,False
2015-05-19,akosha,Business Messaging App,Unknown,Sequoia Capital,Private Equity,153.07,akosha,['sequoia capital'],private equity,new delhi,False
2015-05-19,cooey,Health Mobile App,Unknown,Subhash Goyal,Seed Funding,4.5,cooey,['subhash goyal'],seed funding,bengaluru,False
2015-05-19,meetuniv,Online Ed-Tech Platform,Unknown,Peesh Venture Capital,Seed Funding,9.57,meetuniv,['peesh venture capital'],seed funding,noida,False
2015-05-19,inspirock,Online Travel Planning,Unknown,MakeMyTrip Innovation Fund,Private Equity,0.0,inspirock,['makemytrip innovation fund'],private equity,Unknown,False
2015-05-19,crown-it,Hyperlocal Mobile Marketplace,Unknown,"Accel Partners, Helion Venture Partners",Private Equity,52.62,crownit,"['accel partners', 'helion venture partners']",private equity,gurgaon,False
2015-05-19,trucksfirst,Trucking Logistic Operations,Unknown,SAIF partners,Private Equity,95.67,trucksfirst,['saif partners'],private equity,gurgaon,False
2015-05-20,lookup,B2C Messaging App,Unknown,Biz Stone,Private Equity,28.7,lookup,['biz stone'],private equity,bengaluru,False
2015-05-21,sunterrace,Rooftop Solar Plants,Unknown,Sunergy Investors,Private Equity,0.0,sunterrace,['sunergy investors'],private equity,new delhi,False
2015-05-22,nudgespot,Customer Engagement Platform,Unknown,"Kae Capital, Anoop Goyal, Mike Shah, VA Sastry",Seed Funding,5.98,nudgespot,"['kae capital', 'anoop goyal', 'mike shah', 'va sastry']",seed funding,bengaluru,False
2015-05-22,cardekho,Online Car Portal,Unknown,HDFC Bank,Private Equity,0.0,cardekho,['hdfc bank'],private equity,jaipur,False
2015-05-22,eveningflavors,Online Table Reservation,Unknown,Sandiep Shrivatsava,Seed Funding,4.78,eveningflavors,['sandiep shrivatsava'],seed funding,bengaluru,False
2015-05-25,razorpay,Online Payment Gateway,Unknown,Punit Soni,Seed Funding,0.0,razorpay,['punit soni'],seed funding,bengaluru,False
2015-05-25,zenparent,Parents focused Web Content,Unknown,i2india Ventures,Seed Funding,4.78,zenparent,['i2india ventures'],seed funding,bengaluru,False
2015-05-25,newgen payments,Payments Solution Provider,Unknown,Jan Manten,Seed Funding,0.0,newgen payments,['jan manten'],seed funding,new delhi,False
2015-05-26,urbanpro,On-demand Service marketplace,Unknown,Nirvana Venture Advisors,Private Equity,19.13,urbanpro,['nirvana venture advisors'],private equity,bengaluru,False
2015-05-26,goodbox,On-Demand Business messaging,Unknown,Manipal Group,Seed Funding,1.91,goodbox,['manipal group'],seed funding,bengaluru,False
2015-05-26,renderlogy,Online Home D\\xc3\\xa9cor,Unknown,Astarc Ventures,Private Equity,9.57,renderlogy,['astarc ventures'],private equity,hyderabad,False
2015-05-27,postman,API Workflow platform,Unknown,Nexus Venture Partners,Seed Funding,9.57,postman,['nexus venture partners'],seed funding,bengaluru,False
2015-05-27,casa2inns,Affordable Hotel Booking Online,Unknown,"Accel Partners, Kalaari Capital",Private Equity,47.84,casa2inns,"['accel partners', 'kalaari capital']",private equity,new delhi,False
2015-05-27,fleetrover,Logistics Intelligence,Unknown,"Tim Chen, Sanjay Venkat",Seed Funding,1.72,fleetrover,"['tim chen', 'sanjay venkat']",seed funding,goa,False
2015-05-28,thekarrier,Last Mile Logistics,Unknown,"Sol Primero, Outbox Ventures, Nikunj Jain",Seed Funding,2.3,thekarrier,"['sol primero', 'outbox ventures', 'nikunj jain']",seed funding,bengaluru,False
2015-05-28,zoomcar,Self-driven Car rental,Unknown,Sequoia Capital,Private Equity,47.84,zoomcar,['sequoia capital'],private equity,bengaluru,False
2015-05-28,truweight,Weight Management Service,Unknown,Kalaari Capital,Private Equity,0.0,truweight,['kalaari capital'],private equity,hyderabad,False
2015-05-30,ather energy,Electric Scooter Manufacturer,Unknown,Tiger Global,Private Equity,114.8,ather energy,['tiger global'],private equity,bengaluru,False
2015-04-03,swiggy,Online Food Delivery,Unknown,"Accel Partners, SAIF Partners",Private Equity,19.13,swiggy,"['accel partners', 'saif partners']",private equity,bengaluru,False
2015-04-04,bluegape,Web Content Publishing,Unknown,"Rudy Gopalakrishnan, ah! Ventures",Seed Funding,1.91,bluegape,"['rudy gopalakrishnan', 'ah! ventures']",seed funding,gurgaon,False
2015-04-04,keeptrax,Location Based App,Unknown,Undisclosed,Seed Funding,9.57,keeptrax,['undisclosed'],seed funding,dallas / hyderabad,True
2015-04-06,instalively,Video Streaming,Unknown,"Rajesh Sawheny , Rajan Anandan, Amit Ranjan, Niraj Singh, AECAL, MeraEvents.",Seed Funding,1.15,instalively,"['rajesh sawheny ', 'rajan anandan', 'amit ranjan', 'niraj singh', 'aecal', 'meraevents.']",seed funding,new delhi,False
2015-04-07,pricejugaad,Price Comparison,Unknown,"Amit Tyagi, Sandeep Acharya & others",Seed Funding,1.58,pricejugaad,"['amit tyagi', 'sandeep acharya & others']",seed funding,hyderabad,False
2015-04-07,quikr,Online Classifieds,Unknown,"Tiger Global, Investment AB Kinnevik, Steadview Capital",Private Equity,1435.05,quikr,"['tiger global', 'investment ab kinnevik', 'steadview capital']",private equity,mumbai,False
2015-04-07,pressplay,Travel Entertainment,Unknown,"Sequoia Capital, Jason Hirschhorn, Jarett Posner, and Amit Bhatiani",Seed Funding,21.05,pressplay,"['sequoia capital', 'jason hirschhorn', 'jarett posner', 'and amit bhatiani']",seed funding,new delhi,False
2015-04-07,loginext,Logistics Tech,Unknown,"Ajit Surana, Sanjay Mehta",Seed Funding,0.0,loginext,"['ajit surana', 'sanjay mehta']",seed funding,mumbai,False
2015-04-08,firstcry,eCommerce,Unknown,"Silicon Valley Ventures, NEA Ventures, Valiant Capital, IDG Ventures India,\\xc2\\xa0 SAIF Partners, Vertex Ventures",Private Equity,95.67,firstcry,"['silicon valley ventures', 'nea ventures', 'valiant capital', 'idg ventures india', 'saif partners', 'vertex ventures']",private equity,pune,False
2015-04-08,mobikwik,Digital / Mobile Wallet,Unknown,"Tree Line Asia, Cisco Investments, American Express, Sequoia Capital",Private Equity,239.18,mobikwik,"['tree line asia', 'cisco investments', 'american express', 'sequoia capital']",private equity,gurgaon,False
2015-04-08,olacabs,Cab Aggregator,Unknown,"DST Global, Steadview Capital, Tiger Global, Accel Partners & Others",Private Equity,3826.8,olacabs,"['dst global', 'steadview capital', 'tiger global', 'accel partners & others']",private equity,bengaluru,False
2015-04-09,gadgetwood,Device Repair Svcs,Unknown,"Ajai Chowdhry, Ashvin Chadha, Yogesh Bansal,\\nNitin Singhal & Others",Seed Funding,1.91,gadgetwood,"['ajai chowdhry', 'ashvin chadha', 'yogesh bansal', '', 'nitin singhal & others']",seed funding,new delhi,False
2015-04-09,bonhomia,Premium Beverages,Unknown,"Kanwaljit Singh, Shripad Nadkarni, Sarvesh Shahra & Others",Seed Funding,19.13,bonhomia,"['kanwaljit singh', 'shripad nadkarni', 'sarvesh shahra & others']",seed funding,new delhi,False
2015-04-09,changer mints,Digital / Mobile Wallet,Unknown,Hyderabad based investor,Seed Funding,1.58,changer mints,['hyderabad based investor'],seed funding,kolkata,False
2015-04-09,urban ladder,Online Furnishing\\neCommerce,Unknown,"Sequoia Capital, TR Capital, Steadview Capital, SAIF Partners, Kalaari Capital",Private Equity,478.35,urbanladder,"['sequoia capital', 'tr capital', 'steadview capital', 'saif partners', 'kalaari capital']",private equity,bengaluru,False
2015-04-09,purple squirrel,Ed-Tech,Unknown,"Matrix Partners India, India Quotient",Private Equity,0.0,purple squirrel,"['matrix partners india', 'india quotient']",private equity,mumbai,False
2015-04-10,whatfix,Interactive\\xc2\\xa0 How-To Guides,Unknown,"Helion Venture Partner, Powerhouse Ventures, GSF and Other angel investors",Seed Funding,8.61,whatfix,"['helion venture partner', 'powerhouse ventures', 'gsf', 'other angel investors']",seed funding,bengaluru,False
2015-04-10,immi life,Mobile Health Tech,Unknown,Unitus Seed Fund,Seed Funding,0.0,immi life,['unitus seed fund'],seed funding,chennai,False
2015-04-11,zomato,Restaurant Reviews,Unknown,Info Edge (India),Private Equity,239.18,zomato,['info edge (india)'],private equity,gurgaon,False
2015-04-13,zopnow,Online Grocer,Unknown,"Dragoneer Investment, Accel Partners, Qualcomm Ventures, Times Internet",Private Equity,95.67,zopnow,"['dragoneer investment', 'accel partners', 'qualcomm ventures', 'times internet']",private equity,bengaluru,False
2015-04-13,nayi disha,Ed-Tech,Unknown,"Ajay Relan,",Seed Funding,2.87,nayi disha,"['ajay relan', '']",seed funding,new delhi,False
2015-04-13,the porter,Logistics Tech,Unknown,Kae Capital,Seed Funding,4.78,the porter,['kae capital'],seed funding,mumbai,False
2015-04-13,commeasure,Online Hotel Booking,Unknown,Jungle Ventures,Seed Funding,9.57,commeasure,['jungle ventures'],seed funding,noida,False
2015-04-13,capricoast,Online Kitchen Furniture,Unknown,Accel Partners India,Seed Funding,11.96,capricoast,['accel partners india'],seed funding,bengaluru,False
2015-04-14,localoye,Hyper-local Online Services,Unknown,"Tiger Global Management, Lightspeed Venture Partners",Private Equity,47.84,localoye,"['tiger global management', 'lightspeed venture partners']",private equity,mumbai,False
2015-04-15,grofers,Hyper-Local Online/Mobile Grocery,Unknown,"Tiger Global, Sequoia Capital",Private Equity,334.84,grofers,"['tiger global', 'sequoia capital']",private equity,gurgaon,False
2015-04-15,peppertap,Hyper-Local Online/Mobile Grocery,Unknown,"SAIF Partners, Sequoia Capital",Private Equity,95.67,peppertap,"['saif partners', 'sequoia capital']",private equity,gurgaon,False
2015-04-15,policybazaar,Online Policy Aggregator,Unknown,"PremjiInvest, Tiger Global, Ribbit Capital",Private Equity,382.68,policybazaar,"['premjiinvest', 'tiger global', 'ribbit capital']",private equity,gurgaon,False
2015-04-16,urbanclap,Hyperlocal Mobile Services Marketplace,Unknown,"SAIF Partners, Accel Partners, Kunal Bahl, Rohit Bansal",Seed Funding,15.31,urbanclap,"['saif partners', 'accel partners', 'kunal bahl', 'rohit bansal']",seed funding,new delhi,False
2015-04-16,taskbob,OnDemand\\nMobile Handyman Services,Unknown,"Orios Venture Partners, Mayfield India",Seed Funding,11.48,taskbob,"['orios venture partners', 'mayfield india']",seed funding,mumbai,False
2015-04-17,robosoft,Mobile App Development,Unknown,"Ascent Capital, Kalaari Capital",Private Equity,114.8,robosoft,"['ascent capital', 'kalaari capital']",private equity,udupi,False
2015-04-18,doormint,On-Demand Handyman Services,Unknown,Powai Lake Ventures,Seed Funding,0.0,doormint,['powai lake ventures'],seed funding,mumbai,False
2015-04-20,vyomo,Beauty & Wellness Mobile App,Unknown,YouWeCan Ventures,Seed Funding,0.0,vyomo,['youwecan ventures'],seed funding,gurgaon,False
2015-04-20,pastiwala,Material Collection & Recycling,Unknown,Agnus Capital,Private Equity,38.27,pastiwala,['agnus capital'],private equity,vadodara,False
2015-04-20,1mg (healthkartplus),Online Pharmacy & Drug DB,Unknown,"Deep Kalra, Sequoia Capital, Omidyar Network, Intel Capital & Kae Capital",Private Equity,57.4,1mg (healthkartplus),"['deep kalra', 'sequoia capital', 'omidyar network', 'intel capital & kae capital']",private equity,gurgaon,False
2015-04-20,freshdesk,Online / Mobile Customer Support,Unknown,"Tiger Global, Google Capital & Accel Partners",Private Equity,478.35,freshdesk,"['tiger global', 'google capital & accel partners']",private equity,chennai,False
2015-04-20,sulekha,Online Classifieds & Listings,Unknown,GIC ventures,Private Equity,267.88,sulekha,['gic ventures'],private equity,chennai,False
2015-04-22,findyahan,Hyperlocal services marketplace,Unknown,The Phoenix Fund,Private Equity,0.0,findyahan,['the phoenix fund'],private equity,new delhi,False
2015-04-22,eat.shop.love,Fashion ECommerce,Unknown,Undisclosed Investor,Private Equity,33.48,eat.shop.love,['undisclosed investor'],private equity,bengaluru,False
2015-04-22,avanti learning,Private Coaching Centers,Unknown,"Michael & Susan Dell Foundation, Pearson Learning Fund",Private Equity,14.35,avanti learning,"['michael & susan dell foundation', 'pearson learning fund']",private equity,new delhi,False
2015-04-23,simplilearn,Online Certification Courses,Unknown,"Mayfield Ventures, Kalaari Capital, Helion Ventures",Private Equity,143.5,simplilearn,"['mayfield ventures', 'kalaari capital', 'helion ventures']",private equity,bengaluru,False
2015-04-23,craftstvilla,Ethnic Product eCommerce,Unknown,"Sequoia Capital, Nexus venture Partners, Lightspeed Ventures, GFC",Private Equity,172.21,craftsvilla,"['sequoia capital', 'nexus venture partners', 'lightspeed ventures', 'gfc']",private equity,mumbai,False
2015-04-23,headout,Last Minute Travel Deals mobile marketplace,Unknown,"Version One Ventures, 500 Startups, Nexus Venture Partners and Arena Ventures",Seed Funding,17.22,headout,"['version one ventures', '500 startups', 'nexus venture partners', 'arena ventures']",seed funding,bangalore / sfo,True
2015-04-23,happay,usiness expense management,Unknown,AngelPrime,Seed Funding,4.78,happay,['angelprime'],seed funding,bengaluru,False
2015-04-23,jugnoo,Auto Rickshaw based Logistics,Unknown,"Rakesh Mathur, Vikas Taneja & others",Seed Funding,9.57,jugnoo,"['rakesh mathur', 'vikas taneja & others']",seed funding,chandigarh,False
2015-04-23,eazydiner,Restaurant reservation app,Unknown,"Deepak Shahdadpuri, Gulpreet Kohli",Seed Funding,0.0,eazydiner,"['deepak shahdadpuri', 'gulpreet kohli']",seed funding,new delhi,False
2015-04-23,phone warrior,Spam Call block App,Unknown,Lightspeed Ventures,Seed Funding,0.0,phone warrior,['lightspeed ventures'],seed funding,new delhi,False
2015-04-24,coverfox,Online Insurance Aggregator,Unknown,"Accel US, Accel India, SAIF Partners.",Private Equity,114.8,coverfox,"['accel us', 'accel india', 'saif partners.']",private equity,mumbai,False
2015-04-27,torqus,Restaurant Management Platform,Unknown,S S Mukherji & Others,Seed Funding,3.35,torqus,['s s mukherji & others'],seed funding,pune,False
2015-04-27,grab,Food Logistics & Delivery,Unknown,"Oliphans Capital, Haresh Chawla",Seed Funding,9.57,grab,"['oliphans capital', 'haresh chawla']",seed funding,mumbai,False
2015-04-27,logicroots,Interactive Educational Games,Unknown,"Ah! Ventures, Calcutta Angels,\\xc2\\xa0 91SpringBoard",Seed Funding,3.83,logicroots,"['ah! ventures', 'calcutta angels', '91springboard']",seed funding,jaipur,False
2015-04-27,gibbs,Clean Tech,Unknown,Infuse Ventures fund,Private Equity,0.0,gibbs,['infuse ventures fund'],private equity,new delhi,False
2015-04-28,babajobs,Grey collar Job Board,Unknown,SEEK Ltd & affiliates,Private Equity,95.67,babajobs,['seek ltd & affiliates'],private equity,bengaluru,False
2015-04-28,urban ladder,Online Furniture ecommerce,Unknown,"Anand Rajaraman, Venky Harinarayan",Private Equity,0.0,urbanladder,"['anand rajaraman', 'venky harinarayan']",private equity,bengaluru,False
2015-04-28,jay robotix,Robotic Program learning,Unknown,Cross Border Angels & others,Seed Funding,2.39,jay robotix,['cross border angels & others'],seed funding,hyderabad,False
2015-04-28,naaptol,Tele-Shopping / eCommerce,Unknown,Mitsui & Co & existing investors,Private Equity,205.69,naaptol,['mitsui & co & existing investors'],private equity,mumbai,False
2015-04-29,reglobe,Used Gadgets Buy / Refurbishing,Unknown,"Bessemer Ventures, Blume Ventures",Seed Funding,9.57,reglobe,"['bessemer ventures', 'blume ventures']",seed funding,gurgaon,False
2015-04-29,icertis,Cloud Enterprise Software,Unknown,"Greycroft Partners, Fidelity Growth Partners",Private Equity,57.4,icertis,"['greycroft partners', 'fidelity growth partners']",private equity,pune / us,True
2015-04-29,tracxn,Startup Analytics platform,Unknown,SAIF Partners,Private Equity,33.48,tracxn,['saif partners'],private equity,bengaluru,False
2015-04-29,dazo,Mobile Food Ordering app,Unknown,"Sumit Jain, Aprameya Radhakrishna, Alok Goel, Rajan Anandan, Amit Agrawal, Vinay Goel, Gaurav Munjal, Ashish Dev Kapur",Seed Funding,0.0,dazo,"['sumit jain', 'aprameya radhakrishna', 'alok goel', 'rajan anandan', 'amit agrawal', 'vinay goel', 'gaurav munjal', 'ashish dev kapur']",seed funding,bengaluru,False
2015-04-29,tradelab,Financial Markets Software,Unknown,Rainmatter,Seed Funding,3.83,tradelab,['rainmatter'],seed funding,bengaluru,False
2015-04-29,piqube,Hiring Analytics platform,Unknown,The HR Fund,Seed Funding,4.78,piqube,['the hr fund'],seed funding,chennai,False
2015-04-29,travel triangle,Online Travel Marketplace,Unknown,"Bessemer Venture Partners, SAIF Partners",Private Equity,76.54,traveltriangle,"['bessemer venture partners', 'saif partners']",private equity,noida,False
2015-03-02,trulymadly,Unknown,Unknown,"Helion Venture Partners, Kae Capital",Private Equity,52.62,trulymadly,"['helion venture partners', 'kae capital']",private equity,Unknown,False
2015-03-02,instalively,Unknown,Unknown,Group of Angel Investors,Seed Funding,1.15,instalively,['group of angel investors'],seed funding,Unknown,False
2015-03-03,vserv,Unknown,Unknown,"Maverick Capital, IDG Ventures India",Private Equity,143.5,vserv,"['maverick capital', 'idg ventures india']",private equity,Unknown,False
2015-03-03,intruo,Unknown,Unknown,"Ashutosh Lawania, Alok Goel & others",Seed Funding,0.0,intruo,"['ashutosh lawania', 'alok goel & others']",seed funding,Unknown,False
2015-03-05,niffler,Unknown,Unknown,SAIF Partners,Seed Funding,9.57,niffler,['saif partners'],seed funding,Unknown,False
2015-03-05,customfurnish,Unknown,Unknown,"Madhukar Gangadi, Satish Reddy, Srini Raju, Srini Koppolu & SIDBI",Private Equity,23.92,customfurnish,"['madhukar gangadi', 'satish reddy', 'srini raju', 'srini koppolu & sidbi']",private equity,Unknown,False
2015-03-06,mapmygenome,Unknown,Unknown,Rajan Anandan & other angel investors,Private Equity,11.48,mapmygenome,['rajan anandan & other angel investors'],private equity,Unknown,False
2015-03-09,crowdfire (formerly justunfollow),Unknown,Unknown,Kalaari Capital,Private Equity,23.92,crowdfire (formerly justunfollow),['kalaari capital'],private equity,Unknown,False
2015-03-09,bite club,Unknown,Unknown,"Powai Lake Ventures, Aneesh Reddy, Ashish Kashyap, Alok Mittal",Seed Funding,4.78,biteclub,"['powai lake ventures', 'aneesh reddy', 'ashish kashyap', 'alok mittal']",seed funding,Unknown,False
2015-03-10,localbanya,Unknown,Unknown,Shrem Strategies,Private Equity,0.0,localbanya,['shrem strategies'],private equity,Unknown,False
2015-03-11,appedo,Unknown,Unknown,Undisclosed Investors,Seed Funding,9.57,appedo,['undisclosed investors'],seed funding,Unknown,False
2015-03-11,fitraq,Unknown,Unknown,Tarun Arora,Seed Funding,1.44,fitraq,['tarun arora'],seed funding,Unknown,False
2015-03-11,chargebee,Unknown,Unknown,"Tiger Global, Accel Partners",Private Equity,47.84,chargebee,"['tiger global', 'accel partners']",private equity,Unknown,False
2015-03-11,groupon india,Unknown,Unknown,Sequoia Capital,Private Equity,191.34,groupon india,['sequoia capital'],private equity,Unknown,False
2015-03-12,process 9,Unknown,Unknown,"IAN Ventures, Alok Sharma, Kris Gopalakrishnan, Saurabh Srivastava, Ajai Chowdhry",Seed Funding,0.0,process 9,"['ian ventures', 'alok sharma', 'kris gopalakrishnan', 'saurabh srivastava', 'ajai chowdhry']",seed funding,Unknown,False
2015-03-12,moonfrog labs,Unknown,Unknown,"Tiger Global, Sequoia Capital.",Private Equity,143.5,moonfrog labs,"['tiger global', 'sequoia capital.']",private equity,Unknown,False
2015-03-13,foodpanda,Unknown,Unknown,Rocket Internet AG & others,Private Equity,1052.37,foodpanda,['rocket internet ag & others'],private equity,Unknown,False
2015-03-13,paytm,Unknown,Unknown,Ratan Tata,Private Equity,0.0,paytm,['ratan tata'],private equity,Unknown,False
2015-03-13,diabetomics,Unknown,Unknown,"VentureEast,\\xc2\\xa0 Varaprasad Reddy",Private Equity,47.84,diabetomics,"['ventureeast', 'varaprasad reddy']",private equity,Unknown,False
2015-03-13,qyk,Unknown,Unknown,"Powai Lake Ventures, Zishan Hayath, Abhishek Goyal, Sahil Barua",Seed Funding,0.0,qyk,"['powai lake ventures', 'zishan hayath', 'abhishek goyal', 'sahil barua']",seed funding,Unknown,False
2015-03-14,daily rounds,Unknown,Unknown,"Kae Capital, GSF, Teruhide Sato",Seed Funding,4.78,dailyrounds,"['kae capital', 'gsf', 'teruhide sato']",seed funding,Unknown,False
2015-03-14,orobind,Unknown,Unknown,"Zishaan Hayath, Lalit Mangal, Harpreet Singh Grover",Seed Funding,1.91,orobind,"['zishaan hayath', 'lalit mangal', 'harpreet singh grover']",seed funding,Unknown,False
2015-03-14,routofy,Unknown,Unknown,"Kunal Bahl, Rohit Bansal",Seed Funding,0.0,routofy,"['kunal bahl', 'rohit bansal']",seed funding,Unknown,False
2015-03-16,digital gorkha,Unknown,Unknown,Ramesh kavediya,Seed Funding,1.59,digital gorkha,['ramesh kavediya'],seed funding,Unknown,False
2015-03-16,nestaway,Unknown,Unknown,"IDG Ventures, Naveen Tewari",Seed Funding,12.44,nestaway,"['idg ventures', 'naveen tewari']",seed funding,Unknown,False
2015-03-16,the better india,Unknown,Unknown,I-cube-N,Seed Funding,1.59,thebetterindia,['i-cube-n'],seed funding,Unknown,False
2015-03-16,meru cabs,Unknown,Unknown,Value Fund Advisors,Private Equity,478.35,meru cabs,['value fund advisors'],private equity,Unknown,False
2015-03-17,golflan,Unknown,Unknown,YourNest Angel Fund,Seed Funding,0.0,golflan,['yournest angel fund'],seed funding,Unknown,False
2015-03-18,drivestream,Unknown,Unknown,Wipro,Private Equity,47.84,drivestream,['wipro'],private equity,Unknown,False
2015-03-18,wwhere,Unknown,Unknown,Group of Angel Investors,Seed Funding,1.91,wwhere,['group of angel investors'],seed funding,Unknown,False
2015-03-18,gojavas,Unknown,Unknown,Snapdeal,Private Equity,0.0,gojavas,['snapdeal'],private equity,Unknown,False
2015-03-19,tripoto,Unknown,Unknown,"IDG Ventures, Outbox Ventures",Private Equity,19.13,tripoto,"['idg ventures', 'outbox ventures']",private equity,Unknown,False
2015-03-19,graphic india,Unknown,Unknown,"CA Media LP,\\xc2\\xa0 Start Media.",Seed Funding,26.79,graphic india,"['ca media lp', 'start media.']",seed funding,Unknown,False
2015-03-20,harness handitouch,Unknown,Unknown,Armat Group,Private Equity,0.0,harness handitouch,['armat group'],private equity,Unknown,False
2015-03-20,lets corp,Unknown,Unknown,Wu Chay Chin,Seed Funding,28.7,lets corp,['wu chay chin'],seed funding,Unknown,False
2015-03-20,collatebox,Unknown,Unknown,LetsVenture,Seed Funding,1.72,collatebox,['letsventure'],seed funding,Unknown,False
2015-03-20,mahindra first choice,Unknown,Unknown,Valiant Capital,Private Equity,143.5,mahindra first choice,['valiant capital'],private equity,Unknown,False
2015-03-21,round one,Unknown,Unknown,"HT Media, Arun Duggal",Seed Funding,0.0,round one,"['ht media', 'arun duggal']",seed funding,Unknown,False
2015-03-23,razorpay,Unknown,Unknown,Y Combinator,Seed Funding,1.15,razorpay,['y combinator'],seed funding,Unknown,False
2015-03-23,mosambee,Unknown,Unknown,RVCF and SIDBI,Private Equity,0.0,mosambee,"['rvcf', 'sidbi']",private equity,Unknown,False
2015-03-24,furlenco,Unknown,Unknown,LightBox Ventures,Private Equity,57.4,furlenco,['lightbox ventures'],private equity,Unknown,False
2015-03-24,cubito,Unknown,Unknown,Sol Primero,Seed Funding,1.53,cubito,['sol primero'],seed funding,Unknown,False
2015-03-25,teabox,Unknown,Unknown,"JAFCO Asia, Keystone Group, Dragoneer Investment, Accel Partners",Private Equity,57.4,teabox,"['jafco asia', 'keystone group', 'dragoneer investment', 'accel partners']",private equity,Unknown,False
2015-03-25,artoo,Unknown,Unknown,"Accion Venture Labs, Rianta Capital",Private Equity,4.78,artoo,"['accion venture labs', 'rianta capital']",private equity,Unknown,False
2015-03-25,fxkart,Unknown,Unknown,"Dr Mushtaq Shah, Dr Faraz Naqvi",Seed Funding,19.13,fxkart,"['dr mushtaq shah', 'dr faraz naqvi']",seed funding,Unknown,False
2015-03-25,rozgar mela,Unknown,Unknown,"Impact Investment Holding, Upaya Social Ventures",Seed Funding,0.0,rozgar mela,"['impact investment holding', 'upaya social ventures']",seed funding,Unknown,False
2015-03-25,oyo rooms,Unknown,Unknown,"Greenoaks capital, Sequoia Capital, LightSpeed Ventures",Private Equity,239.18,oyorooms,"['greenoaks capital', 'sequoia capital', 'lightspeed ventures']",private equity,Unknown,False
2015-03-26,roposo,Unknown,Unknown,"Tiger Global Management, Indian Quotient, Binny Bansal",Private Equity,47.84,roposo,"['tiger global management', 'indian quotient', 'binny bansal']",private equity,Unknown,False
2015-03-26,teewe,Unknown,Unknown,"Sequoia Capital, India Quotient",Seed Funding,16.74,teewe,"['sequoia capital', 'india quotient']",seed funding,Unknown,False
2015-03-26,epoise,Unknown,Unknown,Undisclosed,Seed Funding,0.0,epoise,['undisclosed'],seed funding,Unknown,False
2015-03-27,urjas,Unknown,Unknown,Solidarity Venture Capital & others,Seed Funding,0.96,urjas,['solidarity venture capital & others'],seed funding,Unknown,False
2015-03-27,chargein,Unknown,Unknown,Pittie Group,Seed Funding,0.96,chargein,['pittie group'],seed funding,Unknown,False
2015-03-28,yogurt labs,Unknown,Unknown,"Nick Adams, Kiran Bhat, Family Pot Investments LLP",Seed Funding,1.1,yogurt labs,"['nick adams', 'kiran bhat', 'family pot investments llp']",seed funding,Unknown,False
2015-03-28,limeroad,Unknown,Unknown,"Tiger Global, Matrix Partners, Lightspeed Venture Partners",Private Equity,287.01,limeroad,"['tiger global', 'matrix partners', 'lightspeed venture partners']",private equity,Unknown,False
2015-03-28,team indus,Unknown,Unknown,"Nandan Nilekani, Rajiv Mody, Ajai Chowdhary",Private Equity,14.35,team indus,"['nandan nilekani', 'rajiv mody', 'ajai chowdhary']",private equity,Unknown,False
2015-03-30,arohan financial services,Unknown,Unknown,Tano Capital,Private Equity,95.67,arohan financial services,['tano capital'],private equity,Unknown,False
2015-03-30,billdesk,Unknown,Unknown,TA Associates,Private Equity,717.52,billdesk,['ta associates'],private equity,Unknown,False
2015-03-31,triphobo,Unknown,Unknown,"Mayfield Ventures, Kalaari Capital",Private Equity,28.7,triphobo,"['mayfield ventures', 'kalaari capital']",private equity,Unknown,False
2015-03-31,aryaka,Unknown,Unknown,"Trinity Ventures, InterWest Partners, Mohr Davidow Ventures, Presidio Ventures",Private Equity,153.07,aryaka,"['trinity ventures', 'interwest partners', 'mohr davidow ventures', 'presidio ventures']",private equity,Unknown,False
2015-03-31,appsdaily,Unknown,Unknown,"Zodius Capital, Ru-Net, Kalaari Capital,\\xc2\\xa0 Qualcomm Ventures",Private Equity,153.07,appdaily,"['zodius capital', 'ru-net', 'kalaari capital', 'qualcomm ventures']",private equity,Unknown,False
2015-02-02,faaya,Unknown,Unknown,Group of Angel Investors,Seed\\nFunding,0.16,faaya,['group of angel investors'],seed funding,Unknown,False
2015-02-02,instabounce,Unknown,Unknown,Group of Angel Investors,Seed\\nFunding,0.16,instabounce,['group of angel investors'],seed funding,Unknown,False
2015-02-02,chloroplast foods,Unknown,Unknown,Group of Angel Investors,Seed\\nFunding,0.16,chloroplast foods,['group of angel investors'],seed funding,Unknown,False
2015-02-02,dealwithus,Unknown,Unknown,Group of Angel Investors,Seed\\nFunding,0.16,dealwithus,['group of angel investors'],seed funding,Unknown,False
2015-02-02,cleversharks,Unknown,Unknown,Group of Angel Investors,Seed\\nFunding,0.16,cleversharks,['group of angel investors'],seed funding,Unknown,False
2015-02-02,leaf,Unknown,Unknown,Group of Angel Investors,Seed\\nFunding,0.16,leaf,['group of angel investors'],seed funding,Unknown,False
2015-02-02,smartpocket,Unknown,Unknown,"Sol Primero, Rajiv Mehta",Seed\\nFunding,2.39,smartpocket,"['sol primero', 'rajiv mehta']",seed funding,Unknown,False
2015-02-02,yumist,Unknown,Unknown,Orios Venture Partner,Private Equity,9.57,yumist,['orios venture partner'],private equity,Unknown,False
2015-02-02,nowfloats,Unknown,Unknown,Omidyar Network,Private Equity,0.0,nowfloats,['omidyar network'],private equity,Unknown,False
2015-02-02,firstcry,Unknown,Unknown,Valiant Capital Partners,Private Equity,248.74,firstcry,['valiant capital partners'],private equity,Unknown,False
2015-02-02,holachef,Unknown,Unknown,India Quotient,Seed\\nFunding,3.11,holachef,['india quotient'],seed funding,Unknown,False
2015-02-03,frsh,Unknown,Unknown,"India Quotient, Kae Capital",Seed\\nFunding,4.96,frsh,"['india quotient', 'kae capital']",seed funding,Unknown,False
2015-02-03,manthan,Unknown,Unknown,"Temasek, Norwest Venture Partners",Private Equity,574.02,manthan,"['temasek', 'norwest venture partners']",private equity,Unknown,False
2015-02-05,kobster,Unknown,Unknown,Splice Advisors,Seed\\nFunding,0.0,kobster,['splice advisors'],seed funding,Unknown,False
2015-02-05,culture machine,Unknown,Unknown,"Tiger Global, Times Internet, Zodius Capital",Private Equity,172.21,culture machine,"['tiger global', 'times internet', 'zodius capital']",private equity,Unknown,False
2015-02-05,paytm,Unknown,Unknown,Ant Financial Services (Alipay),Private Equity,0.0,paytm,['ant financial services (alipay)'],private equity,Unknown,False
2015-02-05,aisle,Unknown,Unknown,"Anand Vijay, Shashank Mehrotra & Others",Seed\\nFunding,0.96,aisle,"['anand vijay', 'shashank mehrotra & others']",seed funding,Unknown,False
2015-02-06,freecharge,Unknown,Unknown,"Valiant Capital, Tybourne Capital, Sequoia Capital, RuNet and Sofina",Private Equity,765.36,freecharge,"['valiant capital', 'tybourne capital', 'sequoia capital', 'runet', 'sofina']",private equity,Unknown,False
2015-02-06,newshunt,Unknown,Unknown,"Falcon Edge Capital, Matrix Partners India, Sequoia Capital India and Omidyar Network",Private Equity,382.68,newshunt,"['falcon edge capital', 'matrix partners india', 'sequoia capital india', 'omidyar network']",private equity,Unknown,False
2015-02-09,mynoticeperiod,Unknown,Unknown,IDG Ventures,Private Equity,28.7,mynoticeperiod,['idg ventures'],private equity,Unknown,False
2015-02-09,cardekho,Unknown,Unknown,Ratan Tata,Private Equity,0.0,cardekho,['ratan tata'],private equity,Unknown,False
2015-02-09,faasos,Unknown,Unknown,Lightbox Ventures,Private Equity,191.34,faasos,['lightbox ventures'],private equity,Unknown,False
2015-02-10,cartrade,Unknown,Unknown,Chip Perry,Private Equity,0.0,cartrade,['chip perry'],private equity,Unknown,False
2015-02-10,storeking,Unknown,Unknown,Mangrove Capital Partners,Private Equity,0.0,storeking,['mangrove capital partners'],private equity,Unknown,False
2015-02-11,capital float,Unknown,Unknown,"SAIF Partners, Sequoia Capital, Aspada",Private Equity,124.37,capital float,"['saif partners', 'sequoia capital', 'aspada']",private equity,Unknown,False
2015-02-11,nimble wireless,Unknown,Unknown,AngelPrime,Seed\\nFunding,28.7,nimble wireless,['angelprime'],seed funding,Unknown,False
2015-02-11,townscript,Unknown,Unknown,Group of Angel Investors,Seed\\nFunding,0.0,townscript,['group of angel investors'],seed funding,Unknown,False
2015-02-11,findyahan,Unknown,Unknown,"Karan Bajwa, Parvesh Bareja , Sunjay Kapur, Amanpreet Bajaj",Seed\\nFunding,0.0,findyahan,"['karan bajwa', 'parvesh bareja ', 'sunjay kapur', 'amanpreet bajaj']",seed funding,Unknown,False
2015-02-12,stayzilla,Unknown,Unknown,"Nexus Venture Partners, Matrix Partners",Private Equity,191.34,stayzilla,"['nexus venture partners', 'matrix partners']",private equity,Unknown,False
2015-02-12,practo,Unknown,Unknown,"Sequoia Capital, Matrix Partners",Private Equity,287.01,practo,"['sequoia capital', 'matrix partners']",private equity,Unknown,False
2015-02-13,cimplyfive,Unknown,Unknown,"Suresh Senapaty, TV Mohandas Pai",Seed\\nFunding,0.0,cimplyfive,"['suresh senapaty', 'tv mohandas pai']",seed funding,Unknown,False
2015-02-13,20dresses,Unknown,Unknown,"Srinivas Aluri, Srinivas Modukury, BS Nagesh",Seed\\nFunding,9.57,20dresses,"['srinivas aluri', 'srinivas modukury', 'bs nagesh']",seed funding,Unknown,False
2015-02-13,itzcash,Unknown,Unknown,Ashok Goel (promoter),Private Equity,157.86,itzcash,['ashok goel (promoter)'],private equity,Unknown,False
2015-02-16,newsinshorts,Unknown,Unknown,"Tiger Global, Rebright Partners, Sachin and Binny Bansal",Private Equity,39.7,newsinshorts,"['tiger global', 'rebright partners', 'sachin', 'binny bansal']",private equity,Unknown,False
2015-02-16,itraveller,Unknown,Unknown,ah! Ventures,Private Equity,9.57,itraveller,['ah! ventures'],private equity,Unknown,False
2015-02-17,nextgen,Unknown,Unknown,Mumbai Angels & Group of other investors,Seed\\nFunding,0.0,nxtgen,['mumbai angels & group of other investors'],seed funding,Unknown,False
2015-02-18,wooplr,Unknown,Unknown,Helion Venture Partners,Private Equity,47.84,wooplr,['helion venture partners'],private equity,Unknown,False
2015-05-19,springleap,Unknown,Unknown,Cross Border Angels,Seed\\nFunding,7.65,springleap,['cross border angels'],seed funding,Unknown,False
2015-02-20,klip,Unknown,Unknown,"Calcutta Angels, Venture Nursery Angels Mumbai Angels",Seed\\nFunding,4.78,klip,"['calcutta angels', 'venture nursery angels mumbai angels']",seed funding,Unknown,False
2015-02-20,renderlogy,Unknown,Unknown,Brick Eagle,Private Equity,15.31,renderlogy,['brick eagle'],private equity,Unknown,False
2015-02-21,appbase,Unknown,Unknown,"DA-IICT, Techstars, Carnegie Mellon University, Startup Brasil program",Seed\\nFunding,2.77,appbase,"['da-iict', 'techstars', 'carnegie mellon university', 'startup brasil program']",seed funding,Unknown,False
2015-02-23,homelane,Unknown,Unknown,"Sequoia Capital, Ranjan Pai, Mohandas Pai & others",Private Equity,43.05,homelane,"['sequoia capital', 'ranjan pai', 'mohandas pai & others']",private equity,Unknown,False
2015-02-23,trip38,Unknown,Unknown,"InterGlobe Technology Quotient, Lantern Capital",Private Equity,9.57,trip38,"['interglobe technology quotient', 'lantern capital']",private equity,Unknown,False
2015-02-23,smartairtrip,Unknown,Unknown,Undisclosed,Private Equity,95.67,smartairtrip,['undisclosed'],private equity,Unknown,False
2015-02-23,nobroker,Unknown,Unknown,"SAIF Partners, Fulcrum Ventures",Private Equity,28.7,nobroker,"['saif partners', 'fulcrum ventures']",private equity,Unknown,False
2015-02-24,caravan craft retail,Unknown,Unknown,"Unitus Seed Fund\\nNarayan Ramachandran, Bijou Kurien",Seed\\nFunding,4.78,caravan craft retail,"['unitus seed fund', 'narayan ramachandran', 'bijou kurien']",seed funding,Unknown,False
2015-02-25,squadrun,Unknown,Unknown,"Amit Ranjan, Deepinder Goyal, Zishaan Hayath, Powai Lake Ventures",Seed\\nFunding,0.0,squadrun,"['amit ranjan', 'deepinder goyal', 'zishaan hayath', 'powai lake ventures']",seed funding,Unknown,False
2015-02-25,clonect solutions,Unknown,Unknown,"V Balakrishnan, T V Mohandas Pai, BC Prabhakar",Seed\\nFunding,2.39,clonect solutions,"['v balakrishnan', 't v mohandas pai', 'bc prabhakar']",seed funding,Unknown,False
2015-02-25,taxsutra,Unknown,Unknown,"V Balakrishnan, T V Mohandas Pai",Seed\\nFunding,1.53,taxsutra,"['v balakrishnan', 't v mohandas pai']",seed funding,Unknown,False
2015-02-25,peppertap,Unknown,Unknown,Sequoia Capital,Seed\\nFunding,0.0,peppertap,['sequoia capital'],seed funding,Unknown,False
2015-02-25,sattviko,Unknown,Unknown,"Sumit Jain, Rajat Jain, Sanjay Bhasin",Seed\\nFunding,3.06,sattviko,"['sumit jain', 'rajat jain', 'sanjay bhasin']",seed funding,Unknown,False
2015-02-25,industrybuying,Unknown,Unknown,SAIF Partners,Private Equity,19.13,industrybuying,['saif partners'],private equity,Unknown,False
2015-02-26,freshworld,Unknown,Unknown,"Kris Gopalakrishnan, Nagaraja Prakasam",Seed\\nFunding,0.0,freshworld,"['kris gopalakrishnan', 'nagaraja prakasam']",seed funding,Unknown,False
2015-02-26,tinyowl,Unknown,Unknown,"Matrix Partners, Sequoia Capital, Nexus Venture Partners",Private Equity,153.07,tinyowl,"['matrix partners', 'sequoia capital', 'nexus venture partners']",private equity,Unknown,False
2015-02-27,momoe,Unknown,Unknown,"IDG Ventures India, Jungle Ventures, India Quotient.",Seed\\nFunding,11.48,momoe,"['idg ventures india', 'jungle ventures', 'india quotient.']",seed funding,Unknown,False
2015-02-27,grofers,Unknown,Unknown,"Tiger Global Management, Sequoia Capital India",Private Equity,95.67,grofers,"['tiger global management', 'sequoia capital india']",private equity,Unknown,False
2015-01-02,lenskart,Unknown,Unknown,"TPG Growth, TR Capital, IDG Ventures",Private Equity,20.57,lenskart,"['tpg growth', 'tr capital', 'idg ventures']",private equity,Unknown,False
2015-01-02,violetstreet,Unknown,Unknown,"Venkat Vallabhneni, Sudhakar Reddy, Srinivasa Rao Paturi",Seed\\nFunding,3.01,violetstreet,"['venkat vallabhneni', 'sudhakar reddy', 'srinivasa rao paturi']",seed funding,Unknown,False
2015-01-05,lookup,Unknown,Unknown,"DeNA Co., Japan & Teruhide Sato (in Addition to MKS Switzerland & Kris GopalKrishnan)",Seed\\nFunding,3.64,lookup,"['dena co.', 'japan & teruhide sato (in addition to mks switzerland & kris gopalkrishnan)']",seed funding,Unknown,False
2015-01-05,#fame,Unknown,Unknown,TO THE NEW Ventures,Private Equity,95.67,#fame,['to the new ventures'],private equity,Unknown,False
2015-01-05,gympik,Unknown,Unknown,"Tom Clausen, Rohan Ajila, Haldyn Glass",Seed Funding,1.29,gympik,"['tom clausen', 'rohan ajila', 'haldyn glass']",seed funding,Unknown,False
2015-01-06,near,Unknown,Unknown,"Anupam Mittal, Manish Vij, Prashant Tandon, Gaurav Agarwal, Akash Agarwal, Himanshu Aggarwal, Kevin Parikh",Seed Funding,2.73,near,"['anupam mittal', 'manish vij', 'prashant tandon', 'gaurav agarwal', 'akash agarwal', 'himanshu aggarwal', 'kevin parikh']",seed funding,Unknown,False
2015-01-06,purplle,Unknown,Unknown,IvyCap Ventures,Private Equity,0.0,purplle,['ivycap ventures'],private equity,Unknown,False
2015-01-06,numbermall,Unknown,Unknown,SRI Capital,Private Equity,95.67,numbermall,['sri capital'],private equity,Unknown,False
2015-01-06,tookitaki,Unknown,Unknown,"Jungle Ventures, Redbright Partners, Blume Ventures",Private\\nEquity,9.57,tookitaki,"['jungle ventures', 'redbright partners', 'blume ventures']",private equity,Unknown,False
2015-01-06,frankly,Unknown,Unknown,Matrix Partners,Seed Funding,5.74,frankly,['matrix partners'],seed funding,Unknown,False
2015-01-07,faircent,Unknown,Unknown,"Devesh Sachdev, Ashish Tiwari",Seed Funding,0.0,faircent,"['devesh sachdev', 'ashish tiwari']",seed funding,Unknown,False
2015-01-07,nurturey,Unknown,Unknown,Seedrs Crowd funding platform,Crowd funding,1.2,nurturey,['seedrs crowd funding platform'],crowd funding,Unknown,False
2015-01-07,bewakoof,Unknown,Unknown,"Rohit Bansal, Kunal Bahl, Nikhil Vora",Seed Funding,0.0,bewakoof,"['rohit bansal', 'kunal bahl', 'nikhil vora']",seed funding,Unknown,False
2015-01-07,stridalyzer,Unknown,Unknown,Kickstarter,Crowd Funding,0.29,stridalyzer,['kickstarter'],crowd funding,Unknown,False
2015-01-07,commonfloor,Unknown,Unknown,Google Capital,Private Equity,47.84,commonfloor,['google capital'],private equity,Unknown,False
2015-01-09,sokrati,Unknown,Unknown,"IvyCap Ventures, Inventus Capital",Private Equity,0.0,sokrati,"['ivycap ventures', 'inventus capital']",private equity,Unknown,False
2015-01-09,yepme,Unknown,Unknown,"JS Capital, Helion Venture Partners, Capricorn Investment Group",Private Equity,124.37,yepme,"['js capital', 'helion venture partners', 'capricorn investment group']",private equity,Unknown,False
2015-01-09,tapcibo,Unknown,Unknown,Alok Goel,Seed Funding,0.0,tapcibo,['alok goel'],seed funding,Unknown,False
2015-01-12,verayu,Unknown,Unknown,"GWB Group, Blume Ventures",Private Equity,0.0,verayu,"['gwb group', 'blume ventures']",private equity,Unknown,False
2015-01-12,mydreamstore,Unknown,Unknown,Undisclosed Investors,Seed Funding,2.77,mydreamstore,['undisclosed investors'],seed funding,Unknown,False
2015-01-13,appvirality,Unknown,Unknown,"Rajan Anandan, Mike Galgon, Ashim Mehra, Mohit Saxena, Ravi Gururaj, TNN Capital & IIG",Seed Funding,0.0,appvirality,"['rajan anandan', 'mike galgon', 'ashim mehra', 'mohit saxena', 'ravi gururaj', 'tnn capital & iig']",seed funding,Unknown,False
2015-01-14,rategain,Unknown,Unknown,TA Associates,Private Equity,478.35,rategain,['ta associates'],private equity,Unknown,False
2015-01-15,wishberry,Unknown,Unknown,"Rajan Anandan, Shankar Mahadevan, Deep Kalra & Others",Seed Funding,6.22,wishberry,"['rajan anandan', 'shankar mahadevan', 'deep kalra & others']",seed funding,Unknown,False
2015-01-16,ekincare,Unknown,Unknown,Adroitent Pvt. Ltd.,Seed Funding,1.54,ekincare,['adroitent pvt. ltd.'],seed funding,Unknown,False
2015-01-18,shopclues,Unknown,Unknown,Tiger Global & Other investors,Private Equity,956.7,shopclues,['tiger global & other investors'],private equity,Unknown,False
2015-01-19,refiral,Unknown,Unknown,Cogent E Services,Seed Funding,3.16,refiral,['cogent e services'],seed funding,Unknown,False
2015-01-19,ping digital,Unknown,Unknown,Consortium of Angel Investors,Seed Funding,0.0,ping digital,['consortium of angel investors'],seed funding,Unknown,False
2015-01-19,healthyworld,Unknown,Unknown,Group of Angel Investors,Seed Funding,1.91,healthyworld,['group of angel investors'],seed funding,Unknown,False
2015-01-19,hostel dunia,Unknown,Unknown,Hyderabad Angels (at Startup Heroes event),Seed Funding,0.15,hostel dunia,['hyderabad angels (at startup heroes event)'],seed funding,Unknown,False
2015-01-19,play your sport,Unknown,Unknown,Hyderabad Angels (at Startup Heroes event),Seed Funding,0.15,play your sport,['hyderabad angels (at startup heroes event)'],seed funding,Unknown,False
2015-01-19,yo grad,Unknown,Unknown,Hyderabad Angels (at Startup Heroes event),Seed Funding,0.15,yo grad,['hyderabad angels (at startup heroes event)'],seed funding,Unknown,False
2015-01-19,enabli,Unknown,Unknown,Hyderabad Angels (at Startup Heroes event),Seed Funding,0.15,enabli,['hyderabad angels (at startup heroes event)'],seed funding,Unknown,False
2015-01-19,cbs,Unknown,Unknown,Hyderabad Angels (at Startup Heroes event),Seed Funding,0.15,cbs,['hyderabad angels (at startup heroes event)'],seed funding,Unknown,False
2015-01-20,hopscotch,Unknown,Unknown,Eduardo Saverin & Velos Capital,Private Equity,105.24,hopscotch,['eduardo saverin & velos capital'],private equity,Unknown,False
2015-01-20,amagi media labs,Unknown,Unknown,Premji Invest & Mayfield Fund,Private Equity,0.0,amagi media labs,['premji invest & mayfield fund'],private equity,Unknown,False
2015-01-20,healthyworld,Unknown,Unknown,Group of Angel Investors,Seed Funding,1.91,healthyworld,['group of angel investors'],seed funding,Unknown,False
2015-01-21,simplilearn,Unknown,Unknown,"Mayfield India, Kalaari Capital, Helion Ventures",Private Equity,141.11,simplilearn,"['mayfield india', 'kalaari capital', 'helion ventures']",private equity,Unknown,False
2015-01-21,mydreamstore,Unknown,Unknown,Undisclosed Investors,Seed Funding,3.11,mydreamstore,['undisclosed investors'],seed funding,Unknown,False
2015-05-21,knit,Unknown,Unknown,"Rohit Jain, Amit Rambhia & Others",Seed Funding,0.0,knit,"['rohit jain', 'amit rambhia & others']",seed funding,Unknown,False
2015-05-21,villgro,Unknown,Unknown,Michael & Susan Dell Foundation,Seed Funding,31.09,villgro,['michael & susan dell foundation'],seed funding,Unknown,False
2015-01-22,corporate360,Unknown,Unknown,Group of Angel Investors,Seed Funding,1.91,corporate360,['group of angel investors'],seed funding,Unknown,False
2015-01-22,freshmonk,Unknown,Unknown,"August Capital Partners, Michael Blakey",Seed Funding,0.0,freshmonk,"['august capital partners', 'michael blakey']",seed funding,Unknown,False
2015-01-22,englishleap,Unknown,Unknown,ANALEC,Private Equity,0.0,englishleap,['analec'],private equity,Unknown,False
2015-01-22,antuit,Unknown,Unknown,"Goldman Sachs, Zodius Capital",Private Equity,535.75,antuit,"['goldman sachs', 'zodius capital']",private equity,Unknown,False
2015-01-22,caratlane,Unknown,Unknown,Tiger Global,Private Equity,296.58,caratlane,['tiger global'],private equity,Unknown,False
2015-01-24,aasaanjobs,Unknown,Unknown,"Inventus Capital Partners, IDG Ventures",Seed Funding,14.35,aasaanjobs,"['inventus capital partners', 'idg ventures']",seed funding,Unknown,False
2015-01-24,impartus,Unknown,Unknown,Kaizen Private Equity,Private Equity,0.0,impartus,['kaizen private equity'],private equity,Unknown,False
2015-01-25,thrill app,Unknown,Unknown,People Group (Shaadi.com),Private Equity,9.57,thrill app,['people group (shaadi.com)'],private equity,Unknown,False
2015-01-27,cardekho,Unknown,Unknown,"Hillhouse Capital, Tybourne Capital",Private Equity,478.35,cardekho,"['hillhouse capital', 'tybourne capital']",private equity,Unknown,False
2015-01-28,grabhouse,Unknown,Unknown,"Kalaari Capital, Sequoia Capital",Private Equity,23.92,grabhouse,"['kalaari capital', 'sequoia capital']",private equity,Unknown,False
2015-01-29,printvenue,Unknown,Unknown,Asia Pacific Internet Group,Private Equity,43.05,printvenue,['asia pacific internet group'],private equity,Unknown,False
2015-01-29,graphene,Unknown,Unknown,KARSEMVEN Fund,Private Equity,7.89,graphene,['karsemven fund'],private equity,Unknown,False
2015-01-30,mad street den,Unknown,Unknown,"Exfinity Fund, GrowX Ventures.",Private Equity,14.35,mad street den,"['exfinity fund', 'growx ventures.']",private equity,Unknown,False
2015-01-30,simplotel,Unknown,Unknown,MakeMyTrip,Private Equity,0.0,simplotel,['makemytrip'],private equity,Unknown,False
2015-01-31,couponmachine,Unknown,Unknown,UK based Group of Angel Investors,Seed Funding,1.34,couponmachine,['uk based group of angel investors'],seed funding,Unknown,False
